{
"type": "FeatureCollection",
"name": "Planning_Districts",
"crs": { "type": "name", "properties": { "name": "urn:ogc:def:crs:OGC:1.3:CRS84" } },
"features": [
{ "type": "Feature", "properties": { "objectid": 1, "dist_name": "River Wards", "abbrev": "RW", "Shape__Area": 33389466.39453125, "Shape__Length": 26635.524113213312 }, "geometry": { "type": "Polygon", "coordinates": [ [ [ -75.097982011590304, 40.004959280412599 ], [ -75.096869348457602, 40.005570433276901 ], [ -75.096349769128494, 40.005860991276897 ], [ -75.094852543438904, 40.006687231356402 ], [ -75.094107023884206, 40.007105746020599 ], [ -75.093595300382901, 40.007385520824002 ], [ -75.092583562772006, 40.007938654624702 ], [ -75.092378595285297, 40.0077147698928 ], [ -75.0922158316355, 40.0075194776675 ], [ -75.092115649015795, 40.007232391146196 ], [ -75.092157656384202, 40.006996478413903 ], [ -75.092323092520402, 40.006788624143297 ], [ -75.092539534032397, 40.006617230409503 ], [ -75.092758733732794, 40.006375338161497 ], [ -75.092853122942003, 40.006140637644002 ], [ -75.092886555342304, 40.005982733504297 ], [ -75.092909405384404, 40.005874813612301 ], [ -75.092830783442594, 40.005706670675799 ], [ -75.092599737548994, 40.005414036283199 ], [ -75.092555715948606, 40.005374115027699 ], [ -75.092340235486901, 40.005178703608799 ], [ -75.092220947820195, 40.005044898875703 ], [ -75.092102843392297, 40.004880881706796 ], [ -75.091839697757905, 40.004738705449199 ], [ -75.091407488270505, 40.004562372867703 ], [ -75.090979265516793, 40.004451653465701 ], [ -75.0908498270623, 40.004406872445202 ], [ -75.090339103387905, 40.004230178547999 ], [ -75.090153143291602, 40.004161961360097 ], [ -75.089976325837995, 40.0043235977111 ], [ -75.0897528067335, 40.0045234341476 ], [ -75.0895240353764, 40.004719460512703 ], [ -75.089287756283696, 40.004909494447901 ], [ -75.089036457670701, 40.005087471710397 ], [ -75.088771823287999, 40.005254975611201 ], [ -75.088508862726201, 40.0054239530891 ], [ -75.088257472879903, 40.005603407926202 ], [ -75.088005439499298, 40.005781968808499 ], [ -75.087735890376507, 40.005942750068002 ], [ -75.0874507480559, 40.006088447922998 ], [ -75.087156688447294, 40.0062244223992 ], [ -75.087113237198494, 40.0062431544983 ], [ -75.0868580296316, 40.006353174861701 ], [ -75.086553300887999, 40.006472980804197 ], [ -75.086242883029499, 40.006584588765101 ], [ -75.085929707612706, 40.006690958156803 ], [ -75.085614158410493, 40.006793149374097 ], [ -75.085295715291196, 40.006890086196897 ], [ -75.084974364460294, 40.006980688835 ], [ -75.084650370892305, 40.007065283282898 ], [ -75.084324572366796, 40.007146019926303 ], [ -75.083997851110396, 40.007224781683703 ], [ -75.083671085805705, 40.007303451402002 ], [ -75.083345038573995, 40.007383656940398 ], [ -75.083090181456399, 40.007446751172701 ], [ -75.083019205637299, 40.007464322474902 ], [ -75.082693370791404, 40.0075449861571 ], [ -75.082367536342105, 40.007625648941797 ], [ -75.082041699947993, 40.007706310774701 ], [ -75.081715863915207, 40.007786972610099 ], [ -75.081554837018402, 40.007826834901998 ], [ -75.081390025973107, 40.007867632593502 ], [ -75.081064188392205, 40.007948292579499 ], [ -75.080738350072707, 40.008028950740503 ], [ -75.080412509773197, 40.0081096088498 ], [ -75.080086669870198, 40.008190266061497 ], [ -75.079760829228704, 40.008270921448201 ], [ -75.079434987777802, 40.008351576810497 ], [ -75.079109144382301, 40.008432231220702 ], [ -75.078783301383297, 40.0085128847333 ], [ -75.078457457610497, 40.008593537321303 ], [ -75.078449919008506, 40.008595403658497 ], [ -75.078131613063704, 40.008674188984401 ], [ -75.077805767742802, 40.008754839722698 ], [ -75.077479921612607, 40.008835490436503 ], [ -75.077154073573197, 40.008916139298002 ], [ -75.076828225930498, 40.008996787261999 ], [ -75.076515832599199, 40.009074104712901 ], [ -75.076502377513904, 40.009077434301197 ], [ -75.076176528287903, 40.009158081315803 ], [ -75.075850678323306, 40.009238726505401 ], [ -75.0755248275849, 40.0093193707701 ], [ -75.0751989760371, 40.009400015010399 ], [ -75.074873123750805, 40.009480657425499 ], [ -75.074547270690701, 40.009561298915898 ], [ -75.074275978881104, 40.009628437619398 ], [ -75.074221416821104, 40.009641940381698 ], [ -75.073895562213195, 40.009722580022299 ], [ -75.073569706831293, 40.009803218738199 ], [ -75.073243850640097, 40.0098838574295 ], [ -75.0729179925398, 40.009964494268502 ], [ -75.072592135971405, 40.010045131137403 ], [ -75.072375006591699, 40.010100082251199 ], [ -75.072266276323404, 40.010125766126599 ], [ -75.0719404170367, 40.010206401118502 ], [ -75.071709035988505, 40.010263655915303 ], [ -75.0716145570116, 40.010287034285398 ], [ -75.071288696212704, 40.010367666527401 ], [ -75.070962834604501, 40.010448298744798 ], [ -75.070636972257802, 40.010528929137102 ], [ -75.0705835187335, 40.010542155125897 ], [ -75.070311109137407, 40.0106095586045 ], [ -75.069985245207604, 40.010690188047299 ], [ -75.069659380539605, 40.010770815664998 ], [ -75.069510729085906, 40.010807595720998 ], [ -75.0693862722555, 40.010474329554697 ], [ -75.069291750383897, 40.010088785318104 ], [ -75.069049553468503, 40.009285286423001 ], [ -75.068885547301804, 40.008799210683001 ], [ -75.068834153339793, 40.008646887398001 ], [ -75.068510629973503, 40.007452486365601 ], [ -75.068348130265406, 40.006933435068298 ], [ -75.068124294162601, 40.006384722729102 ], [ -75.067660644858904, 40.005248098053201 ], [ -75.066616542885797, 40.005676576431298 ], [ -75.065936771522502, 40.005897779220497 ], [ -75.065516174118798, 40.005985571397801 ], [ -75.064678833945393, 40.006063614924997 ], [ -75.064080901657704, 40.006049627328998 ], [ -75.063248523021997, 40.006002256401601 ], [ -75.062957513112394, 40.006023339153998 ], [ -75.062664848431794, 40.006086221599297 ], [ -75.062425437744295, 40.006178243691899 ], [ -75.062160184484497, 40.006464913317899 ], [ -75.0618834304356, 40.006583953702901 ], [ -75.061608882460604, 40.0066472586348 ], [ -75.061231136097206, 40.006568678470103 ], [ -75.061052701207998, 40.006494766414903 ], [ -75.060840238917706, 40.006364269635398 ], [ -75.060234120281507, 40.0060990306145 ], [ -75.059380414731606, 40.005674571832699 ], [ -75.058381195586193, 40.005236577893498 ], [ -75.058203894099705, 40.005158858376099 ], [ -75.054357522154504, 40.003514963633897 ], [ -75.055163781686502, 40.002402608890101 ], [ -75.056029058441695, 40.000927532271703 ], [ -75.056936888845101, 39.999421631370197 ], [ -75.057805869080696, 39.997851178306398 ], [ -75.0584317482611, 39.996672729150603 ], [ -75.058820846802803, 39.9957273511463 ], [ -75.059398547967305, 39.9941977840666 ], [ -75.059786989217201, 39.993268295932999 ], [ -75.060083322410804, 39.992575274241602 ], [ -75.060532475808003, 39.9916790236555 ], [ -75.061114404899101, 39.990563165935903 ], [ -75.062615726074696, 39.988164351858899 ], [ -75.063185644413196, 39.987350462451801 ], [ -75.063948419662793, 39.986366092103701 ], [ -75.064466300283399, 39.985821419928797 ], [ -75.064980402311505, 39.985372106780801 ], [ -75.065143453163799, 39.985251055256498 ], [ -75.065811325139805, 39.984755210606998 ], [ -75.065878759365205, 39.984705941751699 ], [ -75.067817929625605, 39.983289083782999 ], [ -75.068089870015598, 39.983090381938602 ], [ -75.068880662604002, 39.982433662245398 ], [ -75.069394092436994, 39.982007270771597 ], [ -75.070139785020899, 39.9814519878041 ], [ -75.071201638750097, 39.980744997774899 ], [ -75.072239048846299, 39.980132876521097 ], [ -75.073233243652695, 39.979567463881502 ], [ -75.074498499530307, 39.978944730394403 ], [ -75.075824458615202, 39.978355213891398 ], [ -75.077230530276395, 39.977831181927797 ], [ -75.078299783174899, 39.977458374520197 ], [ -75.079261978184206, 39.977178514993497 ], [ -75.080306176951893, 39.976916464171502 ], [ -75.081496851305005, 39.976610086667598 ], [ -75.086392842050302, 39.975673891901003 ], [ -75.091347559852395, 39.974818394796699 ], [ -75.093470884180505, 39.974453958084297 ], [ -75.094017100286194, 39.974346503633903 ], [ -75.096075536444204, 39.973941533249999 ], [ -75.099182764172099, 39.973265672127397 ], [ -75.101354130203404, 39.972727212392101 ], [ -75.103173044108303, 39.972212397626699 ], [ -75.105078272131493, 39.971604096849802 ], [ -75.106756853814204, 39.970974635814997 ], [ -75.108453697978007, 39.970316895094797 ], [ -75.110514436309103, 39.969518049956001 ], [ -75.112888781312705, 39.968538619170602 ], [ -75.113000842264995, 39.968489844853501 ], [ -75.118824023160002, 39.965955119056098 ], [ -75.119450006372006, 39.965682610915003 ], [ -75.123368818222204, 39.963783887344299 ], [ -75.125930796539393, 39.962474062793603 ], [ -75.1277029094597, 39.965361879636703 ], [ -75.128700184613507, 39.966986907170998 ], [ -75.129517735748905, 39.966647093202099 ], [ -75.129770672804796, 39.966591945907901 ], [ -75.131785265027105, 39.965793767251803 ], [ -75.131984357138805, 39.965715082481502 ], [ -75.133690461025793, 39.965040778084003 ], [ -75.134001115722199, 39.964780075037503 ], [ -75.134350420940606, 39.9644869324339 ], [ -75.134417357275296, 39.964777444148602 ], [ -75.134417124543802, 39.965028525685597 ], [ -75.134416830741102, 39.965346003263399 ], [ -75.134412223507894, 39.966103421496001 ], [ -75.134421449276701, 39.9669203857325 ], [ -75.134422676835797, 39.967029042188202 ], [ -75.134425032807599, 39.967604032718498 ], [ -75.134430939608805, 39.968801024931501 ], [ -75.134436931018001, 39.970214252389503 ], [ -75.134438750681696, 39.970375020490302 ], [ -75.134422408071003, 39.970940866419703 ], [ -75.134410107646502, 39.971700961826997 ], [ -75.134401979683304, 39.972247100363099 ], [ -75.134298998184704, 39.972433016662997 ], [ -75.134249720210804, 39.972526243272299 ], [ -75.134061572784503, 39.972906451264201 ], [ -75.133769629001307, 39.973401986221198 ], [ -75.133375798581994, 39.974099280365998 ], [ -75.133148160795102, 39.974485079353897 ], [ -75.132969284174806, 39.974796135390498 ], [ -75.132672844897897, 39.975313939634198 ], [ -75.132624418110893, 39.975404658575798 ], [ -75.132202973605004, 39.976129038493802 ], [ -75.131814101956806, 39.9768139537587 ], [ -75.131358030595194, 39.977609166149499 ], [ -75.131240078407004, 39.977795426817401 ], [ -75.131169106901098, 39.9778796227098 ], [ -75.130451211747896, 39.978598231478401 ], [ -75.130922520806806, 39.978872805652898 ], [ -75.131778849088903, 39.979373858484998 ], [ -75.133031178039005, 39.9801013682766 ], [ -75.133192415708805, 39.980143817880801 ], [ -75.132881846069395, 39.981554933936501 ], [ -75.132883347027303, 39.981640724126201 ], [ -75.132547695932999, 39.9831760000664 ], [ -75.132520425831302, 39.983283228122403 ], [ -75.132210308651096, 39.984750666358998 ], [ -75.131909988556103, 39.986150515420398 ], [ -75.131909152278197, 39.986315771400101 ], [ -75.131356821733803, 39.986630613196198 ], [ -75.130796577591894, 39.986937179743698 ], [ -75.130223588704794, 39.98724584048 ], [ -75.129644273331493, 39.987555152343504 ], [ -75.128505967003605, 39.988182308671099 ], [ -75.127946245251096, 39.988485315657897 ], [ -75.127366046557697, 39.988801901834499 ], [ -75.126888673445094, 39.989073730466998 ], [ -75.126436991286099, 39.989320624665403 ], [ -75.125966099815699, 39.989573182454301 ], [ -75.125493541736006, 39.989845977894703 ], [ -75.125038469360604, 39.990093667798703 ], [ -75.124744211073306, 39.990253826912898 ], [ -75.124681178611596, 39.990288134345001 ], [ -75.124434398131001, 39.990422450547896 ], [ -75.123689552751998, 39.990845079612903 ], [ -75.122561598261498, 39.991437119447703 ], [ -75.121554443129497, 39.992009343314699 ], [ -75.120311761076707, 39.992681801351701 ], [ -75.119697016990699, 39.993025728676997 ], [ -75.118274824568104, 39.993813023696802 ], [ -75.118045645011506, 39.9939354672739 ], [ -75.115781478979699, 39.995176708081303 ], [ -75.114889916959299, 39.995659282996499 ], [ -75.114441102434697, 39.995912153589799 ], [ -75.1139995665485, 39.9961548260002 ], [ -75.113389892228298, 39.996502501882503 ], [ -75.113231571147296, 39.996588960188298 ], [ -75.112712847229105, 39.996869042389903 ], [ -75.112135686656103, 39.9971679697803 ], [ -75.111560691943396, 39.997484469219302 ], [ -75.110985527876693, 39.997810490410302 ], [ -75.110421417776394, 39.998133914866102 ], [ -75.1098504776119, 39.998445656289697 ], [ -75.109297028765894, 39.998754188735802 ], [ -75.108726040685198, 39.999041741804497 ], [ -75.108146872324895, 39.999366725572202 ], [ -75.107595651113002, 39.999671654947697 ], [ -75.106445529011594, 40.000331758850002 ], [ -75.105429151937003, 40.000882959773399 ], [ -75.104200709439098, 40.001534988256402 ], [ -75.103182665611101, 40.002105424619799 ], [ -75.103086461643898, 40.002159310211198 ], [ -75.1018130912678, 40.002872518073701 ], [ -75.100500027500502, 40.003588429294801 ], [ -75.099365175138402, 40.004212416819897 ], [ -75.097982011590304, 40.004959280412599 ] ] ] } },
{ "type": "Feature", "properties": { "objectid": 2, "dist_name": "North Delaware", "abbrev": "NDEL", "Shape__Area": 42853062.29296875, "Shape__Length": 35525.335311811235 }, "geometry": { "type": "Polygon", "coordinates": [ [ [ -74.981592703579196, 40.053633439001999 ], [ -74.981394117154807, 40.053601941105697 ], [ -74.981207192032002, 40.0536041139475 ], [ -74.981011857903894, 40.053599405977003 ], [ -74.980832797100007, 40.053621802145997 ], [ -74.980645328425197, 40.053637316628901 ], [ -74.980492857117099, 40.053646997585197 ], [ -74.980288568097805, 40.053648750335199 ], [ -74.980089030056703, 40.053640600079198 ], [ -74.979838287313498, 40.0536095125074 ], [ -74.979659244945694, 40.053525058418202 ], [ -74.979511813989504, 40.053411315700401 ], [ -74.979382154695003, 40.053287984189801 ], [ -74.979251952085306, 40.053177995980199 ], [ -74.979143043607607, 40.053078538414901 ], [ -74.979008773124505, 40.052961773061497 ], [ -74.978866093213597, 40.0528381277569 ], [ -74.978705098858597, 40.052737413320997 ], [ -74.978556852461296, 40.052643683120998 ], [ -74.9784045401653, 40.052543177693103 ], [ -74.978274628055502, 40.052454277654903 ], [ -74.974785860943598, 40.049324180049098 ], [ -74.975762614998402, 40.048158018053201 ], [ -74.976215735874206, 40.047707605461603 ], [ -74.976641675107302, 40.047415622706701 ], [ -74.977189739361606, 40.047174313482401 ], [ -74.978258037646796, 40.046866011999199 ], [ -74.979200299329804, 40.046602385917303 ], [ -74.979893754045804, 40.046348662689702 ], [ -74.980593040861805, 40.0459518950695 ], [ -74.981168892243502, 40.045536241513403 ], [ -74.981746684191506, 40.045072905938802 ], [ -74.982350331825302, 40.044482919047702 ], [ -74.983134951135895, 40.043515480276199 ], [ -74.983829709827901, 40.042720867463899 ], [ -74.984432025194707, 40.042162656972401 ], [ -74.984944490634206, 40.041777275410503 ], [ -74.985561637211305, 40.041362595343202 ], [ -74.986282164182001, 40.040950397874703 ], [ -74.987025303326803, 40.040491015853704 ], [ -74.987677319546094, 40.039990854975102 ], [ -74.987708985639898, 40.039966564137302 ], [ -74.992557137019404, 40.0357718004039 ], [ -74.997731571984801, 40.031171042341803 ], [ -74.998760693667407, 40.030288907009897 ], [ -74.999760741864606, 40.029612880076897 ], [ -75.000468958036095, 40.029200477550802 ], [ -75.000862852679802, 40.028971104779799 ], [ -75.006231600226201, 40.025679146553003 ], [ -75.009693755938898, 40.023470976656903 ], [ -75.010631577748697, 40.022793373993203 ], [ -75.012596261370803, 40.021281183739198 ], [ -75.013230947393396, 40.020885894577397 ], [ -75.013678728008699, 40.020607006614703 ], [ -75.014865809760295, 40.019903494418202 ], [ -75.016279612953298, 40.019221276715797 ], [ -75.018257905886003, 40.0183933877532 ], [ -75.019370742191995, 40.017990326594997 ], [ -75.020416438587006, 40.017712928027002 ], [ -75.021480241476098, 40.017499583144499 ], [ -75.022502698022606, 40.017285247319499 ], [ -75.023773194531898, 40.017076792110501 ], [ -75.026582886566402, 40.016666213669197 ], [ -75.0294547320199, 40.016286683817 ], [ -75.030971789142598, 40.016086165951201 ], [ -75.033054750237994, 40.015737760607699 ], [ -75.034784386119597, 40.015428689243997 ], [ -75.036582369971796, 40.014962123726797 ], [ -75.038485854790295, 40.014341074075503 ], [ -75.0391829318839, 40.014084953986199 ], [ -75.040380789856599, 40.013620067026302 ], [ -75.041665114283106, 40.0130617573706 ], [ -75.042636206131206, 40.012575590220898 ], [ -75.043189993648298, 40.012307566222098 ], [ -75.043599912142199, 40.012109167832399 ], [ -75.043733198683995, 40.012044657776201 ], [ -75.045952238323906, 40.010871994551799 ], [ -75.047009107333693, 40.010308270031302 ], [ -75.048025253657499, 40.009727668859803 ], [ -75.048832800832699, 40.009189877337597 ], [ -75.049940437426002, 40.0083886964361 ], [ -75.050922144090293, 40.007632268073202 ], [ -75.051712763691796, 40.0069986094664 ], [ -75.052357433289203, 40.006393333254998 ], [ -75.052666013695003, 40.006014947523198 ], [ -75.052879346878001, 40.005753351926799 ], [ -75.054222741758494, 40.003700909870098 ], [ -75.054357522154504, 40.003514963633897 ], [ -75.058203894099705, 40.005158858376099 ], [ -75.058381195586193, 40.005236577893498 ], [ -75.059380414731606, 40.005674571832699 ], [ -75.060234120281507, 40.0060990306145 ], [ -75.060840238917706, 40.006364269635398 ], [ -75.061052701207998, 40.006494766414903 ], [ -75.061231136097206, 40.006568678470103 ], [ -75.061608882460604, 40.0066472586348 ], [ -75.0618834304356, 40.006583953702901 ], [ -75.062160184484497, 40.006464913317899 ], [ -75.062425437744295, 40.006178243691899 ], [ -75.062664848431794, 40.006086221599297 ], [ -75.062957513112394, 40.006023339153998 ], [ -75.063248523021997, 40.006002256401601 ], [ -75.064080901657704, 40.006049627328998 ], [ -75.064678833945393, 40.006063614924997 ], [ -75.065516174118798, 40.005985571397801 ], [ -75.065936771522502, 40.005897779220497 ], [ -75.066616542885797, 40.005676576431298 ], [ -75.067660644858904, 40.005248098053201 ], [ -75.068124294162601, 40.006384722729102 ], [ -75.068348130265406, 40.006933435068298 ], [ -75.068510629973503, 40.007452486365601 ], [ -75.068834153339793, 40.008646887398001 ], [ -75.068885547301804, 40.008799210683001 ], [ -75.069049553468503, 40.009285286423001 ], [ -75.069291750383897, 40.010088785318104 ], [ -75.0693862722555, 40.010474329554697 ], [ -75.069510729085906, 40.010807595720998 ], [ -75.069333515097696, 40.010851442357897 ], [ -75.069007648882007, 40.010932068125904 ], [ -75.068681781856995, 40.011012693869198 ], [ -75.068355912923096, 40.01109331776 ], [ -75.0678530769666, 40.011217724232402 ], [ -75.067526249199602, 40.011296020346201 ], [ -75.067199420750001, 40.011374313729199 ], [ -75.0668725892765, 40.011452604326898 ], [ -75.0665457582557, 40.011530893121297 ], [ -75.066218926481298, 40.011609180985303 ], [ -75.065892092782605, 40.011687467891697 ], [ -75.065565259429803, 40.0117657556955 ], [ -75.065238426458606, 40.011844043496502 ], [ -75.064911592626899, 40.011922333067801 ], [ -75.064584760276205, 40.0120006244642 ], [ -75.064257928164494, 40.012078919458801 ], [ -75.063931097533796, 40.012157216278297 ], [ -75.063604267070801, 40.012235518496396 ], [ -75.063277220021703, 40.012313351596198 ], [ -75.063029967538597, 40.012370944079599 ], [ -75.062949481359198, 40.0123896907822 ], [ -75.062621428855493, 40.012465354029402 ], [ -75.062293496477906, 40.012541278669502 ], [ -75.061966118212695, 40.012618401139498 ], [ -75.061659728604099, 40.012692805513801 ], [ -75.061639726681605, 40.012697662354398 ], [ -75.061314755874704, 40.012779997860697 ], [ -75.061034761221194, 40.012855111513502 ], [ -75.062521294898204, 40.0145519744867 ], [ -75.063060634296306, 40.0151690023051 ], [ -75.063387753095995, 40.015529108910897 ], [ -75.064315055842101, 40.016594737241903 ], [ -75.065116615991997, 40.017521008059802 ], [ -75.0661179767269, 40.018657386522499 ], [ -75.066952772826298, 40.019601933727401 ], [ -75.067007760257297, 40.019674211814603 ], [ -75.067017270299004, 40.019685039310197 ], [ -75.067898539338799, 40.0206883685916 ], [ -75.068518974562593, 40.021394716866602 ], [ -75.0686255484665, 40.021523706607901 ], [ -75.069090163991305, 40.0219136661158 ], [ -75.069766768678605, 40.022396859587403 ], [ -75.069845175648894, 40.0224579070793 ], [ -75.073274519169502, 40.025391885445103 ], [ -75.075144042871898, 40.026857751445398 ], [ -75.075490740493606, 40.027080831821401 ], [ -75.074327446478307, 40.0284782666346 ], [ -75.073735580332993, 40.029793871039502 ], [ -75.073462632387603, 40.030392061180997 ], [ -75.072684460142696, 40.031947123535701 ], [ -75.072483214185993, 40.032339444436801 ], [ -75.072246048973497, 40.032767492739502 ], [ -75.0720788098903, 40.033060264989302 ], [ -75.072004162686198, 40.033194800702098 ], [ -75.071825997257505, 40.033512957901401 ], [ -75.071633350017805, 40.033864622074603 ], [ -75.071470231703003, 40.034143672166799 ], [ -75.071427843542594, 40.034216838447101 ], [ -75.071228435702196, 40.0345800245615 ], [ -75.071099303051398, 40.034751995905303 ], [ -75.070253672275001, 40.034949575684898 ], [ -75.0695991306049, 40.035102503185897 ], [ -75.069018136256204, 40.035233432909301 ], [ -75.068374816463404, 40.035378403405701 ], [ -75.068101718309606, 40.035439943707402 ], [ -75.067674158676098, 40.035535621716299 ], [ -75.067173798187497, 40.0356564280155 ], [ -75.0643653841679, 40.036315409677201 ], [ -75.063568273023293, 40.0364935958291 ], [ -75.063198204382104, 40.036594490175901 ], [ -75.062900293707102, 40.036714033719797 ], [ -75.062542098959, 40.036884658122801 ], [ -75.062465179380496, 40.036921297750403 ], [ -75.0621231859093, 40.037114926128503 ], [ -75.061827280652395, 40.037313586008302 ], [ -75.0614128454622, 40.037647844122297 ], [ -75.061075289120197, 40.037963092837401 ], [ -75.061012257104096, 40.038021960163498 ], [ -75.060460588184398, 40.038541851270701 ], [ -75.059806683883394, 40.0391580765803 ], [ -75.059223875836807, 40.039707289000297 ], [ -75.058796805050207, 40.0401097334585 ], [ -75.058557693252297, 40.040320804352604 ], [ -75.057235070542006, 40.041572571922401 ], [ -75.056711094036402, 40.042068460878099 ], [ -75.056638919864497, 40.0421405813495 ], [ -75.056124757925105, 40.0426543548597 ], [ -75.056027316686695, 40.042757380274502 ], [ -75.0556120283713, 40.043196455401798 ], [ -75.054929559266199, 40.043863759003102 ], [ -75.054603246793803, 40.0441660084578 ], [ -75.0542947737909, 40.0444517297164 ], [ -75.054288833349005, 40.044457278615702 ], [ -75.052213362775305, 40.046396035660898 ], [ -75.052185920116699, 40.0464258808016 ], [ -75.051688654673299, 40.046966663184101 ], [ -75.051625315972004, 40.047077100789103 ], [ -75.051370554431003, 40.047048161915697 ], [ -75.050680054823104, 40.046958301983402 ], [ -75.050602889611298, 40.046947999018698 ], [ -75.049578655113706, 40.046810126109001 ], [ -75.049380530852304, 40.046780895018301 ], [ -75.049155643140097, 40.046727478219601 ], [ -75.048815119114593, 40.046629227757499 ], [ -75.048529700921407, 40.046523248218001 ], [ -75.048275206768807, 40.046427019276202 ], [ -75.047981131660606, 40.0463418922348 ], [ -75.047778160268507, 40.046255963856801 ], [ -75.047547701402607, 40.0462670215936 ], [ -75.045272150664402, 40.046518912105903 ], [ -75.045265933021398, 40.046640357845099 ], [ -75.045016452676606, 40.046657315068998 ], [ -75.044782668005595, 40.046686692026903 ], [ -75.044508946708405, 40.046721668641297 ], [ -75.044354515658299, 40.046752914573098 ], [ -75.044222411352607, 40.046793405664602 ], [ -75.044095973671105, 40.046834030991498 ], [ -75.043974336340497, 40.046896570168698 ], [ -75.043858540524596, 40.0469548866553 ], [ -75.043736380307905, 40.047030494717198 ], [ -75.043642735969698, 40.047102414304 ], [ -75.043525028066298, 40.0472086492193 ], [ -75.0434124665139, 40.047328085823899 ], [ -75.043318125147906, 40.047417429466798 ], [ -75.043188732496006, 40.047532110004198 ], [ -75.042996032597401, 40.047669279128399 ], [ -75.042822161130502, 40.047761109304801 ], [ -75.042649332147505, 40.047826801801101 ], [ -75.042464992885897, 40.047896582033502 ], [ -75.042247338978001, 40.047948135971602 ], [ -75.042070405666706, 40.0479744874212 ], [ -75.041876641841597, 40.047996081642999 ], [ -75.041672323046797, 40.047997805412301 ], [ -75.041468612895201, 40.047984282073202 ], [ -75.041254088433007, 40.047957421912201 ], [ -75.041023603462904, 40.047904023852098 ], [ -75.040810644942795, 40.047837956309998 ], [ -75.040637712293403, 40.047764112936903 ], [ -75.040487626227801, 40.047686447092303 ], [ -75.040355068886399, 40.0475961139567 ], [ -75.040222510726494, 40.047505780640101 ], [ -75.040140445590794, 40.0474297188698 ], [ -75.040047652350097, 40.047338143747403 ], [ -75.039923025137796, 40.0471913120276 ], [ -75.039826391557099, 40.047053862792303 ], [ -75.039768217470396, 40.0469478412776 ], [ -75.039727570658002, 40.046829153606097 ], [ -75.039692591957703, 40.046710599651398 ], [ -75.0396742704161, 40.0466011590755 ], [ -75.039656643831705, 40.046474293240799 ], [ -75.039632305244396, 40.046373431959601 ], [ -75.039574132008198, 40.0462674112432 ], [ -75.039492591150704, 40.046178280760003 ], [ -75.039393523510995, 40.046101817197602 ], [ -75.039259577252594, 40.046046332316102 ], [ -75.039136272004299, 40.046008540049499 ], [ -75.038995178760999, 40.045989949140598 ], [ -75.038378401532995, 40.045949229129 ], [ -75.038135021699702, 40.045934763268797 ], [ -75.037925824698505, 40.045916742859198 ], [ -75.037700667736402, 40.045872184078299 ], [ -75.037482137991205, 40.0458037989413 ], [ -75.037314883236903, 40.0457300835279 ], [ -75.037187303948897, 40.0456573057645 ], [ -75.037065393976604, 40.045584661748201 ], [ -75.036928569779704, 40.045459340335597 ], [ -75.036780758769396, 40.045325038853697 ], [ -75.036637918178798, 40.045208296246003 ], [ -75.036489063006201, 40.045100131753003 ], [ -75.036356166397894, 40.045018507019897 ], [ -75.036200337563898, 40.044942879284399 ], [ -75.036016254755594, 40.044864405032399 ], [ -75.035831650795899, 40.044798998742301 ], [ -75.035646524408307, 40.044746660383801 ], [ -75.035432709619201, 40.0447023641455 ], [ -75.035246712297507, 40.044671807322402 ], [ -75.035111029262595, 40.044659879256997 ], [ -75.034952499608906, 40.044651772119401 ], [ -75.034804959281203, 40.044652644914301 ], [ -75.034685756683999, 40.044654188289002 ], [ -75.034509177728495, 40.044671815050897 ], [ -75.034349428844195, 40.044694200530301 ], [ -75.034143637705199, 40.044732938894299 ], [ -75.034000194475297, 40.044773150198701 ], [ -75.033856751039295, 40.044813362224097 ], [ -75.033729614475803, 40.044871400469603 ], [ -75.033568119671202, 40.0449373473676 ], [ -75.033481158272195, 40.044819796532202 ], [ -75.032597039697293, 40.045232091332103 ], [ -75.031639573696197, 40.045669887211297 ], [ -75.031543354403595, 40.045690382497902 ], [ -75.031608853303197, 40.045762943709697 ], [ -75.031670383891694, 40.045906612251301 ], [ -75.031778366065197, 40.046150497692302 ], [ -75.031839807881497, 40.046436376446003 ], [ -75.031854626999305, 40.046626343968299 ], [ -75.031846692945606, 40.046824391667897 ], [ -75.031811438020497, 40.047004554820198 ], [ -75.031783165167198, 40.0471504079621 ], [ -75.031713757573399, 40.047341766770103 ], [ -75.031519612280505, 40.047588107830002 ], [ -75.031410672284693, 40.047722588102097 ], [ -75.031295808255507, 40.047861351349901 ], [ -75.031208249213606, 40.047985472561102 ], [ -75.031074125382403, 40.048081588817602 ], [ -75.030861198149196, 40.048226872619701 ], [ -75.030678954976494, 40.048324247115801 ], [ -75.030491140554403, 40.0484170688704 ], [ -75.0303155120653, 40.048485174582403 ], [ -75.030146091279306, 40.048542401712901 ], [ -75.029937204051194, 40.048595073660898 ], [ -75.029673140155893, 40.048638582324898 ], [ -75.029364854366705, 40.048667007341201 ], [ -75.029082586765, 40.048661679782803 ], [ -75.028896942009297, 40.048657466263002 ], [ -75.026226973056893, 40.048282993303602 ], [ -75.026040415344397, 40.048172788458501 ], [ -75.025335734754606, 40.048522698897301 ], [ -75.024324204422996, 40.048988841611902 ], [ -75.024382121645502, 40.0490907556525 ], [ -75.024294696006294, 40.049121075154197 ], [ -75.024123200692003, 40.049188498356003 ], [ -75.024084724157206, 40.049201479624102 ], [ -75.023936641207698, 40.049247138052102 ], [ -75.023851057442698, 40.049264580689602 ], [ -75.023709455562496, 40.049289552106302 ], [ -75.023571965522507, 40.049304804833397 ], [ -75.023415859462503, 40.049313744262001 ], [ -75.023257132223506, 40.049317069853402 ], [ -75.023105586062499, 40.049309199763798 ], [ -75.022909074924399, 40.049281167744901 ], [ -75.022525053562703, 40.0491902643925 ], [ -75.021991044724999, 40.048996251930497 ], [ -75.0216911660997, 40.0488501348852 ], [ -75.021395765823499, 40.048668346931599 ], [ -75.021016012011003, 40.048383386287398 ], [ -75.020861877045903, 40.048238461255103 ], [ -75.020674786776596, 40.0480392878708 ], [ -75.020639752296603, 40.047976350092497 ], [ -75.020486053618498, 40.0477865243789 ], [ -75.020339206046302, 40.0475318355303 ], [ -75.020185481714194, 40.0471473055606 ], [ -75.020098801935902, 40.0467686288655 ], [ -75.020083075817396, 40.046388048511801 ], [ -75.020128805384701, 40.046005512742497 ], [ -75.020283595802994, 40.045923113203003 ], [ -75.020539457161703, 40.0457568830032 ], [ -75.0207686554171, 40.045560549682399 ], [ -75.020974832175895, 40.045349848579598 ], [ -75.021167227092306, 40.0451305534326 ], [ -75.021333234316501, 40.044900078877497 ], [ -75.021460927880995, 40.044656954144003 ], [ -75.021566182886701, 40.044405505766797 ], [ -75.021652560171006, 40.044149812766797 ], [ -75.021719067001399, 40.043892293467202 ], [ -75.021754806832803, 40.043678073532 ], [ -75.021570642221803, 40.043662812607998 ], [ -75.021342825785894, 40.043643934710403 ], [ -75.0205028492217, 40.043551579656501 ], [ -75.020280811970807, 40.043527164807898 ], [ -75.020206142710194, 40.043537335627398 ], [ -75.019525941905002, 40.043629986595199 ], [ -75.018904200903407, 40.043844466181099 ], [ -75.018443872065404, 40.044127706782 ], [ -75.018428086088605, 40.044139644345499 ], [ -75.017476944941507, 40.044858405536402 ], [ -75.017432730551604, 40.044892523848603 ], [ -75.017423322843499, 40.044899783340199 ], [ -75.016379663501795, 40.045681538318703 ], [ -75.015707874690406, 40.0461900268755 ], [ -75.014852192223202, 40.046846359082501 ], [ -75.014022962408404, 40.047480843811698 ], [ -75.013221866289896, 40.048128347604703 ], [ -75.012276043685702, 40.0488943717437 ], [ -75.0115383059549, 40.049499666772803 ], [ -75.010151619843597, 40.0506173488643 ], [ -75.009045274389706, 40.0514814563941 ], [ -75.008226118981895, 40.052122900109701 ], [ -75.007967302385495, 40.052324763365 ], [ -75.007888922321499, 40.052390334231497 ], [ -75.006161177425199, 40.0537223026353 ], [ -75.004797411222896, 40.054756788021997 ], [ -75.002989258673196, 40.0560062801624 ], [ -75.001183373059604, 40.057241505137902 ], [ -75.001090702595604, 40.057282571329701 ], [ -74.999892158158403, 40.057641055755198 ], [ -74.999435365376499, 40.057767672399301 ], [ -74.9982613158368, 40.058089464955501 ], [ -74.996978126143702, 40.058426015724997 ], [ -74.995650495990304, 40.058764542584903 ], [ -74.994072834216595, 40.059169227928301 ], [ -74.992997641533194, 40.059449210349598 ], [ -74.992036330582295, 40.059690801052596 ], [ -74.991584505442503, 40.059838165145798 ], [ -74.991256059724506, 40.059958432339002 ], [ -74.990916156992796, 40.060114307544701 ], [ -74.990700906168598, 40.060239854090398 ], [ -74.990434296177, 40.060405298564099 ], [ -74.988390743981896, 40.0616412655395 ], [ -74.987943303142799, 40.061922120546299 ], [ -74.9870435237317, 40.062462691318899 ], [ -74.985612654895604, 40.063326336470098 ], [ -74.985579684978404, 40.063354564814297 ], [ -74.984952875879699, 40.063669842550098 ], [ -74.984174623515102, 40.0640846538044 ], [ -74.983735081928103, 40.0642687166931 ], [ -74.983260681565596, 40.064425466091798 ], [ -74.9828264017181, 40.064557876019201 ], [ -74.982357208632195, 40.064681862694201 ], [ -74.981064290706499, 40.064939651971898 ], [ -74.981054190864697, 40.064911298831298 ], [ -74.980968142566198, 40.0646771638309 ], [ -74.980927195871502, 40.064509226952303 ], [ -74.980908243453896, 40.064228294422001 ], [ -74.980914915985295, 40.064064844508202 ], [ -74.980938546367298, 40.0639118195623 ], [ -74.980982793142601, 40.063786003655601 ], [ -74.981021420965504, 40.063584924784799 ], [ -74.981040845229003, 40.063428459997503 ], [ -74.981084820350006, 40.063309315336703 ], [ -74.981097860101499, 40.063202781707403 ], [ -74.981092990178695, 40.063109172121102 ], [ -74.981017448014299, 40.0629370630636 ], [ -74.980935114552494, 40.062824891586402 ], [ -74.980866214148307, 40.062703026607799 ], [ -74.980805111252806, 40.062603053567997 ], [ -74.9808089241982, 40.062509653226599 ], [ -74.980830510447305, 40.062406664962801 ], [ -74.980869598816795, 40.062300758254501 ], [ -74.980913301137505, 40.062188285812397 ], [ -74.980986982539207, 40.062086552146802 ], [ -74.981008976886699, 40.061973556505897 ], [ -74.9810307000118, 40.061867232149197 ], [ -74.981016602135099, 40.061786755802501 ], [ -74.981002913929004, 40.061696273040802 ], [ -74.980954767690704, 40.061598281996901 ], [ -74.980909957765803, 40.061418565063001 ], [ -74.980918655708507, 40.061311926802297 ], [ -74.980936037050199, 40.0612054978195 ], [ -74.980944599951599, 40.061102194764203 ], [ -74.980927387297598, 40.060991592667897 ], [ -74.980918584548604, 40.060887871981699 ], [ -74.980887394931401, 40.0608003058489 ], [ -74.980843998524705, 40.060692412025098 ], [ -74.980768988504707, 40.060613806876702 ], [ -74.980549238153301, 40.060461594347402 ], [ -74.9804825704081, 40.060391537590903 ], [ -74.9804258799157, 40.060290000953103 ], [ -74.980434033729495, 40.060196705242497 ], [ -74.980486281361806, 40.060087777417699 ], [ -74.980558055704293, 40.060032744665598 ], [ -74.980668219061997, 40.059995332209297 ], [ -74.980816907642605, 40.059972203857697 ], [ -74.980935344349703, 40.059945007746101 ], [ -74.981089328624805, 40.059898633844803 ], [ -74.981209671233003, 40.059824736817802 ], [ -74.981312921723699, 40.059743749959402 ], [ -74.981402874847305, 40.059669120405999 ], [ -74.981526212842496, 40.0595218373862 ], [ -74.981612914058601, 40.059420417126702 ], [ -74.981991399156001, 40.058983780222299 ], [ -74.9821053709761, 40.058852965986702 ], [ -74.982187457890902, 40.058758111987601 ], [ -74.9822987070511, 40.058694012006498 ], [ -74.982476841363805, 40.0585881159096 ], [ -74.982610475747805, 40.058507859859702 ], [ -74.982756044673494, 40.058454603303197 ], [ -74.982959679060201, 40.058362677225603 ], [ -74.983329306828793, 40.0581428570122 ], [ -74.983515711833903, 40.058047175722997 ], [ -74.983686917705199, 40.058004552530797 ], [ -74.983841030557898, 40.057954838825303 ], [ -74.983998532591002, 40.0579285802296 ], [ -74.984112758968806, 40.057897940232003 ], [ -74.984167615371604, 40.0578822180494 ], [ -74.984209485590299, 40.057870217300497 ], [ -74.984288712452496, 40.0578454123794 ], [ -74.984373368661807, 40.057794026832298 ], [ -74.984540241852301, 40.057644449423897 ], [ -74.984915221796996, 40.057399710663901 ], [ -74.984947035441195, 40.057378784925099 ], [ -74.985067030214296, 40.057299855835801 ], [ -74.9851533834196, 40.057206772208403 ], [ -74.985187576767899, 40.057114102966203 ], [ -74.985182701604003, 40.057020494422098 ], [ -74.985168193122306, 40.056950025950499 ], [ -74.985122753080503, 40.056892169613398 ], [ -74.984951434769698, 40.056724435081698 ], [ -74.984821352485298, 40.056611118016797 ], [ -74.984694795101802, 40.056517918187303 ], [ -74.9845904866485, 40.056411899028198 ], [ -74.984495132154507, 40.056299416584601 ], [ -74.984411713098893, 40.056213933541798 ], [ -74.984339355691304, 40.0560702842374 ], [ -74.984296772785399, 40.055942376976901 ], [ -74.984281401836995, 40.055862201113101 ], [ -74.984271690332605, 40.055811552541201 ], [ -74.984264923070498, 40.055657795300803 ], [ -74.984261137231499, 40.055537500726999 ], [ -74.984252330148706, 40.055438639728898 ], [ -74.984249213911696, 40.055403652810199 ], [ -74.984253973651803, 40.055286902419802 ], [ -74.9842450305879, 40.0551865171416 ], [ -74.984212343349895, 40.055135645224397 ], [ -74.984179928144897, 40.055078102026897 ], [ -74.984065785255893, 40.055000226503402 ], [ -74.983957635428396, 40.0549350109969 ], [ -74.983921596952698, 40.0549132799555 ], [ -74.983798568011295, 40.054840198340003 ], [ -74.983737263828601, 40.054745230943801 ], [ -74.983681389313105, 40.054623681171002 ], [ -74.983621309709207, 40.054498691647602 ], [ -74.983477123041098, 40.054411744539699 ], [ -74.982792960336596, 40.053927806840399 ], [ -74.982540731646196, 40.053826569132603 ], [ -74.982324237235702, 40.053807998018598 ], [ -74.9821932991631, 40.053774558515002 ], [ -74.982122126472007, 40.0537563821212 ], [ -74.981828859422194, 40.053702570310797 ], [ -74.981592703579196, 40.053633439001999 ] ] ] } },
{ "type": "Feature", "properties": { "objectid": 3, "dist_name": "Lower Far Northeast", "abbrev": "LFNE", "Shape__Area": 48752522.87890625, "Shape__Length": 36958.071333070198 }, "geometry": { "type": "Polygon", "coordinates": [ [ [ -74.964434762024993, 40.1172771579676 ], [ -74.964340661432502, 40.117272922159799 ], [ -74.964287841954899, 40.117276858879201 ], [ -74.964239077135502, 40.117285458631201 ], [ -74.964146987137198, 40.117332903667297 ], [ -74.963998807431594, 40.117231245506098 ], [ -74.963830906497293, 40.117131400726997 ], [ -74.963576372874101, 40.117046870541202 ], [ -74.963443616505998, 40.117011727630299 ], [ -74.963379016669506, 40.116973883199798 ], [ -74.963295254416906, 40.1168963921372 ], [ -74.963221192534405, 40.1167668946634 ], [ -74.963175552083001, 40.116682727749897 ], [ -74.963151550616502, 40.116506900208599 ], [ -74.963142226321906, 40.116365911492402 ], [ -74.963156455545402, 40.116203725526901 ], [ -74.963134073011503, 40.116104503983003 ], [ -74.963115468259701, 40.1160053739925 ], [ -74.963112156116694, 40.115879041839797 ], [ -74.963147595283402, 40.115798635792203 ], [ -74.963250094076798, 40.115650198517002 ], [ -74.963330768912996, 40.115480916698402 ], [ -74.963395929929007, 40.1152981978301 ], [ -74.963414373616899, 40.115217379837397 ], [ -74.9633497355223, 40.115134548406402 ], [ -74.963261265103498, 40.1150337243322 ], [ -74.963237452274498, 40.114969296359803 ], [ -74.963146187892306, 40.114775530992198 ], [ -74.963090891736002, 40.114649390522104 ], [ -74.963112396819795, 40.114586059984099 ], [ -74.963249519067901, 40.114468937056998 ], [ -74.963457744326803, 40.114208420398398 ], [ -74.963670430468596, 40.114000252933302 ], [ -74.964001642036393, 40.113690474116297 ], [ -74.964091973519501, 40.1135620578439 ], [ -74.964139215033498, 40.113470328084702 ], [ -74.964157071037306, 40.113380788701697 ], [ -74.964138166460103, 40.113288907040399 ], [ -74.964022682541994, 40.1130176436657 ], [ -74.963920164043003, 40.112637856550997 ], [ -74.963879175506307, 40.112439505209899 ], [ -74.963884227939403, 40.1122016365468 ], [ -74.963880705066501, 40.112011448454297 ], [ -74.963850412685204, 40.111920742403598 ], [ -74.963784811311498, 40.111746464138001 ], [ -74.963777296174598, 40.111653407648497 ], [ -74.963796571510002, 40.1115522932933 ], [ -74.9638524191285, 40.111481087774202 ], [ -74.963935892363097, 40.111381529006003 ], [ -74.964046531123401, 40.1112187775569 ], [ -74.964105595673701, 40.1110692872603 ], [ -74.964121452758704, 40.110959382982202 ], [ -74.964121489765404, 40.110866509504 ], [ -74.964040832566397, 40.110713633758898 ], [ -74.963903175715302, 40.110568084728698 ], [ -74.9638393756954, 40.1104649572911 ], [ -74.963841062301, 40.110377927578298 ], [ -74.9638131553954, 40.110229233138199 ], [ -74.963746889426204, 40.110094119997498 ], [ -74.963710595022306, 40.109965537835798 ], [ -74.963710513409694, 40.109875563815997 ], [ -74.963771923582001, 40.109760958765598 ], [ -74.963891524492198, 40.109610033191998 ], [ -74.963978533210593, 40.109516364814603 ], [ -74.964075319905405, 40.109460663887397 ], [ -74.964235109920097, 40.109435512037997 ], [ -74.964409848768398, 40.109506498871397 ], [ -74.964509338955907, 40.109476984257299 ], [ -74.964602825586496, 40.109409592638499 ], [ -74.964680153766807, 40.109321493942801 ], [ -74.964765208010405, 40.109091368010098 ], [ -74.964877491445904, 40.108934460419903 ], [ -74.965059496063901, 40.108828580629101 ], [ -74.9651181633009, 40.108780661679702 ], [ -74.965206240127799, 40.108660897140901 ], [ -74.965387242110907, 40.108395364140399 ], [ -74.965516633985999, 40.108235967986303 ], [ -74.9655757425339, 40.108160028976101 ], [ -74.965578800204199, 40.1080876181286 ], [ -74.965432391361006, 40.1078943553036 ], [ -74.965368947679707, 40.107782530265801 ], [ -74.965295844669996, 40.107629838308398 ], [ -74.965212485754805, 40.1074507776177 ], [ -74.9651236824525, 40.107312217007099 ], [ -74.964979056375896, 40.107198425282697 ], [ -74.964726539521195, 40.107180698773703 ], [ -74.964421753746905, 40.107147194469903 ], [ -74.964195787570503, 40.107127207708999 ], [ -74.963958494550795, 40.107106946025503 ], [ -74.963710706592806, 40.107066113034897 ], [ -74.963517334092799, 40.1069888686418 ], [ -74.9633366000904, 40.106880004348803 ], [ -74.963250029024906, 40.106779226883098 ], [ -74.963219977436694, 40.106648972017901 ], [ -74.963270058309305, 40.106567841414297 ], [ -74.963397195991803, 40.1065128209273 ], [ -74.963596261459102, 40.106448045866301 ], [ -74.963659298396294, 40.106385721811897 ], [ -74.963670902398903, 40.106287323909697 ], [ -74.963606767508196, 40.106146457490297 ], [ -74.963628746090095, 40.106071529856202 ], [ -74.963693094713094, 40.105977312589502 ], [ -74.963786577330097, 40.105909921617801 ], [ -74.963907802404293, 40.105811277878203 ], [ -74.963963764304395, 40.1057371737108 ], [ -74.963963801524201, 40.105644300198897 ], [ -74.963797697555194, 40.105547400492497 ], [ -74.963592761920196, 40.1054756796972 ], [ -74.963399632463904, 40.105392636166499 ], [ -74.963184561793597, 40.105291646326002 ], [ -74.962964882558296, 40.105210860831001 ], [ -74.9626936320536, 40.105143335492301 ], [ -74.962556188699097, 40.105084859379801 ], [ -74.962499469673801, 40.1049935120867 ], [ -74.962429317460803, 40.104861206080301 ], [ -74.962433371153296, 40.104762625187 ], [ -74.962467989839894, 40.104656077414397 ], [ -74.962540127816595, 40.104556244928702 ], [ -74.962539332430694, 40.104483667662599 ], [ -74.962378441154598, 40.104352063899498 ], [ -74.962092150178194, 40.104144861074403 ], [ -74.9619930849409, 40.104026365398099 ], [ -74.9617673295879, 40.103817727352201 ], [ -74.961565026237693, 40.1036822156547 ], [ -74.961402825621505, 40.103582504593703 ], [ -74.961228701567904, 40.103497015845001 ], [ -74.961176258160705, 40.103453586981097 ], [ -74.961157465435406, 40.103453223017702 ], [ -74.961110738464598, 40.103424497739603 ], [ -74.961020160713105, 40.103329425902501 ], [ -74.960989995322393, 40.103235819580398 ], [ -74.960995243867998, 40.1031082440932 ], [ -74.961024894100404, 40.1030306006488 ], [ -74.961089782917099, 40.1027854762361 ], [ -74.961199242828698, 40.102605284863699 ], [ -74.961202742831702, 40.102428326885502 ], [ -74.961235137006994, 40.102283995745701 ], [ -74.961290662709402, 40.102128617183098 ], [ -74.961294956435907, 40.102024237383802 ], [ -74.961269380849302, 40.101956863672498 ], [ -74.961178208494104, 40.101876288369702 ], [ -74.961101780309505, 40.101804778643199 ], [ -74.961061720786205, 40.101676104004298 ], [ -74.961125792045493, 40.101404838533497 ], [ -74.961226604865004, 40.101296995435199 ], [ -74.961394803699804, 40.101158861815001 ], [ -74.961477910052395, 40.101068003152299 ], [ -74.961643404257401, 40.100903681475003 ], [ -74.961701511109894, 40.100777388022898 ], [ -74.961744276498493, 40.100656527169598 ], [ -74.961768401827399, 40.100529409499501 ], [ -74.961800792682496, 40.100385079053602 ], [ -74.961847134976495, 40.100177234215998 ], [ -74.961854249428498, 40.100096141672502 ], [ -74.961890197691403, 40.099911264488902 ], [ -74.961932723717894, 40.099796202488498 ], [ -74.961977594380997, 40.099716025619699 ], [ -74.962013959824503, 40.099658860421002 ], [ -74.962020358608399, 40.099595164655199 ], [ -74.961986060163596, 40.099510165399899 ], [ -74.961918138989205, 40.099415642717901 ], [ -74.9618160001326, 40.0993260957028 ], [ -74.961739217580103, 40.099263284811101 ], [ -74.961673641603795, 40.099203647137202 ], [ -74.961686637876596, 40.099163330261597 ], [ -74.961730792965596, 40.099100549374697 ], [ -74.961786036238493, 40.099043843022798 ], [ -74.962071091192698, 40.098775034328803 ], [ -74.962094261392394, 40.098671112297097 ], [ -74.962062427340996, 40.0986180987423 ], [ -74.961908385435606, 40.098504074162797 ], [ -74.961724258804693, 40.098386417307601 ], [ -74.961606900316497, 40.098299402360901 ], [ -74.961579201302499, 40.0982377818844 ], [ -74.961596925872598, 40.098174359948899 ], [ -74.961660315837506, 40.098103339489001 ], [ -74.961775032622697, 40.098024856847701 ], [ -74.961812708952294, 40.097935798489402 ], [ -74.961808258169299, 40.097860229247402 ], [ -74.961788824491194, 40.097781395145603 ], [ -74.961723488357293, 40.097715959463997 ], [ -74.961619563613397, 40.097669903341902 ], [ -74.961414654048696, 40.097598179527402 ], [ -74.961190987831998, 40.097523097045503 ], [ -74.961060277322503, 40.097485098554401 ], [ -74.960924479421905, 40.097478901520802 ], [ -74.960791264246495, 40.097501789675697 ], [ -74.960679746526495, 40.097548423924103 ], [ -74.960569184179505, 40.097571862380697 ], [ -74.960463351661602, 40.097572196637302 ], [ -74.960078294204706, 40.097469976622499 ], [ -74.959734292243397, 40.097380362159797 ], [ -74.959626950658006, 40.097325515076797 ], [ -74.959476215086696, 40.097223176755001 ], [ -74.959375708908794, 40.097185908613497 ], [ -74.958784147336303, 40.096913238169499 ], [ -74.958758728529602, 40.096904092302402 ], [ -74.958516016272696, 40.0968167550676 ], [ -74.958252376614098, 40.096702966230801 ], [ -74.958168288204305, 40.0966341706403 ], [ -74.958111104603503, 40.096554418077801 ], [ -74.958080111622607, 40.096481107210103 ], [ -74.957996619501401, 40.096397814156298 ], [ -74.957653075728999, 40.096113747038402 ], [ -74.957354888043, 40.095967190832702 ], [ -74.957209319878899, 40.0959230221601 ], [ -74.957059020995899, 40.095901956359398 ], [ -74.956899737998697, 40.095915500419999 ], [ -74.956640622866004, 40.0959672505616 ], [ -74.956462581999006, 40.095977435840702 ], [ -74.956286691619795, 40.095935430566797 ], [ -74.956187146066796, 40.095874964884899 ], [ -74.956096704782198, 40.095776989662298 ], [ -74.9560878876933, 40.095715825726103 ], [ -74.956109273794098, 40.0956553967753 ], [ -74.956119453180705, 40.095591792180997 ], [ -74.955838118638596, 40.095265696742402 ], [ -74.955760079080207, 40.095141901393497 ], [ -74.955748562434707, 40.095054551421697 ], [ -74.955773962982903, 40.094988415383703 ], [ -74.955880868723199, 40.094732705388701 ], [ -74.956008776385104, 40.094471701057799 ], [ -74.956235175915694, 40.0940215370996 ], [ -74.956392589669804, 40.093732225880302 ], [ -74.956403533995498, 40.093558351834901 ], [ -74.956402673443904, 40.093395799448203 ], [ -74.956382458662304, 40.0932443870471 ], [ -74.9563744060452, 40.093072952772602 ], [ -74.956454735981495, 40.092865936638802 ], [ -74.956691711999895, 40.092479880076702 ], [ -74.9568239377396, 40.092297342829298 ], [ -74.956942568969794, 40.092169620022297 ], [ -74.957065451482805, 40.092030391846897 ], [ -74.957117202015795, 40.091874922536498 ], [ -74.957198699875093, 40.091685348513998 ], [ -74.957286889082098, 40.0915626904698 ], [ -74.957442837139098, 40.091354608571599 ], [ -74.957473323380498, 40.091256669777202 ], [ -74.957643847253493, 40.091153425911102 ], [ -74.957815415937205, 40.090841237962003 ], [ -74.957960774985196, 40.0905690471265 ], [ -74.957979934779502, 40.090470833093697 ], [ -74.957964760350805, 40.090380492155901 ], [ -74.957909253756597, 40.0902601478831 ], [ -74.957824025351698, 40.0901274721327 ], [ -74.957793870243194, 40.090033864890799 ], [ -74.957790857214306, 40.089923502803899 ], [ -74.957828653709996, 40.089831545341198 ], [ -74.957891323453794, 40.089777923696097 ], [ -74.957993749006107, 40.089722365351498 ], [ -74.958067504993593, 40.089674816730302 ], [ -74.958113447996396, 40.089568546149899 ], [ -74.958117268278002, 40.089475764234898 ], [ -74.958109524614301, 40.089388506161903 ], [ -74.958122998699295, 40.089336590911103 ], [ -74.9581552274568, 40.089288033560301 ], [ -74.958234429180095, 40.089199984940898 ], [ -74.958251797515601, 40.0891452628018 ], [ -74.958230505498193, 40.089019944952803 ], [ -74.958182042988497, 40.088728533370997 ], [ -74.958010866379396, 40.088251294821099 ], [ -74.957869942394396, 40.0879112001275 ], [ -74.957714351836103, 40.087652014193203 ], [ -74.957609696035405, 40.087211218358597 ], [ -74.957610577761201, 40.0870980484952 ], [ -74.957638673866398, 40.087058097988397 ], [ -74.958017926157197, 40.086840928586497 ], [ -74.958027715569898, 40.086603174388699 ], [ -74.958034497074195, 40.086484344022601 ], [ -74.958026321701198, 40.086315809253101 ], [ -74.958049732605602, 40.086206089025602 ], [ -74.958082199823906, 40.086151733687203 ], [ -74.958203875382907, 40.086041497977398 ], [ -74.958225540399297, 40.085882395137197 ], [ -74.958216215963006, 40.085649981380797 ], [ -74.958252137208305, 40.085282256457397 ], [ -74.9582988381283, 40.085065715354503 ], [ -74.958341122205098, 40.0849564534998 ], [ -74.9586278253621, 40.084600625144503 ], [ -74.958679947490396, 40.084390020308703 ], [ -74.958630681217997, 40.084301752899798 ], [ -74.958549069638195, 40.084264943319802 ], [ -74.958422638411804, 40.084215434720598 ], [ -74.958366061767705, 40.084121185800001 ], [ -74.958373536790106, 40.084031394995101 ], [ -74.958383831673004, 40.083964890688897 ], [ -74.958423130881002, 40.083928115403403 ], [ -74.958592993551804, 40.083932241046 ], [ -74.958722408106198, 40.0839092628432 ], [ -74.958903563970594, 40.083730814328497 ], [ -74.958965912091998, 40.083593016799 ], [ -74.958984613728603, 40.083459963157097 ], [ -74.958944687221603, 40.083328388134298 ], [ -74.958907819541494, 40.083214301554797 ], [ -74.959018761044902, 40.083089292631698 ], [ -74.959135029261105, 40.082926683142297 ], [ -74.959154780668499, 40.082813971511797 ], [ -74.959132058188402, 40.082723447391899 ], [ -74.959039286332597, 40.0825905891285 ], [ -74.959000988086899, 40.082511295284498 ], [ -74.959052108861997, 40.082416759625801 ], [ -74.959103087629302, 40.082371560670701 ], [ -74.959250059796602, 40.082380934299003 ], [ -74.959279758370897, 40.082376769812797 ], [ -74.959666836197897, 40.0823224982055 ], [ -74.959744103536295, 40.082311663558798 ], [ -74.959859728196307, 40.082256424282903 ], [ -74.959954972468395, 40.0821455452582 ], [ -74.960011514445199, 40.082056945540003 ], [ -74.960050765496902, 40.081929766435103 ], [ -74.960073762994696, 40.0817934244021 ], [ -74.960078428944897, 40.081680011246299 ], [ -74.960079712561395, 40.0815431421005 ], [ -74.960061430857607, 40.081459222728 ], [ -74.960040728678095, 40.081328498628601 ], [ -74.960043198916594, 40.081268455998099 ], [ -74.960107424189701, 40.081186539515798 ], [ -74.9601811585988, 40.081084819332702 ], [ -74.960627618432397, 40.080798483435203 ], [ -74.960815901257902, 40.080659474909602 ], [ -74.960883919189399, 40.080591005800699 ], [ -74.960986813981606, 40.080520044561197 ], [ -74.961076680988398, 40.080448767090203 ], [ -74.961122300340094, 40.080396449412198 ], [ -74.961274037271494, 40.080194781967101 ], [ -74.961406551221501, 40.080037724164399 ], [ -74.961523980876805, 40.079930385553801 ], [ -74.961636107180198, 40.079846292031696 ], [ -74.961730040021706, 40.079781790594602 ], [ -74.961750007016505, 40.079768241689699 ], [ -74.961894570980107, 40.079670148275703 ], [ -74.961958085712496, 40.079627049910499 ], [ -74.962016045566202, 40.079591726386397 ], [ -74.962107555813006, 40.079480419952503 ], [ -74.962133244487802, 40.079384210963703 ], [ -74.962130821424196, 40.079337406249998 ], [ -74.962156898044299, 40.079126010621302 ], [ -74.962200505088305, 40.079016881461897 ], [ -74.962270439650794, 40.078901712159301 ], [ -74.962334111539207, 40.0788331368407 ], [ -74.962385924519793, 40.078784359685102 ], [ -74.962392893182994, 40.078777799495299 ], [ -74.962470140500898, 40.078696197670801 ], [ -74.962506936046694, 40.078647004847497 ], [ -74.962535458443696, 40.078587594106502 ], [ -74.962533583581006, 40.078527446077999 ], [ -74.962518682697194, 40.078466982101901 ], [ -74.962481794836194, 40.078412663582696 ], [ -74.962431515679697, 40.078261188084802 ], [ -74.962424315773703, 40.078119105053197 ], [ -74.962431673843199, 40.078045824348798 ], [ -74.962459647593306, 40.077999756945502 ], [ -74.962514085656593, 40.077944314198099 ], [ -74.962630001812201, 40.077873667452899 ], [ -74.963184389846703, 40.077392937295002 ], [ -74.963287457897493, 40.077211790516301 ], [ -74.963395440431398, 40.077122585873703 ], [ -74.963506463355102, 40.077065175365497 ], [ -74.963637689675807, 40.0770449841838 ], [ -74.963780709475103, 40.0770551295996 ], [ -74.964324173691494, 40.077051609326801 ], [ -74.964800156542495, 40.077158456292501 ], [ -74.964913143076501, 40.077183817804503 ], [ -74.964974509116999, 40.077197592919298 ], [ -74.9650426311281, 40.077204093360599 ], [ -74.965149767001805, 40.077214316287197 ], [ -74.965255933117703, 40.0772244471326 ], [ -74.965442102085305, 40.077242313893201 ], [ -74.965736827324307, 40.077262811356 ], [ -74.966031962411094, 40.077273299855598 ], [ -74.966184146531702, 40.077271978248298 ], [ -74.966298962356205, 40.0772280135796 ], [ -74.966490060376202, 40.077125793083503 ], [ -74.966597696301804, 40.0770449246832 ], [ -74.966670868854294, 40.076956543654198 ], [ -74.966751022937999, 40.076698041487496 ], [ -74.9667755098409, 40.076525005875403 ], [ -74.966822217265005, 40.076446001038001 ], [ -74.966941920336097, 40.076388797525702 ], [ -74.967269364276305, 40.076353319510503 ], [ -74.967552838520106, 40.076330132582697 ], [ -74.9678088917358, 40.076339670352503 ], [ -74.968283421715398, 40.076321106901403 ], [ -74.968745746594195, 40.0762822116709 ], [ -74.968893859388103, 40.076274109250299 ], [ -74.969041631325595, 40.076274346825898 ], [ -74.969127517697103, 40.076299798083099 ], [ -74.969296965550996, 40.076407407188 ], [ -74.969481628954199, 40.076461960508503 ], [ -74.969628579629799, 40.0764822109848 ], [ -74.969750298325295, 40.076481817304597 ], [ -74.969825346295295, 40.076453581254597 ], [ -74.969901624814895, 40.0763953250759 ], [ -74.970012504329603, 40.0763412434464 ], [ -74.970110766977598, 40.076276841100302 ], [ -74.970251905655005, 40.076226830581099 ], [ -74.970369144535695, 40.076229666367503 ], [ -74.970511890209806, 40.076246474639603 ], [ -74.970693851895504, 40.076260892698102 ], [ -74.970838921506797, 40.076220993752202 ], [ -74.970942072627693, 40.076143352353199 ], [ -74.971054864448902, 40.076042570197203 ], [ -74.971171997367406, 40.075941893809997 ], [ -74.971261984295197, 40.075867272291802 ], [ -74.9713489962447, 40.0757591886669 ], [ -74.971382671149996, 40.075679866096102 ], [ -74.971416140921093, 40.075605548514901 ], [ -74.971398256796803, 40.0755116236164 ], [ -74.971350114664205, 40.075413627727201 ], [ -74.971290449385194, 40.075278624606099 ], [ -74.971233349014199, 40.0751870907918 ], [ -74.971237449181203, 40.0750870196037 ], [ -74.971250234496395, 40.0749871584256 ], [ -74.971281343233002, 40.074864367413397 ], [ -74.971320043677395, 40.074768471328603 ], [ -74.971367564603696, 40.074669450037398 ], [ -74.971452797084496, 40.074604730662799 ], [ -74.971593657957499, 40.074561390624801 ], [ -74.971623331026507, 40.074473624618598 ], [ -74.971617243514999, 40.074410035694001 ], [ -74.971576555844607, 40.074342271749501 ], [ -74.971488105058199, 40.074273352955203 ], [ -74.971271853822699, 40.074141241503803 ], [ -74.971080698245601, 40.074033110296199 ], [ -74.9710287618134, 40.073921666787001 ], [ -74.971031905456002, 40.073844945362701 ], [ -74.971043049528703, 40.073785112467398 ], [ -74.971106435538502, 40.0737232044306 ], [ -74.971200350898002, 40.073658695232297 ], [ -74.971539637910098, 40.073439846194503 ], [ -74.971733760518603, 40.073369411861101 ], [ -74.971874207593501, 40.073336077849298 ], [ -74.972014655665404, 40.073302744594301 ], [ -74.972130006342297, 40.073245430692801 ], [ -74.972220535104498, 40.073157465941499 ], [ -74.972272805904893, 40.073048541931399 ], [ -74.972298204468501, 40.072959002770901 ], [ -74.972332833162795, 40.072856330132701 ], [ -74.972414219353496, 40.072460955499103 ], [ -74.972435276304495, 40.0723713104721 ], [ -74.9725018687664, 40.0722310121281 ], [ -74.972575438243993, 40.072132620010599 ], [ -74.972656050768293, 40.072074466916099 ], [ -74.972798134943801, 40.072001103478399 ], [ -74.972918234890301, 40.071933886421903 ], [ -74.973063703676104, 40.071883977351497 ], [ -74.973213513420802, 40.071834173899902 ], [ -74.973381920349297, 40.071754767999202 ], [ -74.973475557717506, 40.071696928173601 ], [ -74.973529982892899, 40.0716414802177 ], [ -74.973567176251905, 40.071582276525 ], [ -74.973604095284699, 40.071529744031203 ], [ -74.973606689689205, 40.071466365905103 ], [ -74.973618105360103, 40.071399861540598 ], [ -74.973633041720205, 40.071353476652497 ], [ -74.973669961749195, 40.071300944165301 ], [ -74.973808178725307, 40.071215800117301 ], [ -74.973977129562499, 40.071123049961201 ], [ -74.974119345645406, 40.071046349687698 ], [ -74.974259923232495, 40.071009677586098 ], [ -74.974417595837906, 40.070980095169297 ], [ -74.974612049628206, 40.070901317588103 ], [ -74.974801888887299, 40.070829105177502 ], [ -74.974900002581407, 40.070768032987999 ], [ -74.974981568046999, 40.0706865275857 ], [ -74.975041560586106, 40.070601162702403 ], [ -74.975071705137694, 40.070501720434699 ], [ -74.975101714322093, 40.070405613358602 ], [ -74.975123584718602, 40.070295954069302 ], [ -74.975121836546407, 40.070232471073702 ], [ -74.9750980618456, 40.070069954729597 ], [ -74.975106361781897, 40.069973324305302 ], [ -74.975165944157595, 40.069897965769101 ], [ -74.975251030542196, 40.069836579632302 ], [ -74.975349005922794, 40.069778843128198 ], [ -74.975459598517304, 40.0697314283967 ], [ -74.975582259059095, 40.069707677806498 ], [ -74.975723924613504, 40.0696443180315 ], [ -74.975968589942497, 40.069506647343303 ], [ -74.976185019389803, 40.069421719024596 ], [ -74.976402267920804, 40.069316775684896 ], [ -74.976609467381294, 40.069244979467001 ], [ -74.976733626909095, 40.069184535335701 ], [ -74.976828691095804, 40.0690916676214 ], [ -74.976872812472806, 40.0689691894083 ], [ -74.976912047159104, 40.068859948911403 ], [ -74.977007337017398, 40.068655230368499 ], [ -74.977079281339797, 40.068490016272101 ], [ -74.977153521961299, 40.068374942630797 ], [ -74.977204962953707, 40.068286030995701 ], [ -74.977271064300396, 40.068157404317198 ], [ -74.9773302335946, 40.068092051975697 ], [ -74.977460436913603, 40.0679900153945 ], [ -74.977628692972203, 40.067913939329699 ], [ -74.977858685835798, 40.0678159787143 ], [ -74.978009847530402, 40.067732810972501 ], [ -74.978161143977403, 40.067646307827303 ], [ -74.978372269666494, 40.067584620496902 ], [ -74.978617992058702, 40.067527106590703 ], [ -74.978882715533601, 40.067429981649397 ], [ -74.979093566188695, 40.0673749642188 ], [ -74.979183124237593, 40.067310343794297 ], [ -74.9794133864836, 40.0672057088385 ], [ -74.979557223166594, 40.067088973389701 ], [ -74.979606888888, 40.067043424283398 ], [ -74.979713743863101, 40.066980890183601 ], [ -74.979781456510196, 40.066919081996403 ], [ -74.979805480528796, 40.066862898325901 ], [ -74.979838459969997, 40.066800251827502 ], [ -74.979845799139099, 40.066726970889803 ], [ -74.979910122981906, 40.066641707198102 ], [ -74.980049344298294, 40.066531537736097 ], [ -74.980165902603403, 40.066444194642997 ], [ -74.980268891999302, 40.066369880009702 ], [ -74.980379338207996, 40.066325796586099 ], [ -74.980515289375802, 40.066295683450001 ], [ -74.980677425332303, 40.066262861886599 ], [ -74.9807539554795, 40.066197926314302 ], [ -74.980858578021994, 40.066083582699697 ], [ -74.980923173501594, 40.065991647207397 ], [ -74.980971558217107, 40.065870940050701 ], [ -74.9809657350593, 40.065800680330597 ], [ -74.980947976454104, 40.0657034216852 ], [ -74.980922352157506, 40.0655859391075 ], [ -74.9809461024157, 40.065536426453598 ], [ -74.980981609998494, 40.0655079613705 ], [ -74.981026973472595, 40.065471595335701 ], [ -74.981086409173301, 40.065399568890903 ], [ -74.981124137168095, 40.065327020212699 ], [ -74.981155402765793, 40.065250545723103 ], [ -74.981157931610596, 40.065244359550903 ], [ -74.981152516778096, 40.065164093397897 ], [ -74.981100979100702, 40.065042647042901 ], [ -74.981064290706499, 40.064939651971898 ], [ -74.982357208632195, 40.064681862694201 ], [ -74.9828264017181, 40.064557876019201 ], [ -74.983260681565596, 40.064425466091798 ], [ -74.983735081928103, 40.0642687166931 ], [ -74.984174623515102, 40.0640846538044 ], [ -74.984952875879699, 40.063669842550098 ], [ -74.985579684978404, 40.063354564814297 ], [ -74.985612654895604, 40.063326336470098 ], [ -74.9870435237317, 40.062462691318899 ], [ -74.987943303142799, 40.061922120546299 ], [ -74.988390743981896, 40.0616412655395 ], [ -74.990434296177, 40.060405298564099 ], [ -74.990700906168598, 40.060239854090398 ], [ -74.990916156992796, 40.060114307544701 ], [ -74.991256059724506, 40.059958432339002 ], [ -74.991584505442503, 40.059838165145798 ], [ -74.992036330582295, 40.059690801052596 ], [ -74.992997641533194, 40.059449210349598 ], [ -74.994072834216595, 40.059169227928301 ], [ -74.995650495990304, 40.058764542584903 ], [ -74.996978126143702, 40.058426015724997 ], [ -74.9982613158368, 40.058089464955501 ], [ -74.999435365376499, 40.057767672399301 ], [ -74.999892158158403, 40.057641055755198 ], [ -75.001090702595604, 40.057282571329701 ], [ -75.001183373059604, 40.057241505137902 ], [ -75.002989258673196, 40.0560062801624 ], [ -75.004797411222896, 40.054756788021997 ], [ -75.006161177425199, 40.0537223026353 ], [ -75.007888922321499, 40.052390334231497 ], [ -75.007967302385495, 40.052324763365 ], [ -75.008226118981895, 40.052122900109701 ], [ -75.009045274389706, 40.0514814563941 ], [ -75.010151619843597, 40.0506173488643 ], [ -75.0115383059549, 40.049499666772803 ], [ -75.012276043685702, 40.0488943717437 ], [ -75.013221866289896, 40.048128347604703 ], [ -75.014022962408404, 40.047480843811698 ], [ -75.014852192223202, 40.046846359082501 ], [ -75.015707874690406, 40.0461900268755 ], [ -75.016379663501795, 40.045681538318703 ], [ -75.017423322843499, 40.044899783340199 ], [ -75.017432730551604, 40.044892523848603 ], [ -75.017476944941507, 40.044858405536402 ], [ -75.018428086088605, 40.044139644345499 ], [ -75.018443872065404, 40.044127706782 ], [ -75.018904200903407, 40.043844466181099 ], [ -75.019525941905002, 40.043629986595199 ], [ -75.020206142710194, 40.043537335627398 ], [ -75.020280811970807, 40.043527164807898 ], [ -75.0205028492217, 40.043551579656501 ], [ -75.020428729901795, 40.043649964606502 ], [ -75.020397656207294, 40.043807628504403 ], [ -75.020443252838405, 40.043903753770103 ], [ -75.020486048561395, 40.044069509255003 ], [ -75.020556098550102, 40.0441725517734 ], [ -75.020550496557604, 40.044311813150898 ], [ -75.020528676538206, 40.044444352919903 ], [ -75.020505075114002, 40.044621203107603 ], [ -75.020431036754303, 40.044822199728003 ], [ -75.020356997992394, 40.045023195398599 ], [ -75.020217068592004, 40.045222626095097 ], [ -75.020038123404305, 40.045367271384997 ], [ -75.019934448091803, 40.0454851940979 ], [ -75.019885880641596, 40.045667787067501 ], [ -75.019831709324293, 40.0459896413454 ], [ -75.019875269003194, 40.046136406490902 ], [ -75.019880354719504, 40.046151067729902 ], [ -75.019738350713297, 40.046248823729599 ], [ -75.019678315298194, 40.046291729714099 ], [ -75.019487665452203, 40.046427982904397 ], [ -75.0193897416776, 40.0464992094211 ], [ -75.019410856743093, 40.046518179428901 ], [ -75.018964408958695, 40.046835085255502 ], [ -75.018756163202198, 40.046983149919001 ], [ -75.018726567495193, 40.0469888031948 ], [ -75.018707555141404, 40.047003051900099 ], [ -75.018500237825293, 40.047158431362902 ], [ -75.018255253333194, 40.047342480240196 ], [ -75.018010283372504, 40.047526833528302 ], [ -75.017774191344898, 40.047717960792703 ], [ -75.017669080831396, 40.047821548597703 ], [ -75.017347641976301, 40.0482555174721 ], [ -75.017036784973698, 40.048798116588998 ], [ -75.016899349838894, 40.049190910626898 ], [ -75.016836237940893, 40.049383128502598 ], [ -75.016824251757399, 40.049647050765202 ], [ -75.016817889380803, 40.049841279309398 ], [ -75.016834165200706, 40.050185718570397 ], [ -75.016892242675297, 40.0504999198685 ], [ -75.016989003904499, 40.050830006211797 ], [ -75.017028454872801, 40.050930656776799 ], [ -75.017141200598502, 40.051188825017199 ], [ -75.017321823320103, 40.0515056834926 ], [ -75.017489548690193, 40.051752417279701 ], [ -75.017748204770598, 40.052065245349702 ], [ -75.018025266637807, 40.052331496889103 ], [ -75.018180207890097, 40.052461956682599 ], [ -75.018439831480507, 40.0526568648012 ], [ -75.018696678048798, 40.052823803219603 ], [ -75.0189519466863, 40.052971511895599 ], [ -75.019236305993203, 40.053125711579199 ], [ -75.019678076696806, 40.053359956861797 ], [ -75.019979826151697, 40.053505693408901 ], [ -75.020157772272597, 40.053612658647303 ], [ -75.020214161702, 40.053642363838797 ], [ -75.020602845525005, 40.053847799555797 ], [ -75.020715216545995, 40.0539073997994 ], [ -75.020758484329804, 40.0539241385355 ], [ -75.020988912216097, 40.054045538878199 ], [ -75.021271840009405, 40.054193921718301 ], [ -75.021555821182901, 40.054341128641099 ], [ -75.021839898314099, 40.054488224478298 ], [ -75.022123002357603, 40.054636396667398 ], [ -75.022404789286995, 40.054786123617902 ], [ -75.022685535114306, 40.054937131663102 ], [ -75.022962562189093, 40.055091888317698 ], [ -75.023016691978498, 40.055123581130502 ], [ -75.023235632354798, 40.055251768373402 ], [ -75.023469709579899, 40.055405471900002 ], [ -75.023525830952295, 40.055332857726498 ], [ -75.024964407492902, 40.053333747229402 ], [ -75.024937116921294, 40.053321920489402 ], [ -75.0248678873551, 40.0532894802258 ], [ -75.024744700486906, 40.053236016914099 ], [ -75.024620976633202, 40.053184892482101 ], [ -75.024467121250296, 40.053118211765899 ], [ -75.024305123611697, 40.0530479830216 ], [ -75.024168298745195, 40.052988741401499 ], [ -75.0240517439521, 40.052938274809698 ], [ -75.023938365062406, 40.0528890205903 ], [ -75.023835932299804, 40.052844628603999 ], [ -75.023702080148993, 40.0527865940848 ], [ -75.023525053150706, 40.052711413047099 ], [ -75.023346333277601, 40.052634338975999 ], [ -75.023118861209795, 40.0525338765557 ], [ -75.022934080964305, 40.052454335945399 ], [ -75.023029850344898, 40.052352084968298 ], [ -75.023218840154101, 40.052151001270303 ], [ -75.023355912275406, 40.0520067518109 ], [ -75.023472703571102, 40.0518848635379 ], [ -75.023577124569996, 40.051773739334401 ], [ -75.023645084366805, 40.051700794305198 ], [ -75.023708830028696, 40.051633568250601 ], [ -75.023770671146806, 40.051567749468703 ], [ -75.023869026669402, 40.0514619144477 ], [ -75.024026945847595, 40.051294220601598 ], [ -75.024137912834206, 40.051196067879701 ], [ -75.024248410450994, 40.051106496390801 ], [ -75.024370654570603, 40.051021605161303 ], [ -75.024488106965705, 40.050952606481303 ], [ -75.024504120448597, 40.050943423497401 ], [ -75.024522513064099, 40.050933769838402 ], [ -75.024540979963106, 40.050924076490503 ], [ -75.024560878112993, 40.050913633176897 ], [ -75.024577678948305, 40.0509048139672 ], [ -75.024594625546499, 40.050896452345398 ], [ -75.024605168922093, 40.050891949409703 ], [ -75.024617692677097, 40.050885460673697 ], [ -75.024630113825495, 40.050879862448497 ], [ -75.024661484068503, 40.050864562471702 ], [ -75.024690744090094, 40.0508505982489 ], [ -75.024708037048399, 40.050843187332298 ], [ -75.024721840131505, 40.050837365981799 ], [ -75.024730205715002, 40.050833837673302 ], [ -75.024739236665297, 40.050830674758402 ], [ -75.024761511612297, 40.050820634702802 ], [ -75.024904917891504, 40.050765549995198 ], [ -75.024966023899907, 40.050745599440802 ], [ -75.025052115053001, 40.050719503420098 ], [ -75.025052476298896, 40.050719412872802 ], [ -75.025089437168901, 40.050709329151502 ], [ -75.025124534177294, 40.0506999067347 ], [ -75.025155562482695, 40.050692648548697 ], [ -75.025165507144294, 40.050690322729402 ], [ -75.025178376528402, 40.050687312097999 ], [ -75.025198355848303, 40.050682638260803 ], [ -75.0252547321316, 40.050668257428597 ], [ -75.025354030700399, 40.050651631876697 ], [ -75.0253987121677, 40.050643799996799 ], [ -75.025456767579499, 40.050634757098898 ], [ -75.025547084306496, 40.050624362710202 ], [ -75.025624941838799, 40.050618180757503 ], [ -75.025677256497403, 40.0506136979063 ], [ -75.025713779787694, 40.050610156987403 ], [ -75.025722706803094, 40.050610135314997 ], [ -75.025729010364699, 40.050609077386802 ], [ -75.025751220295305, 40.050609440091002 ], [ -75.025782197814607, 40.050607531902699 ], [ -75.025786732618698, 40.050608183678797 ], [ -75.025790134316907, 40.0506089058984 ], [ -75.025795356769294, 40.050608171037602 ], [ -75.025801364002007, 40.050607163746001 ], [ -75.025804173373402, 40.0506066942391 ], [ -75.025810377169506, 40.0506078289119 ], [ -75.025817315930098, 40.0506082673772 ], [ -75.025826021565194, 40.050608473820397 ], [ -75.025833255765804, 40.050605905259999 ], [ -75.025838545794699, 40.050607400310099 ], [ -75.025843924619807, 40.050606158256798 ], [ -75.025893738376297, 40.050607339506797 ], [ -75.025899426879306, 40.0506063859237 ], [ -75.025903020247398, 40.050606189103 ], [ -75.025910077908506, 40.050606498828202 ], [ -75.025915071399794, 40.050607845377101 ], [ -75.025946253234395, 40.050608207243201 ], [ -75.026011887628698, 40.050610287103297 ], [ -75.026018186211303, 40.050611660088897 ], [ -75.026039016718599, 40.050612154020499 ], [ -75.026066816876295, 40.050612930347299 ], [ -75.026145836204606, 40.050618782154601 ], [ -75.026160317263702, 40.050619140830698 ], [ -75.026170397572599, 40.050621992001901 ], [ -75.026199354581706, 40.05062280744 ], [ -75.026204569216603, 40.050625654971697 ], [ -75.026221378408493, 40.050626053522997 ], [ -75.026231134939707, 40.050629025862897 ], [ -75.026245364770702, 40.050629363253599 ], [ -75.026259484701697, 40.050632438146302 ], [ -75.026271242937696, 40.050632716932498 ], [ -75.026280838820497, 40.050632944448701 ], [ -75.0262949598891, 40.050636020265003 ], [ -75.026301381352994, 40.050636172515198 ], [ -75.026307297645303, 40.050639036678 ], [ -75.026319745821098, 40.050639331817301 ], [ -75.026333865757607, 40.050642406700902 ], [ -75.026336627826694, 40.0506425604909 ], [ -75.026338912030695, 40.050642526344198 ], [ -75.026340992388398, 40.050642575667801 ], [ -75.026343021113405, 40.0506431517856 ], [ -75.026346527212098, 40.050644077399099 ], [ -75.026348930868707, 40.050644134387703 ], [ -75.026351603941094, 40.050644197764001 ], [ -75.026358582510596, 40.050645718406599 ], [ -75.026384927709799, 40.050649734595503 ], [ -75.026391874118801, 40.050650858910302 ], [ -75.026397002974406, 40.050653448499602 ], [ -75.026416627932903, 40.050658913736399 ], [ -75.026422061983695, 40.0506599174944 ], [ -75.026431970352306, 40.050661736461599 ], [ -75.026440960786303, 40.050663639989899 ], [ -75.026443394112405, 40.050664155416101 ], [ -75.026446932245904, 40.050664312284603 ], [ -75.026451853303897, 40.050664659624502 ], [ -75.0264650108372, 40.050666473624702 ], [ -75.026475473650507, 40.050667916477202 ], [ -75.026479551295793, 40.0506684780946 ], [ -75.026505116861102, 40.050662299253403 ], [ -75.026512947381306, 40.050660238566401 ], [ -75.026524848856496, 40.0506549630134 ], [ -75.026532045525201, 40.050651780802099 ], [ -75.026538035314303, 40.050649134038999 ], [ -75.026545662146503, 40.050642479446402 ], [ -75.026556686273096, 40.050632859827203 ], [ -75.026565061360799, 40.050617466517302 ], [ -75.026570298384399, 40.050607839452503 ], [ -75.026691334423901, 40.050593550021397 ], [ -75.026755729162304, 40.050788634028798 ], [ -75.027979880695696, 40.0510369580049 ], [ -75.029195406228894, 40.051291688978097 ], [ -75.029510117539004, 40.051339114776098 ], [ -75.029757744331803, 40.0513675716807 ], [ -75.0299808660331, 40.051386758971098 ], [ -75.030209203128507, 40.051388689769901 ], [ -75.030422002632406, 40.051383298854098 ], [ -75.030605916682504, 40.051365059549497 ], [ -75.030774015743702, 40.051346445607798 ], [ -75.030941418881596, 40.051345193576601 ], [ -75.031139478794998, 40.051368998921497 ], [ -75.031307123813704, 40.051418153423597 ], [ -75.031441736575502, 40.051463641715799 ], [ -75.031549379833905, 40.051518255472999 ], [ -75.031697162426596, 40.051616829811501 ], [ -75.031845196524401, 40.051767434029699 ], [ -75.031937402031502, 40.051913129154002 ], [ -75.031993299396007, 40.0520328501037 ], [ -75.032165153439806, 40.0524046692016 ], [ -75.032224100621306, 40.052506523997501 ], [ -75.032278062600199, 40.052558029801297 ], [ -75.032351185391803, 40.052597431770799 ], [ -75.032455343403697, 40.052619628770898 ], [ -75.032548342592605, 40.052629004640998 ], [ -75.032625806671106, 40.052618279905701 ], [ -75.032755798740595, 40.0525783005085 ], [ -75.032966521144203, 40.0525043512989 ], [ -75.033222702112198, 40.052402775511098 ], [ -75.033460870111497, 40.052284626355302 ], [ -75.033695090276495, 40.052148445217298 ], [ -75.033934692673299, 40.051994451811098 ], [ -75.034125389644302, 40.0518375077719 ], [ -75.034284906842004, 40.051701353413598 ], [ -75.034428529316699, 40.051554059146603 ], [ -75.034593140119, 40.051407260817797 ], [ -75.034786561763994, 40.051298816240902 ], [ -75.035010551786797, 40.051243116966802 ], [ -75.0352538103717, 40.051230926700498 ], [ -75.035506722245501, 40.051269193189199 ], [ -75.035661150653198, 40.051309247316397 ], [ -75.035859511296493, 40.051440720139297 ], [ -75.035953388790006, 40.051523043402398 ], [ -75.036022284633304, 40.051611565834598 ], [ -75.036072932080401, 40.051714591160902 ], [ -75.036105496114104, 40.051828052349798 ], [ -75.036117992060895, 40.051957331372897 ], [ -75.036101132561598, 40.052069624086499 ], [ -75.036059670792298, 40.052178619825199 ], [ -75.035949915037193, 40.052360677737397 ], [ -75.035890403575706, 40.052460752780597 ], [ -75.035866719165796, 40.052585452104601 ], [ -75.035869955239406, 40.052725374572397 ], [ -75.035903332242796, 40.052818488532097 ], [ -75.035964246768202, 40.052929902856199 ], [ -75.036035288053398, 40.053008971626603 ], [ -75.036129413966094, 40.053129316842998 ], [ -75.0362041238632, 40.053249204223803 ], [ -75.036282122514294, 40.053419404691297 ], [ -75.036334674671494, 40.053563206902403 ], [ -75.036364062866696, 40.053711893475203 ], [ -75.036372270560406, 40.053860078839001 ], [ -75.036362391871705, 40.0540186991702 ], [ -75.036309744308895, 40.054230618368898 ], [ -75.036276169171103, 40.0543116813556 ], [ -75.036225650121295, 40.054433648316397 ], [ -75.036145816827499, 40.054574323340702 ], [ -75.0359640144856, 40.054834785633403 ], [ -75.035228342648693, 40.055889615550299 ], [ -75.034430183620302, 40.057025209643797 ], [ -75.034332963539597, 40.057076331459299 ], [ -75.034495152858398, 40.057131857548299 ], [ -75.034748228066206, 40.057218497537598 ], [ -75.034872949132506, 40.058428391157499 ], [ -75.0342022643527, 40.059829336345899 ], [ -75.033708184724205, 40.060861342949103 ], [ -75.033673791614802, 40.0610078600414 ], [ -75.033617377274297, 40.061241546932898 ], [ -75.033555899649798, 40.061601664221797 ], [ -75.033532935728005, 40.061881338725797 ], [ -75.033524256335895, 40.062098076337698 ], [ -75.033582841740596, 40.062397757571802 ], [ -75.033919531634794, 40.0639785499448 ], [ -75.034000904463198, 40.0642968473229 ], [ -75.0340976463348, 40.0645251152364 ], [ -75.0342182577605, 40.064744908770699 ], [ -75.034385522142998, 40.064974844123299 ], [ -75.034588050163904, 40.065205611667103 ], [ -75.034814084796395, 40.0654369351886 ], [ -75.034843289800804, 40.065468628701304 ], [ -75.040045281580802, 40.0684178858683 ], [ -75.039984484700796, 40.068548290099599 ], [ -75.039902290422702, 40.0687245901333 ], [ -75.039529235656104, 40.069366659392003 ], [ -75.039374480230705, 40.069563434077203 ], [ -75.038952804955997, 40.0700648018612 ], [ -75.037977639798697, 40.0710867954311 ], [ -75.036882318577597, 40.072217279310799 ], [ -75.035991140764594, 40.073134057492702 ], [ -75.034842043004701, 40.074316118901699 ], [ -75.033946425144293, 40.075233949785797 ], [ -75.033458068200801, 40.075741646889497 ], [ -75.032653300725698, 40.076572006377901 ], [ -75.031181511369695, 40.078098022788502 ], [ -75.030246727320502, 40.0790672038314 ], [ -75.029362738670997, 40.079973636197799 ], [ -75.028607656406294, 40.080779189944501 ], [ -75.026986154675399, 40.082424662096898 ], [ -75.026776747600707, 40.0826686931808 ], [ -75.024898637260705, 40.084610550407398 ], [ -75.024775249019996, 40.084727266786302 ], [ -75.024164634627994, 40.085360232285097 ], [ -75.022312755592395, 40.087282025796902 ], [ -75.021617563058797, 40.088003428486203 ], [ -75.020774946217202, 40.088877787909198 ], [ -75.020599025742101, 40.089053460383496 ], [ -75.018600883307698, 40.091117892774101 ], [ -75.016721339476106, 40.093066655813203 ], [ -75.015226691324699, 40.094635158142303 ], [ -75.015031905780702, 40.094821126228197 ], [ -75.013736621987306, 40.096096729383703 ], [ -75.013432756030596, 40.096360054649899 ], [ -75.013065492349995, 40.096655647696302 ], [ -75.012201873867099, 40.097314061126497 ], [ -75.0119477650926, 40.097507787856301 ], [ -75.010241387879901, 40.098635587533998 ], [ -75.009547850489795, 40.099135982005798 ], [ -75.008358443830105, 40.099968303410598 ], [ -75.006092426014007, 40.101522408836999 ], [ -75.004908726066006, 40.1023303742883 ], [ -75.003086192762893, 40.103590644166303 ], [ -75.002259503581698, 40.104162037650902 ], [ -75.002091936680699, 40.104277855648597 ], [ -75.0014996321609, 40.104687233364302 ], [ -74.998900739061398, 40.1064796239434 ], [ -74.9968314502174, 40.107905308490899 ], [ -74.996691169856703, 40.107783939024102 ], [ -74.996397553372105, 40.107529902012097 ], [ -74.994765041783197, 40.106175262695203 ], [ -74.994343463560796, 40.106155678914703 ], [ -74.994046958617901, 40.105854847068997 ], [ -74.993798193286096, 40.105542560211397 ], [ -74.992061470737198, 40.104071502490598 ], [ -74.989140270585807, 40.101596952206101 ], [ -74.988506728284406, 40.101030031118903 ], [ -74.987593542536501, 40.100256666006899 ], [ -74.986553136922097, 40.099375530317097 ], [ -74.986366474701398, 40.099507284187602 ], [ -74.985580662720594, 40.100038720912899 ], [ -74.983938614364106, 40.101146960854003 ], [ -74.981999342599593, 40.102463264069399 ], [ -74.983017458306307, 40.103363262196801 ], [ -74.982664321667798, 40.103551265182602 ], [ -74.9817092103508, 40.104104621070299 ], [ -74.980631119666398, 40.104790018468897 ], [ -74.979810238016398, 40.1054366073908 ], [ -74.979874010783206, 40.105542967816298 ], [ -74.979527275615396, 40.105762392807399 ], [ -74.978963451723203, 40.106178296746698 ], [ -74.977799315297901, 40.107104607621402 ], [ -74.9702414255581, 40.1130964550781 ], [ -74.9700688452957, 40.113198130499399 ], [ -74.969577076325606, 40.115910339001303 ], [ -74.969494675265196, 40.116043339359301 ], [ -74.969420679160095, 40.116108059803501 ], [ -74.969137792369096, 40.116275318124998 ], [ -74.968971411814096, 40.116356061514601 ], [ -74.968768219374297, 40.116464605273997 ], [ -74.968549196903496, 40.116591517946802 ], [ -74.968187059505695, 40.116801355459401 ], [ -74.967945928266204, 40.116965056305801 ], [ -74.967895666747694, 40.117010137251299 ], [ -74.967862227223605, 40.117047927339101 ], [ -74.967651632364394, 40.117285921690197 ], [ -74.967509579344593, 40.1173946388326 ], [ -74.967408909622193, 40.117446975271697 ], [ -74.967156645575201, 40.1175921485709 ], [ -74.966888105047701, 40.117719973761098 ], [ -74.966786486726306, 40.117754029227399 ], [ -74.966688850042502, 40.117773835937598 ], [ -74.966634332519902, 40.117777732639603 ], [ -74.966576849765104, 40.117771124945101 ], [ -74.966424191539105, 40.117724393606103 ], [ -74.966305258815794, 40.117683695694502 ], [ -74.966084611620502, 40.117575980677003 ], [ -74.965998402533202, 40.117524336424403 ], [ -74.965909105508999, 40.117506525536498 ], [ -74.9657606830351, 40.117480761943497 ], [ -74.965169013739299, 40.117431874694603 ], [ -74.9650897920109, 40.117416914866098 ], [ -74.964882726530107, 40.117371472345702 ], [ -74.964610388631399, 40.117302278413597 ], [ -74.964434762024993, 40.1172771579676 ] ] ] } },
{ "type": "Feature", "properties": { "objectid": 4, "dist_name": "Central", "abbrev": "CTR", "Shape__Area": 28221330.23828125, "Shape__Length": 28401.823065160486 }, "geometry": { "type": "Polygon", "coordinates": [ [ [ -75.147912265285299, 39.967334387053803 ], [ -75.147149609608604, 39.967135917845503 ], [ -75.146745064506604, 39.969301981915798 ], [ -75.146546535574899, 39.970389717161602 ], [ -75.145862792504204, 39.970309484858099 ], [ -75.145019805516398, 39.970200482209698 ], [ -75.144067034838997, 39.970079976173103 ], [ -75.143591929037299, 39.970020740799498 ], [ -75.143097126629399, 39.969963832899701 ], [ -75.142372465589105, 39.969875175094401 ], [ -75.141519945518397, 39.969767367876301 ], [ -75.1406684365366, 39.969661624381303 ], [ -75.139581386262094, 39.969524100862799 ], [ -75.139000565346294, 39.969415494294601 ], [ -75.138592210970302, 39.969339267936903 ], [ -75.138500057133399, 39.969320383617799 ], [ -75.138007812065894, 39.969227431169401 ], [ -75.137766276260905, 39.969177547273503 ], [ -75.137255285221002, 39.969083853923699 ], [ -75.136793269770394, 39.968998885528798 ], [ -75.136226379093699, 39.968890872101802 ], [ -75.135740519588396, 39.968804737245001 ], [ -75.1353571065642, 39.968735576468902 ], [ -75.135145291405706, 39.968697010727702 ], [ -75.134430939608805, 39.968801024931501 ], [ -75.134425032807599, 39.967604032718498 ], [ -75.134422676835797, 39.967029042188202 ], [ -75.134421449276701, 39.9669203857325 ], [ -75.134412223507894, 39.966103421496001 ], [ -75.134416830741102, 39.965346003263399 ], [ -75.134417124543802, 39.965028525685597 ], [ -75.134417357275296, 39.964777444148602 ], [ -75.134350420940606, 39.9644869324339 ], [ -75.134001115722199, 39.964780075037503 ], [ -75.133690461025793, 39.965040778084003 ], [ -75.131984357138805, 39.965715082481502 ], [ -75.131785265027105, 39.965793767251803 ], [ -75.129770672804796, 39.966591945907901 ], [ -75.129517735748905, 39.966647093202099 ], [ -75.128700184613507, 39.966986907170998 ], [ -75.1277029094597, 39.965361879636703 ], [ -75.125930796539393, 39.962474062793603 ], [ -75.127776580296498, 39.961530328400599 ], [ -75.129089668614199, 39.960717209328898 ], [ -75.129832187725, 39.960225113788503 ], [ -75.130479788497894, 39.9596200418598 ], [ -75.130496984052101, 39.959603975433097 ], [ -75.130881606987003, 39.959152257565997 ], [ -75.131081602900494, 39.9589173709793 ], [ -75.131539836872605, 39.958291512426101 ], [ -75.132269788043004, 39.957051440390302 ], [ -75.133823849231902, 39.954271180680202 ], [ -75.134484260318402, 39.952952045689003 ], [ -75.134540406869903, 39.952839895754003 ], [ -75.134690048044007, 39.952506390671097 ], [ -75.134879549986593, 39.952084045720298 ], [ -75.135320864314295, 39.950821468886502 ], [ -75.135742735835606, 39.949526631496397 ], [ -75.135892788083694, 39.948893223839598 ], [ -75.1360388511428, 39.948276650888303 ], [ -75.136172674297001, 39.947484301773102 ], [ -75.1362895114964, 39.946596119048003 ], [ -75.136318244723199, 39.9458490997525 ], [ -75.136229192972806, 39.944940317835702 ], [ -75.136027251607103, 39.943742619183602 ], [ -75.135973586978395, 39.943389397236302 ], [ -75.1358623343841, 39.942657119714397 ], [ -75.135764734102494, 39.9419708522843 ], [ -75.135698176030303, 39.941014857698597 ], [ -75.135700590109806, 39.940802978098702 ], [ -75.135715575507604, 39.939488090574599 ], [ -75.135946254492893, 39.934022006717697 ], [ -75.135948978973303, 39.933957440085798 ], [ -75.135931055371202, 39.932811659144299 ], [ -75.135914243875902, 39.932453242763998 ], [ -75.135874286178606, 39.931601359576199 ], [ -75.135724544801107, 39.930659376003199 ], [ -75.135458273340603, 39.929523840526301 ], [ -75.135179783027993, 39.928706183993597 ], [ -75.135147781399994, 39.928625745062497 ], [ -75.141011608550698, 39.929393075001698 ], [ -75.141383965463604, 39.9294417910371 ], [ -75.144068467776904, 39.929790127149801 ], [ -75.144480650009598, 39.929859025318102 ], [ -75.144584392063805, 39.929916871836397 ], [ -75.145543589157, 39.930039600246602 ], [ -75.145868637539195, 39.930085429582199 ], [ -75.1461123560602, 39.930119790198802 ], [ -75.146195626930904, 39.930131530017199 ], [ -75.146416623869996, 39.930123862182199 ], [ -75.146373584249702, 39.930235276708402 ], [ -75.146173148012593, 39.931330192672597 ], [ -75.146083361059297, 39.931720792409301 ], [ -75.146004724984195, 39.932103714498801 ], [ -75.145912586749404, 39.932546404708397 ], [ -75.145841227701894, 39.9328448922871 ], [ -75.145759332999603, 39.933209422484303 ], [ -75.145705330147194, 39.933447241857799 ], [ -75.145538697737393, 39.933427875440501 ], [ -75.1453956958443, 39.9333875353595 ], [ -75.145381002104699, 39.9334563217678 ], [ -75.145116590139907, 39.934598107955502 ], [ -75.144890792576803, 39.935474346623003 ], [ -75.145261453004906, 39.9355743032094 ], [ -75.145742733004596, 39.935704015651098 ], [ -75.146168009606995, 39.935819029319397 ], [ -75.146358691630695, 39.935870597174699 ], [ -75.146811004072802, 39.935991913937102 ], [ -75.146907448751506, 39.9360193613688 ], [ -75.147814542155501, 39.936264976589499 ], [ -75.148287613387794, 39.9363888559906 ], [ -75.148696700867603, 39.9364955620443 ], [ -75.149320666444893, 39.936666609519001 ], [ -75.149930591558999, 39.936843350436398 ], [ -75.149934338874701, 39.936844435524101 ], [ -75.149938895343595, 39.936845756101803 ], [ -75.150230876136007, 39.936930362994097 ], [ -75.151760979929094, 39.937340779956401 ], [ -75.153289163139704, 39.9377450687413 ], [ -75.153726329543503, 39.937871968685599 ], [ -75.154810741332199, 39.938159496762999 ], [ -75.156319783805401, 39.938578337527602 ], [ -75.156784521784004, 39.938691149857597 ], [ -75.157173501811698, 39.938801864707401 ], [ -75.157850490231198, 39.938991227890398 ], [ -75.158296212038906, 39.939052826399298 ], [ -75.158634976436602, 39.939100068112602 ], [ -75.159047834454796, 39.939147314863199 ], [ -75.159419101914693, 39.9391903355965 ], [ -75.159798665892495, 39.939236286986002 ], [ -75.1602165879127, 39.939294374980001 ], [ -75.160922090375294, 39.939376161282397 ], [ -75.162575997545403, 39.939576560678603 ], [ -75.164141908645902, 39.939768206190699 ], [ -75.166227285731907, 39.940042796761503 ], [ -75.1664369531277, 39.939064862887101 ], [ -75.166714934919497, 39.937853853758298 ], [ -75.166818888928901, 39.937878068231903 ], [ -75.168448626825693, 39.938094238414401 ], [ -75.168954878429503, 39.938153545695499 ], [ -75.1700274210923, 39.938272094008902 ], [ -75.170529980804801, 39.938336126252103 ], [ -75.170842408656398, 39.938372339070099 ], [ -75.171060878767705, 39.938397759771199 ], [ -75.171605724301202, 39.938456918433403 ], [ -75.172220338308804, 39.938541035638799 ], [ -75.172683203886905, 39.938595511055901 ], [ -75.173176621653795, 39.938650964750501 ], [ -75.173732883824798, 39.938729894692202 ], [ -75.174207475593306, 39.938781152993201 ], [ -75.174753624919504, 39.938835418936101 ], [ -75.176313292531503, 39.939030815907401 ], [ -75.178253742177802, 39.939277119366302 ], [ -75.179840905554997, 39.939487876367103 ], [ -75.181497195976206, 39.9396966083848 ], [ -75.183143003746395, 39.939904922182002 ], [ -75.184957952738102, 39.940093410111203 ], [ -75.185343390396099, 39.940090178445303 ], [ -75.185784116793897, 39.940141250180901 ], [ -75.186318850484994, 39.940203213573099 ], [ -75.186554172287899, 39.940239503173103 ], [ -75.187447323036096, 39.940373515140401 ], [ -75.187982939121596, 39.940066209870203 ], [ -75.188241845709797, 39.9398878140221 ], [ -75.188715044949504, 39.939576817390602 ], [ -75.189013132143401, 39.939433254780397 ], [ -75.190496944262904, 39.940337631890102 ], [ -75.192593236297299, 39.9416140555048 ], [ -75.192780072104199, 39.941730459805001 ], [ -75.193582452986305, 39.942230360299199 ], [ -75.193530051673505, 39.942239363835 ], [ -75.193357829061995, 39.942277866163202 ], [ -75.193185997888804, 39.942323008381202 ], [ -75.193015574591101, 39.942374560869297 ], [ -75.192848237122007, 39.942432507884398 ], [ -75.192685665780701, 39.942496833745203 ], [ -75.192529537299194, 39.942567524501698 ], [ -75.192381549678004, 39.9426446856192 ], [ -75.192243131510693, 39.942731599824199 ], [ -75.192112933189406, 39.942827767629403 ], [ -75.191988894971303, 39.9429305022718 ], [ -75.191868958430106, 39.943037113403101 ], [ -75.191751063876694, 39.9431449133412 ], [ -75.191640138494094, 39.9432450028091 ], [ -75.191575189558705, 39.943207098418398 ], [ -75.1913622411994, 39.943083476483203 ], [ -75.191088774030206, 39.942925416259101 ], [ -75.191009545085393, 39.942879733500597 ], [ -75.1909680305276, 39.942918883246797 ], [ -75.190944373751805, 39.9429411933084 ], [ -75.190864376137796, 39.943016634805701 ], [ -75.190609435325499, 39.943257004638902 ], [ -75.190395981478702, 39.943442301163103 ], [ -75.190358220456304, 39.943483651836601 ], [ -75.190304884133994, 39.943539131423599 ], [ -75.190259169018404, 39.943586011549897 ], [ -75.190219068880296, 39.943638397793698 ], [ -75.190187388187198, 39.943674419491998 ], [ -75.190105047018093, 39.943741768493403 ], [ -75.190010490322194, 39.943835135340699 ], [ -75.189944099729601, 39.943893643633601 ], [ -75.189859542885401, 39.943959823063302 ], [ -75.189781459525094, 39.944036060728401 ], [ -75.189685276481697, 39.944124071468202 ], [ -75.1896173041157, 39.944182200091099 ], [ -75.189571555682093, 39.944246499326702 ], [ -75.189487000967105, 39.944332234946799 ], [ -75.189402026897596, 39.944434095516002 ], [ -75.189355250789603, 39.944481730995903 ], [ -75.189284808701998, 39.944531728556903 ], [ -75.189219034886193, 39.944583557532702 ], [ -75.189125267690201, 39.9446652912806 ], [ -75.189032672236095, 39.944733973872097 ], [ -75.188954168640805, 39.944783916491502 ], [ -75.188904943692194, 39.944820757994897 ], [ -75.188838793080293, 39.944879649471901 ], [ -75.188795834719002, 39.9449254535376 ], [ -75.188751821210303, 39.944962726699003 ], [ -75.188708378251206, 39.944997625811297 ], [ -75.188652883612605, 39.945041321746601 ], [ -75.188601383845594, 39.9450816100479 ], [ -75.188522316625296, 39.945129125997603 ], [ -75.188431453032393, 39.945208381406303 ], [ -75.188353769420999, 39.945267567382601 ], [ -75.188277966596203, 39.945317350934097 ], [ -75.188226599760497, 39.945348170635299 ], [ -75.188209592688594, 39.945375012094601 ], [ -75.188194567516007, 39.945409924907999 ], [ -75.188165044357802, 39.945429063408902 ], [ -75.188137500034003, 39.945438065594097 ], [ -75.188090470880894, 39.945464425713702 ], [ -75.188042307781203, 39.945481335929401 ], [ -75.188026632271203, 39.9454868594893 ], [ -75.187943739949702, 39.945547876845602 ], [ -75.187862253792304, 39.945607858759502 ], [ -75.187840164865904, 39.9456306645612 ], [ -75.187811586612099, 39.945655877063302 ], [ -75.187786003196194, 39.945680395103402 ], [ -75.187761366622198, 39.945705569500099 ], [ -75.187735225954697, 39.945731795108898 ], [ -75.187717661906007, 39.945749277888503 ], [ -75.187671140868005, 39.945755167446997 ], [ -75.187613281478704, 39.945764434767298 ], [ -75.187588469615903, 39.945787984296999 ], [ -75.187580693487305, 39.945802598852801 ], [ -75.187590615456699, 39.945816821289696 ], [ -75.187596814256196, 39.945828980134102 ], [ -75.187593631686298, 39.945834838581703 ], [ -75.187323842396907, 39.946005029934902 ], [ -75.187272915856298, 39.946018251536998 ], [ -75.187235963078294, 39.946032401614197 ], [ -75.187190624300101, 39.946033816854303 ], [ -75.187141777714103, 39.946031058612498 ], [ -75.187107197059404, 39.946032935837401 ], [ -75.187098614104201, 39.9460627936378 ], [ -75.187081994738094, 39.946091815940498 ], [ -75.187055300762793, 39.946124196451699 ], [ -75.186995895025703, 39.946172557967003 ], [ -75.1869342493559, 39.946230769697003 ], [ -75.186856933307993, 39.946289858409898 ], [ -75.186791398062795, 39.946325553416997 ], [ -75.186719271318196, 39.946372317760698 ], [ -75.186637960418807, 39.946408885522303 ], [ -75.186601420980296, 39.946425878315701 ], [ -75.186518807394194, 39.946478790034099 ], [ -75.186462581420798, 39.9465144946858 ], [ -75.1864378124464, 39.9465378512228 ], [ -75.186396149747395, 39.946577011426903 ], [ -75.1868752190111, 39.946925040971102 ], [ -75.186794200990903, 39.946979680645498 ], [ -75.186658898566904, 39.947072011886398 ], [ -75.186523944918804, 39.947164707570202 ], [ -75.186395200939799, 39.947253716196897 ], [ -75.1863893472336, 39.947257763353598 ], [ -75.186255109121504, 39.947351176615697 ], [ -75.1861212389733, 39.9474449421391 ], [ -75.185987740433205, 39.947539056402597 ], [ -75.185854619552899, 39.947633514136697 ], [ -75.185721882281996, 39.947728312772703 ], [ -75.185589534672602, 39.947823447041202 ], [ -75.185457581538699, 39.947918913446998 ], [ -75.185326030067998, 39.948014707647403 ], [ -75.185194883939104, 39.948110825220802 ], [ -75.185064150339997, 39.948207261824301 ], [ -75.184933834085101, 39.948304013962897 ], [ -75.184803942362294, 39.948401077293703 ], [ -75.184674479986199, 39.948498448321899 ], [ -75.184545451839696, 39.948596121751997 ], [ -75.184416863907302, 39.948694094115098 ], [ -75.184288722207498, 39.9487923610425 ], [ -75.184161033928703, 39.948890918191402 ], [ -75.184033758200201, 39.9489897628469 ], [ -75.183906218937906, 39.949088942056001 ], [ -75.183778567028895, 39.949188614167099 ], [ -75.183651311216494, 39.949288947337799 ], [ -75.183612421839996, 39.9493200847811 ], [ -75.183524958974303, 39.949390112402199 ], [ -75.183400019049301, 39.949492277522097 ], [ -75.183276997748806, 39.949595613510198 ], [ -75.183156404993696, 39.949700288558603 ], [ -75.183038747129402, 39.949806472583603 ], [ -75.182924534013296, 39.949914335582001 ], [ -75.182814270860206, 39.950024046547099 ], [ -75.182708467532706, 39.950135775478998 ], [ -75.182607676324807, 39.950249715854 ], [ -75.182515055054395, 39.950367560183103 ], [ -75.182431143242596, 39.9504896854707 ], [ -75.182354303032994, 39.950615288314303 ], [ -75.182282894359801, 39.950743561651898 ], [ -75.182215281760605, 39.950873700321601 ], [ -75.182149823881801, 39.951004899926801 ], [ -75.1820848864471, 39.951136354423397 ], [ -75.182018828118302, 39.951267258506597 ], [ -75.181911051554707, 39.951466049649497 ], [ -75.181893393274294, 39.951497344695703 ], [ -75.181875725687803, 39.951528637729098 ], [ -75.181867132529703, 39.951543849037598 ], [ -75.181858048829397, 39.951559927849502 ], [ -75.181840365038397, 39.951591215109303 ], [ -75.181822673111, 39.951622500382499 ], [ -75.181804975420903, 39.951653782821403 ], [ -75.181787270764104, 39.951685063299799 ], [ -75.181769561480095, 39.951716341870203 ], [ -75.181751846365202, 39.951747619406703 ], [ -75.181734126623198, 39.951778895035197 ], [ -75.181716402219905, 39.9518101696559 ], [ -75.181698674359197, 39.951841442394802 ], [ -75.181680944176804, 39.9518727141784 ], [ -75.181663210468798, 39.951903985880499 ], [ -75.181645474439094, 39.951935256627301 ], [ -75.181627738427096, 39.951966526471097 ], [ -75.181610000059194, 39.951997796259697 ], [ -75.181592261709199, 39.952029065145403 ], [ -75.181574523308697, 39.952060334928397 ], [ -75.181556784891896, 39.952091604708798 ], [ -75.181539048764293, 39.952122875439002 ], [ -75.181521312654397, 39.952154145266199 ], [ -75.181503579969302, 39.952185416969698 ], [ -75.181485849607299, 39.9522166887228 ], [ -75.181468122670196, 39.952247962352203 ], [ -75.181450399191903, 39.9522792369578 ], [ -75.181432680342297, 39.952310512565496 ], [ -75.181414964917494, 39.952341790049601 ], [ -75.181397256426806, 39.952373069488601 ], [ -75.1813795525307, 39.952404350830001 ], [ -75.181361855568696, 39.952435634126402 ], [ -75.181344165540807, 39.952466919377599 ], [ -75.181326482412899, 39.952498207484098 ], [ -75.181308807388902, 39.952529497571597 ], [ -75.181291141604504, 39.952560790566601 ], [ -75.181273483855804, 39.952592087343298 ], [ -75.181255836550605, 39.952623386153498 ], [ -75.181238198450899, 39.952654688771503 ], [ -75.181220570760601, 39.952685994323303 ], [ -75.181202953411599, 39.952717304609301 ], [ -75.181185348811397, 39.952748617881397 ], [ -75.1811677569262, 39.952779935039999 ], [ -75.181150176551995, 39.952811256959002 ], [ -75.181132608892597, 39.952842582764497 ], [ -75.181115056287794, 39.9528739125087 ], [ -75.1810975163297, 39.952905247939903 ], [ -75.181079992595798, 39.952936587336097 ], [ -75.181062482678598, 39.952967932445503 ], [ -75.181044988951399, 39.952999282420201 ], [ -75.181040192462007, 39.953007889589003 ], [ -75.181027512550301, 39.953030638186497 ], [ -75.181010052339303, 39.9530619988182 ], [ -75.180992609454293, 39.953093365241699 ], [ -75.180975183895299, 39.953124737456903 ], [ -75.180957771017304, 39.9531561144588 ], [ -75.180940282633699, 39.953187475351399 ], [ -75.180922699097096, 39.953218813387302 ], [ -75.180905028459307, 39.953250132351101 ], [ -75.180887277704798, 39.953281433300099 ], [ -75.180869453783899, 39.953312718191903 ], [ -75.180851566020493, 39.953343988136197 ], [ -75.180833621365196, 39.953375245090903 ], [ -75.180815626699996, 39.953406492814104 ], [ -75.180797590247494, 39.953437730588597 ], [ -75.180779520093594, 39.953468961298903 ], [ -75.180761423154905, 39.953500187802803 ], [ -75.180743307619394, 39.953531410283603 ], [ -75.180725180437804, 39.953562630699103 ], [ -75.180707050831998, 39.953593852859797 ], [ -75.180688924684702, 39.953625075996399 ], [ -75.180670810082304, 39.953656302993103 ], [ -75.180652716280605, 39.953687536760299 ], [ -75.180634647958797, 39.953718777402798 ], [ -75.180616615542704, 39.953750027856998 ], [ -75.180598626016703, 39.953781289180498 ], [ -75.180580686297503, 39.953812564231299 ], [ -75.180562803403603, 39.953843853166603 ], [ -75.180544986557194, 39.953875159796901 ], [ -75.180527243912493, 39.953906485206097 ], [ -75.180509581284596, 39.953937830425303 ], [ -75.1804920067936, 39.953969197438497 ], [ -75.180474528492098, 39.954000590030198 ], [ -75.180457153432698, 39.9540320074573 ], [ -75.180439890871497, 39.954063452630301 ], [ -75.1804227465894, 39.954094927480803 ], [ -75.180405728707001, 39.954126433992599 ], [ -75.180388846514404, 39.954157974175999 ], [ -75.180372105826606, 39.9541895490622 ], [ -75.180355514764102, 39.954221160635399 ], [ -75.180339080243499, 39.9542528117533 ], [ -75.180322811623299, 39.954284502625903 ], [ -75.180306715820095, 39.954316236111097 ], [ -75.180290799818707, 39.954348013266397 ], [ -75.180275072841397, 39.9543798379026 ], [ -75.180259540771303, 39.954411709250401 ], [ -75.180244211660906, 39.954443631094499 ], [ -75.180229093698898, 39.954475603618199 ], [ -75.180226269635597, 39.954481675344901 ], [ -75.180214194937705, 39.954507630606102 ], [ -75.180199521226697, 39.954539712189401 ], [ -75.180185083025805, 39.954571850404299 ], [ -75.180170886082195, 39.9546040480828 ], [ -75.180157096312698, 39.954636344982198 ], [ -75.180143827436595, 39.954668767977502 ], [ -75.180131051618304, 39.954701310137899 ], [ -75.180118740988107, 39.954733965433398 ], [ -75.180106871185501, 39.9547667279124 ], [ -75.180095412035101, 39.954799590591797 ], [ -75.180084339176105, 39.954832547519999 ], [ -75.180073623637199, 39.954865590840001 ], [ -75.180063238649893, 39.954898716348097 ], [ -75.180053159887507, 39.954931917192397 ], [ -75.180043356038695, 39.9549651854635 ], [ -75.180033803912494, 39.954998515235701 ], [ -75.180024475604597, 39.955031901379101 ], [ -75.180015343312803, 39.955065336062603 ], [ -75.1800063803027, 39.955098814182399 ], [ -75.179997559941697, 39.955132327933804 ], [ -75.179988854325401, 39.955165872186498 ], [ -75.179980237956997, 39.955199440062501 ], [ -75.179971683, 39.955233024630999 ], [ -75.179963162753594, 39.955266619887702 ], [ -75.179954650517104, 39.955300219828402 ], [ -75.179946118488004, 39.9553338166223 ], [ -75.179937539896997, 39.955367406065399 ], [ -75.1799288892813, 39.955400980379302 ], [ -75.179920137634298, 39.9554345326071 ], [ -75.179916747103306, 39.9554488304872 ], [ -75.179893011731707, 39.955534999484001 ], [ -75.179883590152002, 39.955568402450297 ], [ -75.179873932899497, 39.955601752382599 ], [ -75.1798640144426, 39.9556350433026 ], [ -75.179853805808506, 39.955668267353303 ], [ -75.179843282635403, 39.955701418582599 ], [ -75.179832415848097, 39.955734491834001 ], [ -75.179821201425995, 39.955767500532502 ], [ -75.179809663423597, 39.955800458732199 ], [ -75.179797827507798, 39.955833368809898 ], [ -75.179785719277803, 39.955866234943301 ], [ -75.179773365468193, 39.955899062236199 ], [ -75.179760791746105, 39.9559318530656 ], [ -75.179748022506999, 39.9559646124831 ], [ -75.179735916972902, 39.955995239658598 ], [ -75.179735085723493, 39.955997343818403 ], [ -75.179722004689395, 39.956030050296299 ], [ -75.179708807309396, 39.956062737047098 ], [ -75.179695519216907, 39.956095407348002 ], [ -75.179682163705806, 39.956128064424099 ], [ -75.179669382451607, 39.956159220665398 ], [ -75.179668769850593, 39.956160713431601 ], [ -75.179655360979496, 39.956193356695401 ], [ -75.179641964997501, 39.956225999345598 ], [ -75.179628606334205, 39.956258645533701 ], [ -75.179615310657397, 39.956291297636703 ], [ -75.179612410988696, 39.956298466891297 ], [ -75.179602103532602, 39.956323960732703 ], [ -75.179589011763397, 39.9563566381252 ], [ -75.179576060949501, 39.956389333991801 ], [ -75.179563275520806, 39.956422052484101 ], [ -75.179550683485004, 39.956454796031601 ], [ -75.179538309203807, 39.956487570586198 ], [ -75.179526178345398, 39.956520378525397 ], [ -75.179514317679704, 39.956553224052797 ], [ -75.179502751636505, 39.9565861113201 ], [ -75.179491507020003, 39.956619043631001 ], [ -75.179480609396194, 39.956652026063402 ], [ -75.179470084433405, 39.956685060994602 ], [ -75.179459958901504, 39.956718152628497 ], [ -75.179450256027195, 39.9567513059907 ], [ -75.179441004954199, 39.956784524437502 ], [ -75.179432228977205, 39.956817811193702 ], [ -75.179423953696798, 39.956851170437297 ], [ -75.179416040632304, 39.956884610778602 ], [ -75.179408284657498, 39.956918138433501 ], [ -75.1794006989129, 39.956951746488301 ], [ -75.179393294063502, 39.956985431577998 ], [ -75.179386084385698, 39.957019187715503 ], [ -75.179379080578599, 39.957053010635498 ], [ -75.179372296918601, 39.957086894350802 ], [ -75.1793657441048, 39.957120834596097 ], [ -75.179359435209903, 39.957154826258403 ], [ -75.1793533809671, 39.957188864171997 ], [ -75.179347596788702, 39.9572229432763 ], [ -75.179342092238301, 39.957257058379497 ], [ -75.179336881558299, 39.957291204394799 ], [ -75.179331975448207, 39.957325377056897 ], [ -75.179327388184404, 39.9573595703785 ], [ -75.1793231304664, 39.957393780094499 ], [ -75.179319214197207, 39.957428001065502 ], [ -75.179315653619796, 39.957462228204598 ], [ -75.179312460671198, 39.957496455472203 ], [ -75.179309646016904, 39.9575306795033 ], [ -75.179307223933705, 39.9575648943107 ], [ -75.179305206324997, 39.957599094755103 ], [ -75.1793036050598, 39.957633276597399 ], [ -75.179302432075701, 39.957667433798001 ], [ -75.179301700411699, 39.957701562144102 ], [ -75.179301423141098, 39.957735656522402 ], [ -75.179301611031406, 39.957769710867197 ], [ -75.1793022770878, 39.957803721865801 ], [ -75.179303434417506, 39.957837683504799 ], [ -75.179305093754195, 39.957871590618701 ], [ -75.179307269341095, 39.957905438120498 ], [ -75.179309965892301, 39.957939225214602 ], [ -75.179313112889503, 39.957972989965597 ], [ -75.179316672319601, 39.958006746838599 ], [ -75.179320631348801, 39.958040494645303 ], [ -75.179324975871907, 39.958074234871297 ], [ -75.179329691851095, 39.958107967202203 ], [ -75.179334766487003, 39.958141689549002 ], [ -75.179340184470007, 39.9581754042716 ], [ -75.179345932966399, 39.9582091101815 ], [ -75.179351999074498, 39.9582428078905 ], [ -75.179358367620694, 39.958276496157502 ], [ -75.179365025669199, 39.958310176494599 ], [ -75.179371958046502, 39.958343847660899 ], [ -75.179379153020506, 39.958377510294198 ], [ -75.179386596587506, 39.958411163179903 ], [ -75.1793942734719, 39.958444807777497 ], [ -75.179402170805602, 39.958478443798803 ], [ -75.179410275754705, 39.9585120700551 ], [ -75.179418573077498, 39.958545687105797 ], [ -75.179427049871904, 39.958579295562799 ], [ -75.179435690964297, 39.958612894185102 ], [ -75.179444484622195, 39.9586464836107 ], [ -75.179453416773697, 39.958680064425401 ], [ -75.179462472245106, 39.958713635388101 ], [ -75.179471638134004, 39.958747197110696 ], [ -75.179480901572305, 39.9587807493048 ], [ -75.179490247352206, 39.9588142916297 ], [ -75.179499662571104, 39.958847824697301 ], [ -75.179509133191203, 39.958881348193103 ], [ -75.179518645140007, 39.958914862702699 ], [ -75.179528184447705, 39.958948366111102 ], [ -75.179537739313503, 39.958981860856902 ], [ -75.179547293427603, 39.959015344772702 ], [ -75.179556835023305, 39.959048819396898 ], [ -75.179566348892394, 39.959082284388799 ], [ -75.179575822166598, 39.959115739459897 ], [ -75.179585240807398, 39.959149184295903 ], [ -75.179594590776503, 39.959182618582197 ], [ -75.179603859171394, 39.959216042930798 ], [ -75.179613030783599, 39.959249457000901 ], [ -75.179622093880496, 39.9592828614308 ], [ -75.179630991116596, 39.959316286471001 ], [ -75.179639570423106, 39.959349852153302 ], [ -75.179647879036807, 39.959383547822902 ], [ -75.179655982253394, 39.9594173497144 ], [ -75.179663950082201, 39.959451233266897 ], [ -75.179671847853101, 39.959485173814997 ], [ -75.179679744371697, 39.9595191476715 ], [ -75.179687706172103, 39.959553129296999 ], [ -75.179695800856294, 39.959587095878597 ], [ -75.179704094958595, 39.959621021876501 ], [ -75.1797126573192, 39.959654882703603 ], [ -75.179721554404594, 39.9596886546205 ], [ -75.179730852715494, 39.959722312987701 ], [ -75.179740621092293, 39.959755833217798 ], [ -75.179750927205802, 39.959789190697698 ], [ -75.179761836353094, 39.959822361661601 ], [ -75.179773417375003, 39.959855321521999 ], [ -75.179785736738793, 39.959888046539703 ], [ -75.179798862183702, 39.959920510300499 ], [ -75.1798128624486, 39.959952690917703 ], [ -75.179822646858696, 39.959973563999398 ], [ -75.179827802933303, 39.959984561924799 ], [ -75.1798437512753, 39.960016099608097 ], [ -75.179848584567495, 39.960024952201103 ], [ -75.179860775111806, 39.960047280254301 ], [ -75.179878942114598, 39.960078079249399 ], [ -75.179898222731495, 39.960108504039802 ], [ -75.1799165963901, 39.960136936195298 ], [ -75.1799178220122, 39.9601388314479 ], [ -75.1799375466111, 39.960169127420997 ], [ -75.179957394188705, 39.960199391906698 ], [ -75.179977364745099, 39.960229624904997 ], [ -75.179997455940594, 39.960259826363398 ], [ -75.180017665401607, 39.9602899971296 ], [ -75.180037990788605, 39.9603201371512 ], [ -75.180058432101504, 39.960350246428099 ], [ -75.180078986966805, 39.960380325808003 ], [ -75.180099653078699, 39.960410374338402 ], [ -75.180120428063802, 39.9604403928669 ], [ -75.180141311922, 39.960470381393499 ], [ -75.180162302313803, 39.960500339865703 ], [ -75.180183396831296, 39.960530270031597 ], [ -75.180204593203001, 39.9605601700381 ], [ -75.180225891394997, 39.960590040785497 ], [ -75.180247289067694, 39.960619882221401 ], [ -75.180268783813204, 39.960649696093697 ], [ -75.180290373394001, 39.960679479649201 ], [ -75.180312057674101, 39.960709236488903 ], [ -75.180333833245996, 39.9607389638334 ], [ -75.180355700041702, 39.960768663483201 ], [ -75.180377654551805, 39.960798335359499 ], [ -75.1803996967421, 39.960827980362502 ], [ -75.180421823171201, 39.960857596613202 ], [ -75.180444033771195, 39.960887185912 ], [ -75.180466325032398, 39.960916748180097 ], [ -75.180488695785002, 39.960946283391301 ], [ -75.180511144825203, 39.960975792419902 ], [ -75.180533669847406, 39.961005274312797 ], [ -75.180556269647596, 39.961034729944203 ], [ -75.180578941886097, 39.961064159261603 ], [ -75.1806016853931, 39.961093562238801 ], [ -75.180624497794895, 39.961122939723602 ], [ -75.180647376785799, 39.961152290763202 ], [ -75.180670322297701, 39.961181617158303 ], [ -75.180693330855107, 39.961210917929797 ], [ -75.180716402423997, 39.961240193978 ], [ -75.180739533494801, 39.961269445224303 ], [ -75.180762722931703, 39.961298670742103 ], [ -75.180785969496696, 39.961327872305702 ], [ -75.180809270884097, 39.961357048962597 ], [ -75.180832625855999, 39.9613862024868 ], [ -75.180856032140696, 39.961415331025499 ], [ -75.1808794873305, 39.961444436326701 ], [ -75.180902991459305, 39.961473517490298 ], [ -75.180926540983606, 39.961502575337803 ], [ -75.180950135903203, 39.961531609869098 ], [ -75.180973771504696, 39.961560621879798 ], [ -75.180997450161897, 39.961589610521997 ], [ -75.181021166025303, 39.961618575664602 ], [ -75.181044920196697, 39.961647519134203 ], [ -75.181068710370496, 39.961676439978397 ], [ -75.181092533002897, 39.9617053390186 ], [ -75.181116388127805, 39.961734215354603 ], [ -75.181140273337704, 39.961763070734598 ], [ -75.181164187530499, 39.961791903331701 ], [ -75.181188128264395, 39.961820715794303 ], [ -75.181212094437498, 39.961849506295898 ], [ -75.181236082540295, 39.961878274757602 ], [ -75.181260092470396, 39.9619070238803 ], [ -75.181284123126204, 39.961935751837203 ], [ -75.181308169828, 39.961964458523703 ], [ -75.181332233677693, 39.9619931457663 ], [ -75.181356312403395, 39.962021811712098 ], [ -75.181380402393401, 39.962050458983398 ], [ -75.181404503715797, 39.9620790857796 ], [ -75.181428613996601, 39.962107692948599 ], [ -75.18145276413, 39.962136268567797 ], [ -75.181477034827097, 39.962164783809797 ], [ -75.181501426053799, 39.962193239574702 ], [ -75.181525934300694, 39.962221635783898 ], [ -75.181550555921902, 39.9622499759598 ], [ -75.181575287373605, 39.962278260923902 ], [ -75.1816001262481, 39.962306492424197 ], [ -75.181625067763704, 39.962334673056802 ], [ -75.181650108376701, 39.962362803643202 ], [ -75.181675245713294, 39.962390885031198 ], [ -75.181700476127801, 39.962418920743197 ], [ -75.181725796042201, 39.962446912501001 ], [ -75.181751200743193, 39.962474861100198 ], [ -75.181776688992599, 39.962502768314899 ], [ -75.181802254872906, 39.962530635814701 ], [ -75.1818278971122, 39.962558466273997 ], [ -75.181853612166705, 39.962586260514598 ], [ -75.181879394118795, 39.962614020205798 ], [ -75.181905241730604, 39.962641747122099 ], [ -75.181931151390401, 39.962669443885503 ], [ -75.181957118350297, 39.962697112191698 ], [ -75.181983141440597, 39.962724752014601 ], [ -75.182009214675404, 39.962752366823999 ], [ -75.182035335681107, 39.962779957468001 ], [ -75.182061500845805, 39.962807526568596 ], [ -75.182087707795603, 39.962835074973803 ], [ -75.182113950612901, 39.962862604352999 ], [ -75.182140228025801, 39.962890117380702 ], [ -75.182166535286399, 39.962917615752801 ], [ -75.182192871224899, 39.962945099442997 ], [ -75.182219228685796, 39.9629725718952 ], [ -75.182245607600805, 39.963000034910003 ], [ -75.182272002120399, 39.963027488356197 ], [ -75.182298409734798, 39.963054936682902 ], [ -75.182324828103901, 39.963082379837601 ], [ -75.182351251310095, 39.963109819490001 ], [ -75.182377678081593, 39.963137258314497 ], [ -75.1824041037044, 39.963164697106798 ], [ -75.182430525736706, 39.963192138515097 ], [ -75.182456939464799, 39.963219583335103 ], [ -75.182483342446702, 39.963247034215101 ], [ -75.182509729968601, 39.963274491950699 ], [ -75.182536099588802, 39.963301959190197 ], [ -75.182562448933098, 39.963329436781599 ], [ -75.182588772084003, 39.963356926394397 ], [ -75.182615066565404, 39.963384431577403 ], [ -75.182641330037598, 39.9634119522782 ], [ -75.182667557752595, 39.963439490192499 ], [ -75.182693747268601, 39.963467047968798 ], [ -75.182719892667805, 39.963494627276901 ], [ -75.182745993916299, 39.963522229016803 ], [ -75.1827720450962, 39.9635498548583 ], [ -75.182798043731495, 39.9635775083499 ], [ -75.182823986312499, 39.9636051894134 ], [ -75.182849869261204, 39.963632899770602 ], [ -75.182875688931802, 39.963660642944099 ], [ -75.182901441848301, 39.963688417954998 ], [ -75.182927125500896, 39.963716229252398 ], [ -75.182952735209696, 39.9637440767317 ], [ -75.182978267396805, 39.963771962114699 ], [ -75.183003719586097, 39.963799888950298 ], [ -75.183029088268, 39.963827857159899 ], [ -75.1830543686944, 39.963855868439403 ], [ -75.183079559559403, 39.9638839263637 ], [ -75.183104655013096, 39.9639120308019 ], [ -75.183129652613701, 39.963940184402702 ], [ -75.183154549987094, 39.963968388013797 ], [ -75.183179342317402, 39.963996645131601 ], [ -75.1832040260947, 39.9640249556778 ], [ -75.183228555942804, 39.964053342964498 ], [ -75.183252888825294, 39.964081830356399 ], [ -75.183277033135695, 39.9641104126352 ], [ -75.183300994825501, 39.964139087231302 ], [ -75.183324781084593, 39.964167849800603 ], [ -75.183348401442103, 39.964196696051097 ], [ -75.183371863053907, 39.964225622539203 ], [ -75.183395171939594, 39.964254624894402 ], [ -75.183418338764596, 39.964283699751498 ], [ -75.183441368344603, 39.964312843614202 ], [ -75.183464269073298, 39.964342051264303 ], [ -75.1834707316238, 39.9643503535736 ], [ -75.183487049276195, 39.964371319283998 ], [ -75.183509716108901, 39.964400644229499 ], [ -75.183532277897001, 39.964430022682997 ], [ -75.183543094791006, 39.964444193359199 ], [ -75.183554740694305, 39.964459449373997 ], [ -75.183577113996293, 39.964488920910703 ], [ -75.183599403754798, 39.964518434723502 ], [ -75.183621618397197, 39.964547984693702 ], [ -75.183643766181504, 39.964577569204202 ], [ -75.183665853161102, 39.964607182984203 ], [ -75.183687888865805, 39.964636821741898 ], [ -75.183709880417297, 39.964666482933701 ], [ -75.183731835005204, 39.964696162215297 ], [ -75.183753758683494, 39.964725854316001 ], [ -75.183775662049499, 39.964755557670898 ], [ -75.183797551157198, 39.964785267009297 ], [ -75.183819434332193, 39.964814978913502 ], [ -75.1838413175944, 39.964844689012999 ], [ -75.183863210473405, 39.964874393015798 ], [ -75.183885120091006, 39.964904088378297 ], [ -75.183907053637, 39.964933770756197 ], [ -75.1839290183011, 39.964963435805203 ], [ -75.183951023579198, 39.964993080133503 ], [ -75.183973075490997, 39.965022699370898 ], [ -75.183995181192401, 39.965052290073203 ], [ -75.184017350212997, 39.965081847948497 ], [ -75.184039589708803, 39.965111369552702 ], [ -75.184061820796202, 39.965140897271198 ], [ -75.184083757631598, 39.965170589596298 ], [ -75.184105401418904, 39.965200445654197 ], [ -75.184126779712997, 39.965230448942101 ], [ -75.184147919966904, 39.965260585657802 ], [ -75.184168848599697, 39.965290838372098 ], [ -75.184189595404305, 39.965321193335299 ], [ -75.184210186799802, 39.965351633117898 ], [ -75.184230649069406, 39.965382143891702 ], [ -75.184251010972105, 39.965412708279601 ], [ -75.184271301097098, 39.965443313405899 ], [ -75.1842915447276, 39.965473940914698 ], [ -75.184311771656894, 39.965504577056201 ], [ -75.184332008270104, 39.965535205301101 ], [ -75.184352282054604, 39.965565810946998 ], [ -75.184372620565696, 39.965596377490698 ], [ -75.184393051290797, 39.9656268902297 ], [ -75.184413602920998, 39.965657333587401 ], [ -75.184434301807997, 39.965687691934598 ], [ -75.184455175507196, 39.965717948768301 ], [ -75.184476252675907, 39.965748089412003 ], [ -75.1844975596658, 39.965778098236598 ], [ -75.184519125168293, 39.965807959665199 ], [ -75.184540975500795, 39.9658376589691 ], [ -75.184563139423204, 39.9658671787709 ], [ -75.184585643252802, 39.9658965043417 ], [ -75.184608515647398, 39.9659256210048 ], [ -75.184631784162505, 39.9659545122569 ], [ -75.184655475115903, 39.965983163369003 ], [ -75.184679617267093, 39.966011556963799 ], [ -75.184704238035806, 39.9660396801386 ], [ -75.184729365011805, 39.966067515490003 ], [ -75.184755024546803, 39.966095047388599 ], [ -75.184781246434397, 39.9661222620838 ], [ -75.184808055924407, 39.966149142119598 ], [ -75.184835386900602, 39.966175732869999 ], [ -75.184862863845197, 39.966202272816197 ], [ -75.184890444823395, 39.966228787149802 ], [ -75.184918131073204, 39.966255274096298 ], [ -75.184945919186703, 39.966281730876503 ], [ -75.184973812673803, 39.966308157568903 ], [ -75.185001809296807, 39.966334551420097 ], [ -75.185029909089707, 39.966360911529897 ], [ -75.185058112188599, 39.966387234297301 ], [ -75.185086418559493, 39.966413520622403 ], [ -75.185114827134399, 39.966439767778297 ], [ -75.185143338015493, 39.966465973064103 ], [ -75.185171951202705, 39.966492136479701 ], [ -75.185200666798195, 39.966518255324303 ], [ -75.1852294836998, 39.966544327771203 ], [ -75.185258403111902, 39.9665703529461 ], [ -75.185287423932195, 39.966596329022501 ], [ -75.185316545092903, 39.9666222532733 ], [ -75.185345768968105, 39.966648124850401 ], [ -75.185375092081699, 39.966673942775103 ], [ -75.185404516875707, 39.966699704398899 ], [ -75.185434041078196, 39.9667254078689 ], [ -75.185463665893195, 39.966751052310897 ], [ -75.185493391388704, 39.966776635924298 ], [ -75.185523216462698, 39.966802156882402 ], [ -75.185553141217099, 39.966827612484401 ], [ -75.185583164482196, 39.966853002703999 ], [ -75.185613288699699, 39.966878324892797 ], [ -75.185643510393703, 39.9669035780719 ], [ -75.185673830836095, 39.966928759566699 ], [ -75.185704251197095, 39.966953869403198 ], [ -75.185734769306507, 39.966978903027801 ], [ -75.185765385130296, 39.9670038613407 ], [ -75.185796099940504, 39.9670287416672 ], [ -75.185826911431107, 39.967053543054703 ], [ -75.185857822043999, 39.967078262854599 ], [ -75.185888828303106, 39.9671029000882 ], [ -75.185919932650506, 39.967127452106901 ], [ -75.185951133916205, 39.967151918884497 ], [ -75.185982432235903, 39.96717629682 ], [ -75.186013827609798, 39.967200585913197 ], [ -75.186045317799696, 39.967224783411098 ], [ -75.186076905179505, 39.967248888465498 ], [ -75.186108588681194, 39.967272898349599 ], [ -75.186140367134797, 39.967296813037102 ], [ -75.186172241846094, 39.967320628952997 ], [ -75.186204211678998, 39.967344345170901 ], [ -75.186236276667501, 39.967367960790497 ], [ -75.1862684357435, 39.967391473084703 ], [ -75.186300690144904, 39.9674148802793 ], [ -75.186333039905605, 39.967438181473597 ], [ -75.186365483923495, 39.9674613748412 ], [ -75.186398021096394, 39.967484458555397 ], [ -75.186430652662395, 39.967507430841401 ], [ -75.186463377485197, 39.967530290773098 ], [ -75.1864961968367, 39.967553035675699 ], [ -75.186529108444802, 39.967575663696302 ], [ -75.186562113479397, 39.967598174860903 ], [ -75.186595212076298, 39.967620565568502 ], [ -75.186628401929497, 39.967642834866503 ], [ -75.186661685446694, 39.9676649810066 ], [ -75.186695104970894, 39.967686967993203 ], [ -75.186728893480705, 39.967708610918002 ], [ -75.186763075123494, 39.967729890497701 ], [ -75.186797635281494, 39.967750821722802 ], [ -75.186832559472805, 39.967771415982398 ], [ -75.186867833147801, 39.967791686466398 ], [ -75.186903441790406, 39.967811645464302 ], [ -75.186939372021001, 39.967831306192103 ], [ -75.186975609323795, 39.9678506809393 ], [ -75.187012139114799, 39.967869783796097 ], [ -75.187048945810304, 39.967888624325198 ], [ -75.187086018268502, 39.967907218495597 ], [ -75.187123338531606, 39.967925576718201 ], [ -75.187160894355898, 39.967943713135199 ], [ -75.187198671225403, 39.967961640036499 ], [ -75.187236654624598, 39.9679793697116 ], [ -75.187274830003503, 39.967996915350703 ], [ -75.187313182846395, 39.9680142892433 ], [ -75.1873516997737, 39.968031504605797 ], [ -75.187390366303504, 39.968048572827499 ], [ -75.187429166648201, 39.968065508872897 ], [ -75.187468087529993, 39.968082323257498 ], [ -75.187507114365204, 39.9680990300715 ], [ -75.187546233842198, 39.968115640730801 ], [ -75.187585430207406, 39.968132169299501 ], [ -75.187624690115101, 39.968148628093701 ], [ -75.187663999049505, 39.968165029403202 ], [ -75.187703342461305, 39.968181386418401 ], [ -75.187742705868601, 39.968197710528798 ], [ -75.187782074687902, 39.968214015824898 ], [ -75.187821435539703, 39.968230315523101 ], [ -75.187860773942504, 39.968246621013201 ], [ -75.187900074210503, 39.9682629445591 ], [ -75.187939322930504, 39.968279300277302 ], [ -75.187978506756707, 39.968295700484198 ], [ -75.188017610003797, 39.968312157443698 ], [ -75.188056619292297, 39.968328684372302 ], [ -75.188095518970698, 39.9683452926337 ], [ -75.188134296761504, 39.968361997271103 ], [ -75.188172935877304, 39.968378808721802 ], [ -75.188211450799699, 39.968395715596301 ], [ -75.188250155106402, 39.968412414047499 ], [ -75.188289126496201, 39.968428831026301 ], [ -75.188328347909405, 39.968444984171597 ], [ -75.188367798606905, 39.968460895545498 ], [ -75.188407459189094, 39.968476582734702 ], [ -75.188447310120594, 39.968492066927297 ], [ -75.188487333104106, 39.968507367536603 ], [ -75.188527506332207, 39.968522503898001 ], [ -75.188567812643697, 39.968537496351303 ], [ -75.188608231367198, 39.968552365158203 ], [ -75.188648744273394, 39.968567127931898 ], [ -75.188689330623305, 39.968581806734399 ], [ -75.188729970949595, 39.968596420953403 ], [ -75.188770648158993, 39.9686109891284 ], [ -75.188811339240502, 39.968625531469002 ], [ -75.188852027032894, 39.968640068315402 ], [ -75.188892692069302, 39.968654619055101 ], [ -75.188933313712496, 39.968669203049799 ], [ -75.188973873597604, 39.968683841513901 ], [ -75.189014351155393, 39.968698552008497 ], [ -75.189054729157306, 39.9687133566743 ], [ -75.189094985830195, 39.968728273946603 ], [ -75.189135102877103, 39.9687433232396 ], [ -75.189175060797197, 39.968758524841299 ], [ -75.189214840123597, 39.968773898139503 ], [ -75.189254420151698, 39.968789464296698 ], [ -75.189293783822507, 39.968805240952399 ], [ -75.189332910431503, 39.968821249268998 ], [ -75.189371779307606, 39.968837509508603 ], [ -75.189410373392306, 39.968854039311204 ], [ -75.189448671946906, 39.968870860739202 ], [ -75.189486656708695, 39.968887992306598 ], [ -75.189524305871004, 39.9689054533494 ], [ -75.189561602239095, 39.968923265108302 ], [ -75.1895985252104, 39.9689414460452 ], [ -75.189635055284398, 39.968960016448399 ], [ -75.189671174130396, 39.968978996632501 ], [ -75.189706861145595, 39.968998405059402 ], [ -75.189742096829605, 39.969018262017499 ], [ -75.189776862851801, 39.969038587821402 ], [ -75.189811206522606, 39.969059370011898 ], [ -75.189845536695302, 39.969080417688097 ], [ -75.189879905106693, 39.969101694161701 ], [ -75.1899142905948, 39.969123201663699 ], [ -75.189948672167205, 39.969144937923701 ], [ -75.189983026389598, 39.969166903319703 ], [ -75.190017331031797, 39.969189097355901 ], [ -75.190051563863605, 39.969211519536401 ], [ -75.190085703790402, 39.9692341702916 ], [ -75.190119726241903, 39.969257049073398 ], [ -75.190153612531603, 39.969280154564103 ], [ -75.190187336851295, 39.969303487989897 ], [ -75.190220879344295, 39.969327048007102 ], [ -75.190254216576093, 39.969350834994103 ], [ -75.190287327486104, 39.969374848481202 ], [ -75.190320188673894, 39.969399087946599 ], [ -75.190352779078694, 39.969423552920702 ], [ -75.190385075299702, 39.969448242881697 ], [ -75.190417056242495, 39.9694731582603 ], [ -75.190448699676296, 39.9694982985609 ], [ -75.190479982200003, 39.969523663261803 ], [ -75.190510882719195, 39.969549252793698 ], [ -75.190541379036702, 39.9695750657609 ], [ -75.190571447717801, 39.969601102541901 ], [ -75.190601068871402, 39.969627362693501 ], [ -75.190630217926497, 39.9696538456678 ], [ -75.190658873788195, 39.969680551895898 ], [ -75.190687013089303, 39.969707479955801 ], [ -75.190714615904596, 39.969734630304501 ], [ -75.190741658833105, 39.969762002420502 ], [ -75.190768119609601, 39.969789596708502 ], [ -75.190793976036602, 39.9698174117731 ], [ -75.190819204712696, 39.969845447092503 ], [ -75.190843785678993, 39.969873704024202 ], [ -75.190867696737698, 39.969902181172401 ], [ -75.190890913317403, 39.969930877989597 ], [ -75.190913414322495, 39.969959794906799 ], [ -75.190935178691703, 39.969988931454701 ], [ -75.190956183056997, 39.970018286211499 ], [ -75.190976405119002, 39.970047860482403 ], [ -75.190995823849804, 39.970077652897899 ], [ -75.191014441622698, 39.970107662610303 ], [ -75.191032540639199, 39.970137858972102 ], [ -75.191050212569607, 39.970168233215901 ], [ -75.191067468147494, 39.970198780175103 ], [ -75.191084316902305, 39.970229495557398 ], [ -75.191100768363796, 39.970260375070602 ], [ -75.191116834401399, 39.970291414474403 ], [ -75.191132525748799, 39.970322608602302 ], [ -75.191147851867797, 39.970353954962398 ], [ -75.191162821151707, 39.970385448336202 ], [ -75.191177447810404, 39.970417084535399 ], [ -75.1911917390334, 39.970448859215701 ], [ -75.191205706690397, 39.970480768136603 ], [ -75.191219360311095, 39.970512807005903 ], [ -75.191232710595202, 39.970544971557203 ], [ -75.191245768242396, 39.970577257524198 ], [ -75.191258542782293, 39.9706096606144 ], [ -75.1912710449147, 39.970642176561498 ], [ -75.191283285339395, 39.9706748010992 ], [ -75.191295273586107, 39.970707529934998 ], [ -75.191307020388393, 39.970740357902301 ], [ -75.191318536378404, 39.970773282535198 ], [ -75.191329831119702, 39.970806298641001 ], [ -75.191340916482304, 39.970839401979397 ], [ -75.1913518008257, 39.970872588231998 ], [ -75.191362494849997, 39.970905853132102 ], [ -75.191373010459003, 39.970939191539401 ], [ -75.191383357114603, 39.970972600961701 ], [ -75.191393543210594, 39.971006076180402 ], [ -75.191403582957093, 39.9710396130072 ], [ -75.191413482373804, 39.971073207071399 ], [ -75.191423255704706, 39.971106853284603 ], [ -75.191432910071896, 39.9711405491025 ], [ -75.191442458583197, 39.971174288510497 ], [ -75.191451909530798, 39.9712080689904 ], [ -75.1914612736485, 39.971241885375598 ], [ -75.1914705616704, 39.9712757324994 ], [ -75.191479784262697, 39.971309606995497 ], [ -75.191488949751303, 39.971343505445603 ], [ -75.191498071244297, 39.971377421835001 ], [ -75.191507157033996, 39.9714113536455 ], [ -75.191516219058201, 39.971445294836201 ], [ -75.191525266813201, 39.971479242014901 ], [ -75.191534309829294, 39.971513190888899 ], [ -75.191543358806399, 39.971547137191997 ], [ -75.191552425615001, 39.971581076683599 ], [ -75.191561518615103, 39.971615005045102 ], [ -75.191570648506897, 39.971648918009997 ], [ -75.1915798259909, 39.971682811311901 ], [ -75.191589061767104, 39.971716680684303 ], [ -75.191598366535999, 39.971750521860699 ], [ -75.191607749861703, 39.971784329648401 ], [ -75.191617221206798, 39.971818101555101 ], [ -75.191626791339303, 39.971851831513902 ], [ -75.191636472061901, 39.9718855170849 ], [ -75.191646271802597, 39.971919152148999 ], [ -75.1916562023642, 39.971952734266097 ], [ -75.191666273344893, 39.971986257343303 ], [ -75.191676495411102, 39.972019718014302 ], [ -75.191686878093293, 39.972053111986298 ], [ -75.1916974320919, 39.972086434993102 ], [ -75.191708168107596, 39.972119682767897 ], [ -75.1917190968407, 39.972152851044299 ], [ -75.191738862269204, 39.9722111174787 ], [ -75.191752391651207, 39.972243610310699 ], [ -75.191765894998994, 39.972276110669597 ], [ -75.191779375822904, 39.972308618633299 ], [ -75.191792834123007, 39.972341134202203 ], [ -75.191806268796796, 39.972373655549497 ], [ -75.191819682150594, 39.972406183627598 ], [ -75.191833075388402, 39.972438717562397 ], [ -75.191846449680199, 39.9724712573801 ], [ -75.191859803856005, 39.972503803054501 ], [ -75.191873141459894, 39.972536353763601 ], [ -75.191886461287794, 39.972568910381703 ], [ -75.191899764577698, 39.972601471134197 ], [ -75.191913053635801, 39.972634036973702 ], [ -75.191926327326001, 39.972666606973597 ], [ -75.191939586818094, 39.972699181160401 ], [ -75.191952834452593, 39.972731759585997 ], [ -75.191966070263106, 39.972764341350199 ], [ -75.191979294249805, 39.972796926453 ], [ -75.191992508786697, 39.972829514046403 ], [ -75.192005713839905, 39.972862105030501 ], [ -75.192018910613299, 39.972894698531199 ], [ -75.192032099107095, 39.972927294548597 ], [ -75.192045280559, 39.972959891308101 ], [ -75.192058456037401, 39.9729924915368 ], [ -75.192071626814098, 39.973025092559801 ], [ -75.192084794059397, 39.973057694403302 ], [ -75.192097957739094, 39.973090297967403 ], [ -75.192111117887194, 39.973122902352102 ], [ -75.192124276877905, 39.973155506709098 ], [ -75.192137435881307, 39.973188111064601 ], [ -75.192150593693199, 39.973220716292701 ], [ -75.192163752721797, 39.9732533206451 ], [ -75.1921769141032, 39.973285925048103 ], [ -75.192190077871402, 39.973318528601503 ], [ -75.192203245230303, 39.973351130431098 ], [ -75.192216416146096, 39.973383731437103 ], [ -75.192229592992803, 39.973416330771599 ], [ -75.192242775804402, 39.973448927534101 ], [ -75.192255965683202, 39.9734815235513 ], [ -75.192269162730994, 39.973514116122402 ], [ -75.192282369219996, 39.973546707100198 ], [ -75.192295584048097, 39.973579294657902 ], [ -75.192308809555399, 39.973611878847798 ], [ -75.192322046878203, 39.973644460596198 ], [ -75.192335296084394, 39.973677038102601 ], [ -75.192348558310002, 39.973709612293298 ], [ -75.192361833623096, 39.973742181367797 ], [ -75.1923751243297, 39.9737747462786 ], [ -75.1923884304301, 39.973807307025503 ], [ -75.192401751958101, 39.973839862708303 ], [ -75.192415092424199, 39.973872413405402 ], [ -75.186437222284297, 39.9736800708205 ], [ -75.186369891457403, 39.9735468588879 ], [ -75.186199799030007, 39.973525803535303 ], [ -75.185396551759993, 39.973426366149702 ], [ -75.184850793699496, 39.973359195132304 ], [ -75.183772452938399, 39.973229812526597 ], [ -75.182150443029201, 39.973018777990099 ], [ -75.181438665192999, 39.972930820098497 ], [ -75.180731517959302, 39.972850333503402 ], [ -75.180323485715704, 39.972796833783001 ], [ -75.1799417800177, 39.972751133031302 ], [ -75.179491361864606, 39.972691467744198 ], [ -75.179144762943196, 39.972651825260499 ], [ -75.178579483006203, 39.972582755066597 ], [ -75.178110195928895, 39.972518642958903 ], [ -75.177864722838393, 39.9724891000768 ], [ -75.177540508054093, 39.972446625210203 ], [ -75.177030643659705, 39.972383597414499 ], [ -75.176544662453097, 39.972319812710403 ], [ -75.175949993487095, 39.972241439539303 ], [ -75.175370252033801, 39.9721660390558 ], [ -75.174946396866602, 39.972111302740998 ], [ -75.1743692891922, 39.972044139254798 ], [ -75.173343703940006, 39.971905980301102 ], [ -75.172661195844498, 39.971832586809001 ], [ -75.171994765538599, 39.9717428384416 ], [ -75.171319807284902, 39.9716596169838 ], [ -75.170553739822196, 39.971579280136702 ], [ -75.1692762280084, 39.971415560913499 ], [ -75.168895360641898, 39.971363970927897 ], [ -75.168479219776799, 39.971318741061999 ], [ -75.167705719738194, 39.971221012048801 ], [ -75.166814441581806, 39.971105691174003 ], [ -75.166734708322593, 39.971093695790401 ], [ -75.165988577422596, 39.970998911181297 ], [ -75.165313103015094, 39.970919512306203 ], [ -75.164556934155698, 39.970826012207702 ], [ -75.162983040201496, 39.970632269691798 ], [ -75.1614063098298, 39.970437699865698 ], [ -75.160562493318693, 39.970328956341604 ], [ -75.159855189548097, 39.970229697082402 ], [ -75.159705062532794, 39.9702111791742 ], [ -75.158908251887894, 39.970015222608403 ], [ -75.157622337360905, 39.969697258129699 ], [ -75.157185224195999, 39.969589654597101 ], [ -75.156087019781296, 39.969319299860203 ], [ -75.154551406566597, 39.968940648123102 ], [ -75.153021003188101, 39.968558350530699 ], [ -75.152002470365801, 39.968307248850003 ], [ -75.151502976909995, 39.968191864039703 ], [ -75.150975323535704, 39.968087034336698 ], [ -75.150517414225007, 39.967980444882798 ], [ -75.149560271283704, 39.967741632279498 ], [ -75.148692007251199, 39.967525746475403 ], [ -75.147912265285299, 39.967334387053803 ] ] ] } },
{ "type": "Feature", "properties": { "objectid": 5, "dist_name": "University Southwest", "abbrev": "USW", "Shape__Area": 20517629.609375, "Shape__Length": 25957.938148547706 }, "geometry": { "type": "Polygon", "coordinates": [ [ [ -75.187418060330401, 39.963376356054503 ], [ -75.186440372629306, 39.963490308184198 ], [ -75.185651530240506, 39.9636360204372 ], [ -75.185212753809196, 39.963766964063304 ], [ -75.184314594408704, 39.964113986963198 ], [ -75.183746693885098, 39.964287626911201 ], [ -75.1834707316238, 39.9643503535736 ], [ -75.183464269073298, 39.964342051264303 ], [ -75.183441368344603, 39.964312843614202 ], [ -75.183418338764596, 39.964283699751498 ], [ -75.183395171939594, 39.964254624894402 ], [ -75.183371863053907, 39.964225622539203 ], [ -75.183348401442103, 39.964196696051097 ], [ -75.183324781084593, 39.964167849800603 ], [ -75.183300994825501, 39.964139087231302 ], [ -75.183277033135695, 39.9641104126352 ], [ -75.183252888825294, 39.964081830356399 ], [ -75.183228555942804, 39.964053342964498 ], [ -75.1832040260947, 39.9640249556778 ], [ -75.183179342317402, 39.963996645131601 ], [ -75.183154549987094, 39.963968388013797 ], [ -75.183129652613701, 39.963940184402702 ], [ -75.183104655013096, 39.9639120308019 ], [ -75.183079559559403, 39.9638839263637 ], [ -75.1830543686944, 39.963855868439403 ], [ -75.183029088268, 39.963827857159899 ], [ -75.183003719586097, 39.963799888950298 ], [ -75.182978267396805, 39.963771962114699 ], [ -75.182952735209696, 39.9637440767317 ], [ -75.182927125500896, 39.963716229252398 ], [ -75.182901441848301, 39.963688417954998 ], [ -75.182875688931802, 39.963660642944099 ], [ -75.182849869261204, 39.963632899770602 ], [ -75.182823986312499, 39.9636051894134 ], [ -75.182798043731495, 39.9635775083499 ], [ -75.1827720450962, 39.9635498548583 ], [ -75.182745993916299, 39.963522229016803 ], [ -75.182719892667805, 39.963494627276901 ], [ -75.182693747268601, 39.963467047968798 ], [ -75.182667557752595, 39.963439490192499 ], [ -75.182641330037598, 39.9634119522782 ], [ -75.182615066565404, 39.963384431577403 ], [ -75.182588772084003, 39.963356926394397 ], [ -75.182562448933098, 39.963329436781599 ], [ -75.182536099588802, 39.963301959190197 ], [ -75.182509729968601, 39.963274491950699 ], [ -75.182483342446702, 39.963247034215101 ], [ -75.182456939464799, 39.963219583335103 ], [ -75.182430525736706, 39.963192138515097 ], [ -75.1824041037044, 39.963164697106798 ], [ -75.182377678081593, 39.963137258314497 ], [ -75.182351251310095, 39.963109819490001 ], [ -75.182324828103901, 39.963082379837601 ], [ -75.182298409734798, 39.963054936682902 ], [ -75.182272002120399, 39.963027488356197 ], [ -75.182245607600805, 39.963000034910003 ], [ -75.182219228685796, 39.9629725718952 ], [ -75.182192871224899, 39.962945099442997 ], [ -75.182166535286399, 39.962917615752801 ], [ -75.182140228025801, 39.962890117380702 ], [ -75.182113950612901, 39.962862604352999 ], [ -75.182087707795603, 39.962835074973803 ], [ -75.182061500845805, 39.962807526568596 ], [ -75.182035335681107, 39.962779957468001 ], [ -75.182009214675404, 39.962752366823999 ], [ -75.181983141440597, 39.962724752014601 ], [ -75.181957118350297, 39.962697112191698 ], [ -75.181931151390401, 39.962669443885503 ], [ -75.181905241730604, 39.962641747122099 ], [ -75.181879394118795, 39.962614020205798 ], [ -75.181853612166705, 39.962586260514598 ], [ -75.1818278971122, 39.962558466273997 ], [ -75.181802254872906, 39.962530635814701 ], [ -75.181776688992599, 39.962502768314899 ], [ -75.181751200743193, 39.962474861100198 ], [ -75.181725796042201, 39.962446912501001 ], [ -75.181700476127801, 39.962418920743197 ], [ -75.181675245713294, 39.962390885031198 ], [ -75.181650108376701, 39.962362803643202 ], [ -75.181625067763704, 39.962334673056802 ], [ -75.1816001262481, 39.962306492424197 ], [ -75.181575287373605, 39.962278260923902 ], [ -75.181550555921902, 39.9622499759598 ], [ -75.181525934300694, 39.962221635783898 ], [ -75.181501426053799, 39.962193239574702 ], [ -75.181477034827097, 39.962164783809797 ], [ -75.18145276413, 39.962136268567797 ], [ -75.181428613996601, 39.962107692948599 ], [ -75.181404503715797, 39.9620790857796 ], [ -75.181380402393401, 39.962050458983398 ], [ -75.181356312403395, 39.962021811712098 ], [ -75.181332233677693, 39.9619931457663 ], [ -75.181308169828, 39.961964458523703 ], [ -75.181284123126204, 39.961935751837203 ], [ -75.181260092470396, 39.9619070238803 ], [ -75.181236082540295, 39.961878274757602 ], [ -75.181212094437498, 39.961849506295898 ], [ -75.181188128264395, 39.961820715794303 ], [ -75.181164187530499, 39.961791903331701 ], [ -75.181140273337704, 39.961763070734598 ], [ -75.181116388127805, 39.961734215354603 ], [ -75.181092533002897, 39.9617053390186 ], [ -75.181068710370496, 39.961676439978397 ], [ -75.181044920196697, 39.961647519134203 ], [ -75.181021166025303, 39.961618575664602 ], [ -75.180997450161897, 39.961589610521997 ], [ -75.180973771504696, 39.961560621879798 ], [ -75.180950135903203, 39.961531609869098 ], [ -75.180926540983606, 39.961502575337803 ], [ -75.180902991459305, 39.961473517490298 ], [ -75.1808794873305, 39.961444436326701 ], [ -75.180856032140696, 39.961415331025499 ], [ -75.180832625855999, 39.9613862024868 ], [ -75.180809270884097, 39.961357048962597 ], [ -75.180785969496696, 39.961327872305702 ], [ -75.180762722931703, 39.961298670742103 ], [ -75.180739533494801, 39.961269445224303 ], [ -75.180716402423997, 39.961240193978 ], [ -75.180693330855107, 39.961210917929797 ], [ -75.180670322297701, 39.961181617158303 ], [ -75.180647376785799, 39.961152290763202 ], [ -75.180624497794895, 39.961122939723602 ], [ -75.1806016853931, 39.961093562238801 ], [ -75.180578941886097, 39.961064159261603 ], [ -75.180556269647596, 39.961034729944203 ], [ -75.180533669847406, 39.961005274312797 ], [ -75.180511144825203, 39.960975792419902 ], [ -75.180488695785002, 39.960946283391301 ], [ -75.180466325032398, 39.960916748180097 ], [ -75.180444033771195, 39.960887185912 ], [ -75.180421823171201, 39.960857596613202 ], [ -75.1803996967421, 39.960827980362502 ], [ -75.180377654551805, 39.960798335359499 ], [ -75.180355700041702, 39.960768663483201 ], [ -75.180333833245996, 39.9607389638334 ], [ -75.180312057674101, 39.960709236488903 ], [ -75.180290373394001, 39.960679479649201 ], [ -75.180268783813204, 39.960649696093697 ], [ -75.180247289067694, 39.960619882221401 ], [ -75.180225891394997, 39.960590040785497 ], [ -75.180204593203001, 39.9605601700381 ], [ -75.180183396831296, 39.960530270031597 ], [ -75.180162302313803, 39.960500339865703 ], [ -75.180141311922, 39.960470381393499 ], [ -75.180120428063802, 39.9604403928669 ], [ -75.180099653078699, 39.960410374338402 ], [ -75.180078986966805, 39.960380325808003 ], [ -75.180058432101504, 39.960350246428099 ], [ -75.180037990788605, 39.9603201371512 ], [ -75.180017665401607, 39.9602899971296 ], [ -75.179997455940594, 39.960259826363398 ], [ -75.179977364745099, 39.960229624904997 ], [ -75.179957394188705, 39.960199391906698 ], [ -75.1799375466111, 39.960169127420997 ], [ -75.1799178220122, 39.9601388314479 ], [ -75.1799165963901, 39.960136936195298 ], [ -75.179898222731495, 39.960108504039802 ], [ -75.179878942114598, 39.960078079249399 ], [ -75.179860775111806, 39.960047280254301 ], [ -75.179848584567495, 39.960024952201103 ], [ -75.1798437512753, 39.960016099608097 ], [ -75.179827802933303, 39.959984561924799 ], [ -75.179822646858696, 39.959973563999398 ], [ -75.1798128624486, 39.959952690917703 ], [ -75.179798862183702, 39.959920510300499 ], [ -75.179785736738793, 39.959888046539703 ], [ -75.179773417375003, 39.959855321521999 ], [ -75.179761836353094, 39.959822361661601 ], [ -75.179750927205802, 39.959789190697698 ], [ -75.179740621092293, 39.959755833217798 ], [ -75.179730852715494, 39.959722312987701 ], [ -75.179721554404594, 39.9596886546205 ], [ -75.1797126573192, 39.959654882703603 ], [ -75.179704094958595, 39.959621021876501 ], [ -75.179695800856294, 39.959587095878597 ], [ -75.179687706172103, 39.959553129296999 ], [ -75.179679744371697, 39.9595191476715 ], [ -75.179671847853101, 39.959485173814997 ], [ -75.179663950082201, 39.959451233266897 ], [ -75.179655982253394, 39.9594173497144 ], [ -75.179647879036807, 39.959383547822902 ], [ -75.179639570423106, 39.959349852153302 ], [ -75.179630991116596, 39.959316286471001 ], [ -75.179622093880496, 39.9592828614308 ], [ -75.179613030783599, 39.959249457000901 ], [ -75.179603859171394, 39.959216042930798 ], [ -75.179594590776503, 39.959182618582197 ], [ -75.179585240807398, 39.959149184295903 ], [ -75.179575822166598, 39.959115739459897 ], [ -75.179566348892394, 39.959082284388799 ], [ -75.179556835023305, 39.959048819396898 ], [ -75.179547293427603, 39.959015344772702 ], [ -75.179537739313503, 39.958981860856902 ], [ -75.179528184447705, 39.958948366111102 ], [ -75.179518645140007, 39.958914862702699 ], [ -75.179509133191203, 39.958881348193103 ], [ -75.179499662571104, 39.958847824697301 ], [ -75.179490247352206, 39.9588142916297 ], [ -75.179480901572305, 39.9587807493048 ], [ -75.179471638134004, 39.958747197110696 ], [ -75.179462472245106, 39.958713635388101 ], [ -75.179453416773697, 39.958680064425401 ], [ -75.179444484622195, 39.9586464836107 ], [ -75.179435690964297, 39.958612894185102 ], [ -75.179427049871904, 39.958579295562799 ], [ -75.179418573077498, 39.958545687105797 ], [ -75.179410275754705, 39.9585120700551 ], [ -75.179402170805602, 39.958478443798803 ], [ -75.1793942734719, 39.958444807777497 ], [ -75.179386596587506, 39.958411163179903 ], [ -75.179379153020506, 39.958377510294198 ], [ -75.179371958046502, 39.958343847660899 ], [ -75.179365025669199, 39.958310176494599 ], [ -75.179358367620694, 39.958276496157502 ], [ -75.179351999074498, 39.9582428078905 ], [ -75.179345932966399, 39.9582091101815 ], [ -75.179340184470007, 39.9581754042716 ], [ -75.179334766487003, 39.958141689549002 ], [ -75.179329691851095, 39.958107967202203 ], [ -75.179324975871907, 39.958074234871297 ], [ -75.179320631348801, 39.958040494645303 ], [ -75.179316672319601, 39.958006746838599 ], [ -75.179313112889503, 39.957972989965597 ], [ -75.179309965892301, 39.957939225214602 ], [ -75.179307269341095, 39.957905438120498 ], [ -75.179305093754195, 39.957871590618701 ], [ -75.179303434417506, 39.957837683504799 ], [ -75.1793022770878, 39.957803721865801 ], [ -75.179301611031406, 39.957769710867197 ], [ -75.179301423141098, 39.957735656522402 ], [ -75.179301700411699, 39.957701562144102 ], [ -75.179302432075701, 39.957667433798001 ], [ -75.1793036050598, 39.957633276597399 ], [ -75.179305206324997, 39.957599094755103 ], [ -75.179307223933705, 39.9575648943107 ], [ -75.179309646016904, 39.9575306795033 ], [ -75.179312460671198, 39.957496455472203 ], [ -75.179315653619796, 39.957462228204598 ], [ -75.179319214197207, 39.957428001065502 ], [ -75.1793231304664, 39.957393780094499 ], [ -75.179327388184404, 39.9573595703785 ], [ -75.179331975448207, 39.957325377056897 ], [ -75.179336881558299, 39.957291204394799 ], [ -75.179342092238301, 39.957257058379497 ], [ -75.179347596788702, 39.9572229432763 ], [ -75.1793533809671, 39.957188864171997 ], [ -75.179359435209903, 39.957154826258403 ], [ -75.1793657441048, 39.957120834596097 ], [ -75.179372296918601, 39.957086894350802 ], [ -75.179379080578599, 39.957053010635498 ], [ -75.179386084385698, 39.957019187715503 ], [ -75.179393294063502, 39.956985431577998 ], [ -75.1794006989129, 39.956951746488301 ], [ -75.179408284657498, 39.956918138433501 ], [ -75.179416040632304, 39.956884610778602 ], [ -75.179423953696798, 39.956851170437297 ], [ -75.179432228977205, 39.956817811193702 ], [ -75.179441004954199, 39.956784524437502 ], [ -75.179450256027195, 39.9567513059907 ], [ -75.179459958901504, 39.956718152628497 ], [ -75.179470084433405, 39.956685060994602 ], [ -75.179480609396194, 39.956652026063402 ], [ -75.179491507020003, 39.956619043631001 ], [ -75.179502751636505, 39.9565861113201 ], [ -75.179514317679704, 39.956553224052797 ], [ -75.179526178345398, 39.956520378525397 ], [ -75.179538309203807, 39.956487570586198 ], [ -75.179550683485004, 39.956454796031601 ], [ -75.179563275520806, 39.956422052484101 ], [ -75.179576060949501, 39.956389333991801 ], [ -75.179589011763397, 39.9563566381252 ], [ -75.179602103532602, 39.956323960732703 ], [ -75.179612410988696, 39.956298466891297 ], [ -75.179615310657397, 39.956291297636703 ], [ -75.179628606334205, 39.956258645533701 ], [ -75.179641964997501, 39.956225999345598 ], [ -75.179655360979496, 39.956193356695401 ], [ -75.179668769850593, 39.956160713431601 ], [ -75.179669382451607, 39.956159220665398 ], [ -75.179682163705806, 39.956128064424099 ], [ -75.179695519216907, 39.956095407348002 ], [ -75.179708807309396, 39.956062737047098 ], [ -75.179722004689395, 39.956030050296299 ], [ -75.179735085723493, 39.955997343818403 ], [ -75.179735916972902, 39.955995239658598 ], [ -75.179748022506999, 39.9559646124831 ], [ -75.179760791746105, 39.9559318530656 ], [ -75.179773365468193, 39.955899062236199 ], [ -75.179785719277803, 39.955866234943301 ], [ -75.179797827507798, 39.955833368809898 ], [ -75.179809663423597, 39.955800458732199 ], [ -75.179821201425995, 39.955767500532502 ], [ -75.179832415848097, 39.955734491834001 ], [ -75.179843282635403, 39.955701418582599 ], [ -75.179853805808506, 39.955668267353303 ], [ -75.1798640144426, 39.9556350433026 ], [ -75.179873932899497, 39.955601752382599 ], [ -75.179883590152002, 39.955568402450297 ], [ -75.179893011731707, 39.955534999484001 ], [ -75.179916747103306, 39.9554488304872 ], [ -75.179920137634298, 39.9554345326071 ], [ -75.1799288892813, 39.955400980379302 ], [ -75.179937539896997, 39.955367406065399 ], [ -75.179946118488004, 39.9553338166223 ], [ -75.179954650517104, 39.955300219828402 ], [ -75.179963162753594, 39.955266619887702 ], [ -75.179971683, 39.955233024630999 ], [ -75.179980237956997, 39.955199440062501 ], [ -75.179988854325401, 39.955165872186498 ], [ -75.179997559941697, 39.955132327933804 ], [ -75.1800063803027, 39.955098814182399 ], [ -75.180015343312803, 39.955065336062603 ], [ -75.180024475604597, 39.955031901379101 ], [ -75.180033803912494, 39.954998515235701 ], [ -75.180043356038695, 39.9549651854635 ], [ -75.180053159887507, 39.954931917192397 ], [ -75.180063238649893, 39.954898716348097 ], [ -75.180073623637199, 39.954865590840001 ], [ -75.180084339176105, 39.954832547519999 ], [ -75.180095412035101, 39.954799590591797 ], [ -75.180106871185501, 39.9547667279124 ], [ -75.180118740988107, 39.954733965433398 ], [ -75.180131051618304, 39.954701310137899 ], [ -75.180143827436595, 39.954668767977502 ], [ -75.180157096312698, 39.954636344982198 ], [ -75.180170886082195, 39.9546040480828 ], [ -75.180185083025805, 39.954571850404299 ], [ -75.180199521226697, 39.954539712189401 ], [ -75.180214194937705, 39.954507630606102 ], [ -75.180226269635597, 39.954481675344901 ], [ -75.180229093698898, 39.954475603618199 ], [ -75.180244211660906, 39.954443631094499 ], [ -75.180259540771303, 39.954411709250401 ], [ -75.180275072841397, 39.9543798379026 ], [ -75.180290799818707, 39.954348013266397 ], [ -75.180306715820095, 39.954316236111097 ], [ -75.180322811623299, 39.954284502625903 ], [ -75.180339080243499, 39.9542528117533 ], [ -75.180355514764102, 39.954221160635399 ], [ -75.180372105826606, 39.9541895490622 ], [ -75.180388846514404, 39.954157974175999 ], [ -75.180405728707001, 39.954126433992599 ], [ -75.1804227465894, 39.954094927480803 ], [ -75.180439890871497, 39.954063452630301 ], [ -75.180457153432698, 39.9540320074573 ], [ -75.180474528492098, 39.954000590030198 ], [ -75.1804920067936, 39.953969197438497 ], [ -75.180509581284596, 39.953937830425303 ], [ -75.180527243912493, 39.953906485206097 ], [ -75.180544986557194, 39.953875159796901 ], [ -75.180562803403603, 39.953843853166603 ], [ -75.180580686297503, 39.953812564231299 ], [ -75.180598626016703, 39.953781289180498 ], [ -75.180616615542704, 39.953750027856998 ], [ -75.180634647958797, 39.953718777402798 ], [ -75.180652716280605, 39.953687536760299 ], [ -75.180670810082304, 39.953656302993103 ], [ -75.180688924684702, 39.953625075996399 ], [ -75.180707050831998, 39.953593852859797 ], [ -75.180725180437804, 39.953562630699103 ], [ -75.180743307619394, 39.953531410283603 ], [ -75.180761423154905, 39.953500187802803 ], [ -75.180779520093594, 39.953468961298903 ], [ -75.180797590247494, 39.953437730588597 ], [ -75.180815626699996, 39.953406492814104 ], [ -75.180833621365196, 39.953375245090903 ], [ -75.180851566020493, 39.953343988136197 ], [ -75.180869453783899, 39.953312718191903 ], [ -75.180887277704798, 39.953281433300099 ], [ -75.180905028459307, 39.953250132351101 ], [ -75.180922699097096, 39.953218813387302 ], [ -75.180940282633699, 39.953187475351399 ], [ -75.180957771017304, 39.9531561144588 ], [ -75.180975183895299, 39.953124737456903 ], [ -75.180992609454293, 39.953093365241699 ], [ -75.181010052339303, 39.9530619988182 ], [ -75.181027512550301, 39.953030638186497 ], [ -75.181040192462007, 39.953007889589003 ], [ -75.181044988951399, 39.952999282420201 ], [ -75.181062482678598, 39.952967932445503 ], [ -75.181079992595798, 39.952936587336097 ], [ -75.1810975163297, 39.952905247939903 ], [ -75.181115056287794, 39.9528739125087 ], [ -75.181132608892597, 39.952842582764497 ], [ -75.181150176551995, 39.952811256959002 ], [ -75.1811677569262, 39.952779935039999 ], [ -75.181185348811397, 39.952748617881397 ], [ -75.181202953411599, 39.952717304609301 ], [ -75.181220570760601, 39.952685994323303 ], [ -75.181238198450899, 39.952654688771503 ], [ -75.181255836550605, 39.952623386153498 ], [ -75.181273483855804, 39.952592087343298 ], [ -75.181291141604504, 39.952560790566601 ], [ -75.181308807388902, 39.952529497571597 ], [ -75.181326482412899, 39.952498207484098 ], [ -75.181344165540807, 39.952466919377599 ], [ -75.181361855568696, 39.952435634126402 ], [ -75.1813795525307, 39.952404350830001 ], [ -75.181397256426806, 39.952373069488601 ], [ -75.181414964917494, 39.952341790049601 ], [ -75.181432680342297, 39.952310512565496 ], [ -75.181450399191903, 39.9522792369578 ], [ -75.181468122670196, 39.952247962352203 ], [ -75.181485849607299, 39.9522166887228 ], [ -75.181503579969302, 39.952185416969698 ], [ -75.181521312654397, 39.952154145266199 ], [ -75.181539048764293, 39.952122875439002 ], [ -75.181556784891896, 39.952091604708798 ], [ -75.181574523308697, 39.952060334928397 ], [ -75.181592261709199, 39.952029065145403 ], [ -75.181610000059194, 39.951997796259697 ], [ -75.181627738427096, 39.951966526471097 ], [ -75.181645474439094, 39.951935256627301 ], [ -75.181663210468798, 39.951903985880499 ], [ -75.181680944176804, 39.9518727141784 ], [ -75.181698674359197, 39.951841442394802 ], [ -75.181716402219905, 39.9518101696559 ], [ -75.181734126623198, 39.951778895035197 ], [ -75.181751846365202, 39.951747619406703 ], [ -75.181769561480095, 39.951716341870203 ], [ -75.181787270764104, 39.951685063299799 ], [ -75.181804975420903, 39.951653782821403 ], [ -75.181822673111, 39.951622500382499 ], [ -75.181840365038397, 39.951591215109303 ], [ -75.181858048829397, 39.951559927849502 ], [ -75.181867132529703, 39.951543849037598 ], [ -75.181875725687803, 39.951528637729098 ], [ -75.181893393274294, 39.951497344695703 ], [ -75.181911051554707, 39.951466049649497 ], [ -75.182018828118302, 39.951267258506597 ], [ -75.1820848864471, 39.951136354423397 ], [ -75.182149823881801, 39.951004899926801 ], [ -75.182215281760605, 39.950873700321601 ], [ -75.182282894359801, 39.950743561651898 ], [ -75.182354303032994, 39.950615288314303 ], [ -75.182431143242596, 39.9504896854707 ], [ -75.182515055054395, 39.950367560183103 ], [ -75.182607676324807, 39.950249715854 ], [ -75.182708467532706, 39.950135775478998 ], [ -75.182814270860206, 39.950024046547099 ], [ -75.182924534013296, 39.949914335582001 ], [ -75.183038747129402, 39.949806472583603 ], [ -75.183156404993696, 39.949700288558603 ], [ -75.183276997748806, 39.949595613510198 ], [ -75.183400019049301, 39.949492277522097 ], [ -75.183524958974303, 39.949390112402199 ], [ -75.183612421839996, 39.9493200847811 ], [ -75.183651311216494, 39.949288947337799 ], [ -75.183778567028895, 39.949188614167099 ], [ -75.183906218937906, 39.949088942056001 ], [ -75.184033758200201, 39.9489897628469 ], [ -75.184161033928703, 39.948890918191402 ], [ -75.184288722207498, 39.9487923610425 ], [ -75.184416863907302, 39.948694094115098 ], [ -75.184545451839696, 39.948596121751997 ], [ -75.184674479986199, 39.948498448321899 ], [ -75.184803942362294, 39.948401077293703 ], [ -75.184933834085101, 39.948304013962897 ], [ -75.185064150339997, 39.948207261824301 ], [ -75.185194883939104, 39.948110825220802 ], [ -75.185326030067998, 39.948014707647403 ], [ -75.185457581538699, 39.947918913446998 ], [ -75.185589534672602, 39.947823447041202 ], [ -75.185721882281996, 39.947728312772703 ], [ -75.185854619552899, 39.947633514136697 ], [ -75.185987740433205, 39.947539056402597 ], [ -75.1861212389733, 39.9474449421391 ], [ -75.186255109121504, 39.947351176615697 ], [ -75.1863893472336, 39.947257763353598 ], [ -75.186395200939799, 39.947253716196897 ], [ -75.186523944918804, 39.947164707570202 ], [ -75.186658898566904, 39.947072011886398 ], [ -75.186794200990903, 39.946979680645498 ], [ -75.1868752190111, 39.946925040971102 ], [ -75.186396149747395, 39.946577011426903 ], [ -75.1864378124464, 39.9465378512228 ], [ -75.186462581420798, 39.9465144946858 ], [ -75.186518807394194, 39.946478790034099 ], [ -75.186601420980296, 39.946425878315701 ], [ -75.186637960418807, 39.946408885522303 ], [ -75.186719271318196, 39.946372317760698 ], [ -75.186791398062795, 39.946325553416997 ], [ -75.186856933307993, 39.946289858409898 ], [ -75.1869342493559, 39.946230769697003 ], [ -75.186995895025703, 39.946172557967003 ], [ -75.187055300762793, 39.946124196451699 ], [ -75.187081994738094, 39.946091815940498 ], [ -75.187098614104201, 39.9460627936378 ], [ -75.187107197059404, 39.946032935837401 ], [ -75.187141777714103, 39.946031058612498 ], [ -75.187190624300101, 39.946033816854303 ], [ -75.187235963078294, 39.946032401614197 ], [ -75.187272915856298, 39.946018251536998 ], [ -75.187323842396907, 39.946005029934902 ], [ -75.187593631686298, 39.945834838581703 ], [ -75.187596814256196, 39.945828980134102 ], [ -75.187590615456699, 39.945816821289696 ], [ -75.187580693487305, 39.945802598852801 ], [ -75.187588469615903, 39.945787984296999 ], [ -75.187613281478704, 39.945764434767298 ], [ -75.187671140868005, 39.945755167446997 ], [ -75.187717661906007, 39.945749277888503 ], [ -75.187735225954697, 39.945731795108898 ], [ -75.187761366622198, 39.945705569500099 ], [ -75.187786003196194, 39.945680395103402 ], [ -75.187811586612099, 39.945655877063302 ], [ -75.187840164865904, 39.9456306645612 ], [ -75.187862253792304, 39.945607858759502 ], [ -75.187943739949702, 39.945547876845602 ], [ -75.188026632271203, 39.9454868594893 ], [ -75.188042307781203, 39.945481335929401 ], [ -75.188090470880894, 39.945464425713702 ], [ -75.188137500034003, 39.945438065594097 ], [ -75.188165044357802, 39.945429063408902 ], [ -75.188194567516007, 39.945409924907999 ], [ -75.188209592688594, 39.945375012094601 ], [ -75.188226599760497, 39.945348170635299 ], [ -75.188277966596203, 39.945317350934097 ], [ -75.188353769420999, 39.945267567382601 ], [ -75.188431453032393, 39.945208381406303 ], [ -75.188522316625296, 39.945129125997603 ], [ -75.188601383845594, 39.9450816100479 ], [ -75.188652883612605, 39.945041321746601 ], [ -75.188708378251206, 39.944997625811297 ], [ -75.188751821210303, 39.944962726699003 ], [ -75.188795834719002, 39.9449254535376 ], [ -75.188838793080293, 39.944879649471901 ], [ -75.188904943692194, 39.944820757994897 ], [ -75.188954168640805, 39.944783916491502 ], [ -75.189032672236095, 39.944733973872097 ], [ -75.189125267690201, 39.9446652912806 ], [ -75.189219034886193, 39.944583557532702 ], [ -75.189284808701998, 39.944531728556903 ], [ -75.189355250789603, 39.944481730995903 ], [ -75.189402026897596, 39.944434095516002 ], [ -75.189487000967105, 39.944332234946799 ], [ -75.189571555682093, 39.944246499326702 ], [ -75.1896173041157, 39.944182200091099 ], [ -75.189685276481697, 39.944124071468202 ], [ -75.189781459525094, 39.944036060728401 ], [ -75.189859542885401, 39.943959823063302 ], [ -75.189944099729601, 39.943893643633601 ], [ -75.190010490322194, 39.943835135340699 ], [ -75.190105047018093, 39.943741768493403 ], [ -75.190187388187198, 39.943674419491998 ], [ -75.190219068880296, 39.943638397793698 ], [ -75.190259169018404, 39.943586011549897 ], [ -75.190304884133994, 39.943539131423599 ], [ -75.190358220456304, 39.943483651836601 ], [ -75.190395981478702, 39.943442301163103 ], [ -75.190609435325499, 39.943257004638902 ], [ -75.190864376137796, 39.943016634805701 ], [ -75.190944373751805, 39.9429411933084 ], [ -75.1909680305276, 39.942918883246797 ], [ -75.191009545085393, 39.942879733500597 ], [ -75.191088774030206, 39.942925416259101 ], [ -75.1913622411994, 39.943083476483203 ], [ -75.191575189558705, 39.943207098418398 ], [ -75.191640138494094, 39.9432450028091 ], [ -75.191751063876694, 39.9431449133412 ], [ -75.191868958430106, 39.943037113403101 ], [ -75.191988894971303, 39.9429305022718 ], [ -75.192112933189406, 39.942827767629403 ], [ -75.192243131510693, 39.942731599824199 ], [ -75.192381549678004, 39.9426446856192 ], [ -75.192529537299194, 39.942567524501698 ], [ -75.192685665780701, 39.942496833745203 ], [ -75.192848237122007, 39.942432507884398 ], [ -75.193015574591101, 39.942374560869297 ], [ -75.193185997888804, 39.942323008381202 ], [ -75.193357829061995, 39.942277866163202 ], [ -75.193530051673505, 39.942239363835 ], [ -75.193582452986305, 39.942230360299199 ], [ -75.193706360675094, 39.942209071307602 ], [ -75.193786926601504, 39.942199133036098 ], [ -75.193886315616496, 39.942186874228199 ], [ -75.193973299841105, 39.942179886402002 ], [ -75.194068312547799, 39.942172252994901 ], [ -75.194250746380604, 39.942164687089402 ], [ -75.194432014395503, 39.942163655155397 ], [ -75.194611551889807, 39.942169047307303 ], [ -75.194791513752605, 39.942181490004899 ], [ -75.194971517444998, 39.942200231392199 ], [ -75.195150955941102, 39.942224419109003 ], [ -75.195329218797795, 39.942253198019699 ], [ -75.195505700205899, 39.942285713997201 ], [ -75.195680102212094, 39.942321330609502 ], [ -75.195853640392698, 39.942360719154699 ], [ -75.196026140517702, 39.942404000095699 ], [ -75.196197161563902, 39.942451135685502 ], [ -75.196366260133203, 39.942502089028402 ], [ -75.196532995232104, 39.942556821482498 ], [ -75.196696925559905, 39.942615302510802 ], [ -75.196857935695704, 39.942678018802297 ], [ -75.196898120539899, 39.942694885435799 ], [ -75.197016590468095, 39.9427446117259 ], [ -75.197173523139398, 39.9428140538216 ], [ -75.197329363388107, 39.942885319348001 ], [ -75.197484745631499, 39.942957380863902 ], [ -75.197640298364604, 39.943029212595 ], [ -75.197796653685998, 39.943099786140898 ], [ -75.197954444721603, 39.943168076725101 ], [ -75.198114302352295, 39.9432330568143 ], [ -75.198276620875802, 39.943294200875499 ], [ -75.1984399509209, 39.943354662615199 ], [ -75.198603953420005, 39.943414867870899 ], [ -75.1987686570764, 39.9434744262417 ], [ -75.198934092861194, 39.943532949178604 ], [ -75.199100289504301, 39.9435900453798 ], [ -75.199267278002907, 39.943645325395998 ], [ -75.199435087045401, 39.943698398825198 ], [ -75.199603747621495, 39.943748876217697 ], [ -75.199773287275605, 39.943796366244797 ], [ -75.199943738125299, 39.943840480382697 ], [ -75.200115151842198, 39.9438808080168 ], [ -75.200290120799806, 39.943914583918399 ], [ -75.200469314482902, 39.943940186726898 ], [ -75.200651204478305, 39.9439577923877 ], [ -75.200834261268994, 39.943967575029099 ], [ -75.201016956439901, 39.943969710615796 ], [ -75.201197759271906, 39.943964374169703 ], [ -75.201376004408502, 39.943951795089603 ], [ -75.201554430609207, 39.943932544207598 ], [ -75.201732884692007, 39.943907177645499 ], [ -75.201910765860802, 39.943876232571398 ], [ -75.202087470852206, 39.943840249707002 ], [ -75.202262401324901, 39.943799763579101 ], [ -75.202434955200104, 39.943755314942401 ], [ -75.202604530575599, 39.943707440053601 ], [ -75.202773408175702, 39.943657219424502 ], [ -75.202943537950503, 39.943604939630497 ], [ -75.203113297550999, 39.943549817709801 ], [ -75.203281060014703, 39.943491068805599 ], [ -75.203445200649298, 39.943427909923201 ], [ -75.2036040936935, 39.94335955535 ], [ -75.203756112116693, 39.943285222056701 ], [ -75.203899631264306, 39.943204126173299 ], [ -75.204034628871597, 39.943115580672 ], [ -75.204166282707902, 39.943019856380801 ], [ -75.204293769469302, 39.9429176819717 ], [ -75.204415503992806, 39.942809781825602 ], [ -75.204529901133398, 39.942696880329301 ], [ -75.204635376933894, 39.942579701900698 ], [ -75.204730347489999, 39.942458970061502 ], [ -75.204813228882003, 39.9423354092362 ], [ -75.204882485835398, 39.942209726909198 ], [ -75.204940946483902, 39.942081265955103 ], [ -75.204991558435196, 39.941949679132698 ], [ -75.205035100784002, 39.941815418022699 ], [ -75.205072356197803, 39.941678932480201 ], [ -75.205104103730505, 39.941540674981397 ], [ -75.205131124837806, 39.941401096251901 ], [ -75.205154201004305, 39.941260646115801 ], [ -75.205173518523594, 39.941123977891102 ], [ -75.2051741124383, 39.941119777070902 ], [ -75.205191640545706, 39.940978940739797 ], [ -75.2052075656581, 39.940838586017797 ], [ -75.205222669101602, 39.940699166326901 ], [ -75.205226410319995, 39.940661524279299 ], [ -75.205236427433604, 39.940560750243002 ], [ -75.205244621849104, 39.940422126017303 ], [ -75.205247741449696, 39.940283205391502 ], [ -75.205246800280506, 39.940144041498002 ], [ -75.205242810039096, 39.940004687417201 ], [ -75.205236781279197, 39.939865195303 ], [ -75.205229729190407, 39.939725618313197 ], [ -75.205222663140304, 39.9395860085761 ], [ -75.205216597098698, 39.939446420124298 ], [ -75.205212541619602, 39.939306904212103 ], [ -75.205211510622604, 39.939167515772802 ], [ -75.205213499747998, 39.939028245700101 ], [ -75.2052152750327, 39.938888903307202 ], [ -75.205216674950094, 39.9387494886141 ], [ -75.205217908238595, 39.938610022470499 ], [ -75.205219183601102, 39.938470526625899 ], [ -75.205220706263802, 39.9383310218521 ], [ -75.205222686095894, 39.938191529924701 ], [ -75.205225329489707, 39.938052071641401 ], [ -75.205228845107698, 39.937912669651901 ], [ -75.205233438203294, 39.937773343827701 ], [ -75.205239318604697, 39.9376341168444 ], [ -75.205246692697898, 39.937495009499401 ], [ -75.205255769172098, 39.937356043542103 ], [ -75.205266754409806, 39.937217239769602 ], [ -75.205279855960995, 39.937078619004701 ], [ -75.205295254948297, 39.936940188869798 ], [ -75.205308215246802, 39.936831658517903 ], [ -75.205311847087799, 39.936801244604503 ], [ -75.205329458767295, 39.936661639997602 ], [ -75.205348776990206, 39.936521720059297 ], [ -75.205370489890697, 39.936381830725402 ], [ -75.205395285664807, 39.936242316130503 ], [ -75.205423850097603, 39.936103522157097 ], [ -75.205456872510695, 39.935965793864398 ], [ -75.205495038747202, 39.935829475331801 ], [ -75.205539038120193, 39.935694911615698 ], [ -75.205589556397399, 39.935562448592798 ], [ -75.205623138717101, 39.935486813689401 ], [ -75.205647284054507, 39.935432431341198 ], [ -75.205713566473506, 39.935304968986003 ], [ -75.205788329129007, 39.935179768835702 ], [ -75.205870381863093, 39.9350565440824 ], [ -75.205958531119407, 39.934935005142101 ], [ -75.206051585688201, 39.9348148624847 ], [ -75.206148354300296, 39.9346958283841 ], [ -75.206247645727103, 39.934577614217098 ], [ -75.206348268746893, 39.934459931364898 ], [ -75.206449030975193, 39.934342491186499 ], [ -75.206548740067802, 39.9342250041448 ], [ -75.206646205958506, 39.934107182559401 ], [ -75.206742326590202, 39.933989239163502 ], [ -75.206839232203293, 39.933871671700999 ], [ -75.206936843586703, 39.933754438769299 ], [ -75.207035068666201, 39.933637498680902 ], [ -75.207096466977802, 39.933564945326097 ], [ -75.207133817807602, 39.933520807099598 ], [ -75.207233001309902, 39.933404321490201 ], [ -75.207332528336593, 39.933287998391201 ], [ -75.207432310356893, 39.933171795294001 ], [ -75.207532254196295, 39.933055668686201 ], [ -75.207632271324499, 39.932939576059397 ], [ -75.207732273211803, 39.932823474905902 ], [ -75.207832166718603, 39.932707320813897 ], [ -75.207931863315594, 39.9325910712762 ], [ -75.208031272135301, 39.932474683733901 ], [ -75.208130304683095, 39.9323581147802 ], [ -75.208228868922802, 39.932241321831 ], [ -75.208326875191005, 39.932124261454199 ], [ -75.208424232621795, 39.9320068910922 ], [ -75.208520852721904, 39.9318891673392 ], [ -75.208616718356794, 39.931771079005401 ], [ -75.208712438410501, 39.931652899975298 ], [ -75.208808144107493, 39.931534689019202 ], [ -75.208903801972795, 39.931416433682401 ], [ -75.20899937499, 39.931298122332798 ], [ -75.209094829751805, 39.931179740715301 ], [ -75.209190131547302, 39.931061278150203 ], [ -75.209285245766594, 39.930942721256898 ], [ -75.209380137799997, 39.930824056655197 ], [ -75.2094747741736, 39.930705271891 ], [ -75.209569119007796, 39.930586356259099 ], [ -75.2096631377606, 39.930467294578797 ], [ -75.209756795755695, 39.930348075270899 ], [ -75.209850058317102, 39.930228686756102 ], [ -75.209942892039095, 39.9301091147804 ], [ -75.210035262245796, 39.929989347764597 ], [ -75.210127133159702, 39.9298693723035 ], [ -75.210218470105204, 39.929749176818198 ], [ -75.210309240846996, 39.929628747080997 ], [ -75.210399407168097, 39.9295080723358 ], [ -75.210488937935494, 39.929387140181497 ], [ -75.2105777962704, 39.929265935386802 ], [ -75.210665948634102, 39.929144447299599 ], [ -75.210753672240301, 39.929022648722601 ], [ -75.210841141868599, 39.928900497575597 ], [ -75.210928137353505, 39.928777966459101 ], [ -75.211014441003996, 39.928655024425701 ], [ -75.211099833860501, 39.928531643202803 ], [ -75.211107923570196, 39.928519754274902 ], [ -75.211184098167493, 39.928407793644404 ], [ -75.211267013832497, 39.9282834465535 ], [ -75.211348363137105, 39.928158571884801 ], [ -75.211427927160898, 39.928033140468301 ], [ -75.211505486985502, 39.927907123134197 ], [ -75.211580823693893, 39.927780490713502 ], [ -75.211653720709506, 39.927653214089197 ], [ -75.211723955644104, 39.927525263115299 ], [ -75.211791313060203, 39.927396609601502 ], [ -75.211855542214096, 39.927267199348798 ], [ -75.2119157751806, 39.927136457233402 ], [ -75.2119718731212, 39.927004278375101 ], [ -75.212024073021595, 39.926870835610899 ], [ -75.212072610697007, 39.926736301751298 ], [ -75.212117723097506, 39.926600850531997 ], [ -75.212159647239304, 39.926464653887699 ], [ -75.212198617765097, 39.926327884600703 ], [ -75.212234872790603, 39.926190716430803 ], [ -75.212268646989301, 39.926053321259197 ], [ -75.212300178507604, 39.925915871944497 ], [ -75.212329703084507, 39.925778543093401 ], [ -75.212357520488496, 39.925641267459 ], [ -75.2123838548587, 39.925503182337003 ], [ -75.212408280064395, 39.9253643548833 ], [ -75.212430316230495, 39.925224975403303 ], [ -75.212440622604504, 39.925149835516002 ], [ -75.213310851051901, 39.925516818003999 ], [ -75.216711040632703, 39.926950606473497 ], [ -75.216766339502101, 39.926973318770003 ], [ -75.217677747034799, 39.927347640536702 ], [ -75.219365540465901, 39.928043813587102 ], [ -75.219488353901397, 39.928125919007698 ], [ -75.220551230655801, 39.9290091413691 ], [ -75.220590618292505, 39.929056326052901 ], [ -75.2211054443314, 39.929475208910603 ], [ -75.221515933504406, 39.929836083677102 ], [ -75.222001124469998, 39.9302341255515 ], [ -75.222698731339193, 39.930817069066002 ], [ -75.222727692788098, 39.9308412702485 ], [ -75.223298468237999, 39.931318579176498 ], [ -75.223305492263705, 39.931324540873298 ], [ -75.224595701220295, 39.932419807575599 ], [ -75.225229382269305, 39.9329632850256 ], [ -75.225862727362895, 39.933490204516097 ], [ -75.227254085158194, 39.934670621405502 ], [ -75.228623988096999, 39.933704938078797 ], [ -75.229129519409099, 39.933354873726898 ], [ -75.229323570981293, 39.933213416176002 ], [ -75.229642733921096, 39.932986938142697 ], [ -75.229773016720998, 39.932907404133402 ], [ -75.230251715797095, 39.932560464750701 ], [ -75.231279673357605, 39.931836916767701 ], [ -75.232306968912098, 39.931124700772003 ], [ -75.232364376437303, 39.931083696229699 ], [ -75.233829913161003, 39.930049754014803 ], [ -75.235414856380999, 39.928935060369596 ], [ -75.235481679765599, 39.928886657310898 ], [ -75.235591498174799, 39.928914706681503 ], [ -75.235933268653397, 39.928989310494401 ], [ -75.236289767791803, 39.929054019735702 ], [ -75.236999382150302, 39.929184454504103 ], [ -75.237728449982498, 39.929329065587197 ], [ -75.238471973750507, 39.929486894414801 ], [ -75.239053683987905, 39.929840393496796 ], [ -75.240619431781397, 39.930140886010697 ], [ -75.242329891068394, 39.9304650099048 ], [ -75.242967079356902, 39.930585746930298 ], [ -75.243807844489396, 39.9307450527848 ], [ -75.243695961700695, 39.930830714909703 ], [ -75.243637738486299, 39.930918792153101 ], [ -75.243607087278406, 39.9310874153092 ], [ -75.243560030272405, 39.931203952069197 ], [ -75.243518210982501, 39.9313441165135 ], [ -75.243476911396897, 39.931470183649303 ], [ -75.2434363036148, 39.931577455854899 ], [ -75.243420111744101, 39.9316852626064 ], [ -75.243404438546904, 39.931778972037499 ], [ -75.243402359101694, 39.931835357605998 ], [ -75.243344827834406, 39.9319046389097 ], [ -75.243281366567999, 39.931969088284802 ], [ -75.243187732429305, 39.932023472619697 ], [ -75.243106478925895, 39.932073426131701 ], [ -75.243051306059797, 39.932161569794403 ], [ -75.242936934242493, 39.932281337107803 ], [ -75.242846283880894, 39.932420432949598 ], [ -75.242724075838296, 39.932587055214697 ], [ -75.242626454673697, 39.932749511731103 ], [ -75.2425312587538, 39.932846185594798 ], [ -75.242454894758396, 39.932929162484101 ], [ -75.242352728291493, 39.933049196131698 ], [ -75.242288050251901, 39.933146537100598 ], [ -75.242241684235694, 39.933244277558899 ], [ -75.242171249327598, 39.933332087112298 ], [ -75.242126790168896, 39.933378141374803 ], [ -75.242014495358305, 39.933441521322003 ], [ -75.241890860659694, 39.933481141732102 ], [ -75.241718917314103, 39.933505596797602 ], [ -75.241559526130601, 39.933520920679896 ], [ -75.241399615721306, 39.933550341649102 ], [ -75.241190701776901, 39.933583392712102 ], [ -75.240975684352804, 39.9336163089691 ], [ -75.240761532900805, 39.933625731431597 ], [ -75.2405182515745, 39.933596895981204 ], [ -75.240245839718895, 39.9335298006066 ], [ -75.240162941666995, 39.933501681913199 ], [ -75.239904970579303, 39.933414180674603 ], [ -75.239614769701504, 39.933332586651503 ], [ -75.239422749583895, 39.933239034343202 ], [ -75.239285836477507, 39.933141984949103 ], [ -75.239113342278898, 39.933015939928801 ], [ -75.238857481892396, 39.9328316390597 ], [ -75.238654124742595, 39.9327143230093 ], [ -75.238497687555494, 39.932649763831101 ], [ -75.238315793667695, 39.932612861561303 ], [ -75.238127970409295, 39.932571126836997 ], [ -75.237952354930101, 39.932529660104102 ], [ -75.237788598737893, 39.932497857470203 ], [ -75.237561375519405, 39.932530499912197 ], [ -75.237437913606101, 39.932565416134999 ], [ -75.237325616902993, 39.932628792418903 ], [ -75.237219075765196, 39.932701700194201 ], [ -75.237123351085501, 39.932812465033699 ], [ -75.237015072140196, 39.9329323601971 ], [ -75.236911854766703, 39.933080582650298 ], [ -75.236791987062901, 39.9332660603013 ], [ -75.236719286315306, 39.933414950441197 ], [ -75.236659140504997, 39.933554711097102 ], [ -75.236644000563302, 39.933798914841198 ], [ -75.236649033175894, 39.933906588657798 ], [ -75.236650821820206, 39.933944845375201 ], [ -75.2366635726693, 39.934095609050402 ], [ -75.236653125315598, 39.934212945570401 ], [ -75.236605185431102, 39.934352972805698 ], [ -75.236555161278005, 39.934549386388298 ], [ -75.236525532282698, 39.934689815795402 ], [ -75.236470445745297, 39.934857901931501 ], [ -75.236394364984207, 39.935180715362598 ], [ -75.236321487510395, 39.935334304632299 ], [ -75.236171866919193, 39.935415671934301 ], [ -75.236077629795005, 39.935481450384003 ], [ -75.236015098455297, 39.935525098842199 ], [ -75.235864780647702, 39.935625260561402 ], [ -75.235665805936506, 39.935719653995001 ], [ -75.235460030632893, 39.935832708079197 ], [ -75.235265593551105, 39.935969522801997 ], [ -75.234981005706203, 39.936231332258899 ], [ -75.234921897173606, 39.936342898391302 ], [ -75.234923653574796, 39.936460502443303 ], [ -75.234918436978404, 39.936601466868602 ], [ -75.234847989166298, 39.936689271020001 ], [ -75.234775011621394, 39.936762912761701 ], [ -75.234745725792195, 39.936893943835798 ], [ -75.2347888194505, 39.9370500755265 ], [ -75.234783428643794, 39.937195738428002 ], [ -75.234802005260093, 39.937344434413198 ], [ -75.2348022807966, 39.9373466352816 ], [ -75.234871181770004, 39.937465711806503 ], [ -75.234922640304106, 39.937560892502901 ], [ -75.234970273491996, 39.937759447027503 ], [ -75.2349774393346, 39.937895979782503 ], [ -75.234984605172698, 39.938032513437001 ], [ -75.235005195695194, 39.938136421787803 ], [ -75.235075662736904, 39.938213209130801 ], [ -75.235164790018402, 39.938281000092203 ], [ -75.235297342495699, 39.938330933022897 ], [ -75.235491458698604, 39.938368106835398 ], [ -75.2357834132834, 39.938402722803197 ], [ -75.235947704219697, 39.938420431939598 ], [ -75.236148619979602, 39.938438943590597 ], [ -75.236349188254593, 39.938466852762097 ], [ -75.236501792191206, 39.938470197177402 ], [ -75.2366856110621, 39.938455415340698 ], [ -75.236881638525404, 39.9384408998217 ], [ -75.237146202697005, 39.938390265436901 ], [ -75.237450789895107, 39.938331101745099 ], [ -75.237623616677695, 39.938283158864003 ], [ -75.237771157530005, 39.938258175132802 ], [ -75.237967532698505, 39.938234260807398 ], [ -75.238175073173494, 39.938238806228703 ], [ -75.2383280240077, 39.938232750336802 ], [ -75.2384998080678, 39.938212998870902 ], [ -75.238738910030406, 39.938190018841901 ], [ -75.238874242842499, 39.9381647664027 ], [ -75.239009228329095, 39.9381489116845 ], [ -75.2391860741226, 39.938157485562101 ], [ -75.239338503897699, 39.938165525594698 ], [ -75.239454656271405, 39.938163364959898 ], [ -75.239564877310599, 39.938156372090702 ], [ -75.239711376993199, 39.938159578636203 ], [ -75.239821077313906, 39.9381666827949 ], [ -75.239924326875396, 39.9381830502507 ], [ -75.2400390909621, 39.938218479657102 ], [ -75.240141472998801, 39.9382583411764 ], [ -75.240260432280095, 39.938345591842399 ], [ -75.240411750835193, 39.9384664673535 ], [ -75.240594559118605, 39.938644464493997 ], [ -75.240713347380193, 39.938736412307499 ], [ -75.240765855979902, 39.938803397624099 ], [ -75.240763080158601, 39.938878578909502 ], [ -75.240741123202298, 39.938976852895301 ], [ -75.240700508924704, 39.939084125069897 ], [ -75.240629024989104, 39.9392001264236 ], [ -75.240546199528495, 39.939292366348802 ], [ -75.240426748544706, 39.939383804841697 ], [ -75.240344096126094, 39.939471345228299 ], [ -75.240242437812299, 39.939577281532202 ], [ -75.240145668352199, 39.939716241657599 ], [ -75.240018549178401, 39.9398498352557 ], [ -75.239952994752699, 39.9399706691799 ], [ -75.239905334240007, 39.9400450555882 ], [ -75.239881682182997, 39.940081970674399 ], [ -75.239798854633904, 39.940174210058501 ], [ -75.239637988252596, 39.940311767874 ], [ -75.239529354632396, 39.940441063276701 ], [ -75.239412880826194, 39.940617212574303 ], [ -75.239401741711404, 39.940753344167597 ], [ -75.239432986565106, 39.940899809877301 ], [ -75.239464578763702, 39.941036876796403 ], [ -75.2394963446595, 39.941169245215796 ], [ -75.239564564604294, 39.941307113801599 ], [ -75.239633304373001, 39.9414308859483 ], [ -75.2397369351755, 39.9416024481676 ], [ -75.239848060187796, 39.941736553274303 ], [ -75.239988666929605, 39.9418995189653 ], [ -75.240076415589002, 39.942004896737103 ], [ -75.240152475823606, 39.942095910903497 ], [ -75.240254343206701, 39.942149867793802 ], [ -75.240369287641599, 39.9421805992759 ], [ -75.240521379574801, 39.942198034719901 ], [ -75.240791988294603, 39.9422321705012 ], [ -75.240956116319097, 39.9422545709565 ], [ -75.241181462261196, 39.942273608820699 ], [ -75.241449887408095, 39.942284182039998 ], [ -75.241585053935793, 39.942263624898501 ], [ -75.241829927502394, 39.942250169835098 ], [ -75.2420376539269, 39.942250008874097 ], [ -75.2422940431467, 39.942255614660397 ], [ -75.242610956703402, 39.942276650735003 ], [ -75.243068621780907, 39.942291357779503 ], [ -75.243177635813694, 39.942317253612003 ], [ -75.243335659562504, 39.9423395172293 ], [ -75.243417204345107, 39.942405951861502 ], [ -75.243436489933302, 39.9424216649725 ], [ -75.243533122805601, 39.942451992174199 ], [ -75.243846466339704, 39.942487054544202 ], [ -75.244071640637998, 39.942510784328299 ], [ -75.244411934070399, 39.942560542578903 ], [ -75.244661007954406, 39.942598901018798 ], [ -75.245015071718996, 39.942606634103399 ], [ -75.245228210574297, 39.942625396471797 ], [ -75.24541169359, 39.942619998578898 ], [ -75.245564479313202, 39.942618631513703 ], [ -75.245741856987394, 39.942613099785902 ], [ -75.245888712862794, 39.9426069005426 ], [ -75.246053362865894, 39.942615197305201 ], [ -75.246193594022003, 39.9426229616925 ], [ -75.246351273269397, 39.942654618157299 ], [ -75.246472671665103, 39.942676078861297 ], [ -75.246569133135495, 39.942711102907097 ], [ -75.246664556200997, 39.942774318779698 ], [ -75.246746730268896, 39.9428654617953 ], [ -75.246824988858606, 39.942980031591198 ], [ -75.246874045230896, 39.943140990438501 ], [ -75.246966873102807, 39.943274688984197 ], [ -75.247023764880694, 39.943388793255203 ], [ -75.247030992481299, 39.943423290487303 ], [ -75.246636256948193, 39.943550833120199 ], [ -75.245856065019595, 39.943823293508402 ], [ -75.245220116147493, 39.9440666701623 ], [ -75.244442914200704, 39.944342606652803 ], [ -75.243420772394401, 39.944699569313698 ], [ -75.241773660956795, 39.945306861522297 ], [ -75.240269387656397, 39.9458751841508 ], [ -75.240054954708199, 39.9459266421688 ], [ -75.239342213361397, 39.946084577351002 ], [ -75.238731285128395, 39.946195192433201 ], [ -75.237983025846205, 39.946341006285799 ], [ -75.237272985338095, 39.946472208588602 ], [ -75.236140299987397, 39.946742612656799 ], [ -75.235873478976799, 39.946815345146099 ], [ -75.235809998177004, 39.946845074150197 ], [ -75.235752743747895, 39.9468597136743 ], [ -75.235050817706494, 39.947001685014001 ], [ -75.234364652372605, 39.947183271274703 ], [ -75.233607199577705, 39.947360264129998 ], [ -75.231273235918096, 39.947918162631801 ], [ -75.2303048402553, 39.947810559618397 ], [ -75.229804206635293, 39.947797853302397 ], [ -75.229451376306699, 39.947788897204099 ], [ -75.229070613962307, 39.947786935088097 ], [ -75.227628547868093, 39.947779489772699 ], [ -75.227422015465294, 39.947779799939902 ], [ -75.226116707134196, 39.947768698139697 ], [ -75.225402140180194, 39.9477668084306 ], [ -75.225239083444805, 39.947752668038198 ], [ -75.224949539767195, 39.947753617163698 ], [ -75.223317983644307, 39.9479349988354 ], [ -75.223331919594997, 39.948021117843602 ], [ -75.2232307283126, 39.948480718439797 ], [ -75.2230773985045, 39.949220983112497 ], [ -75.222916886538897, 39.949984516297299 ], [ -75.222753606768094, 39.950763729702203 ], [ -75.222591758657202, 39.951528681937297 ], [ -75.222437708588501, 39.952289918917202 ], [ -75.222281831625395, 39.953049063923899 ], [ -75.222194629233101, 39.953423060034702 ], [ -75.222059375727795, 39.954112027234899 ], [ -75.222039459761405, 39.954182587105798 ], [ -75.221925376300902, 39.954732320768798 ], [ -75.2218000821033, 39.955328934960797 ], [ -75.221689182237299, 39.955863424333302 ], [ -75.221562014410296, 39.956470947794998 ], [ -75.2214956712712, 39.956839799936802 ], [ -75.221400553044006, 39.957236357868403 ], [ -75.221247001328706, 39.957993186211603 ], [ -75.221088488472901, 39.958741030208998 ], [ -75.2209227074691, 39.959514434662402 ], [ -75.219985066459301, 39.959395508293298 ], [ -75.219178716423002, 39.9592973922487 ], [ -75.218956675611096, 39.959269265278301 ], [ -75.217003830577099, 39.959024889138298 ], [ -75.2140215999802, 39.958652635421203 ], [ -75.213675282121102, 39.960039359810096 ], [ -75.213545225125401, 39.960599415022401 ], [ -75.213404439568706, 39.961163109938603 ], [ -75.213063576357101, 39.962586166609903 ], [ -75.211981474296707, 39.962669815031198 ], [ -75.211931229952796, 39.9626714137787 ], [ -75.210561907892298, 39.962580589376202 ], [ -75.210492906116599, 39.962580645171599 ], [ -75.2098173152757, 39.962463039311899 ], [ -75.209060856165095, 39.962338089219202 ], [ -75.208978171497293, 39.962320146272901 ], [ -75.208841933342796, 39.962331641336696 ], [ -75.207787547933407, 39.962420589880097 ], [ -75.206890789567197, 39.962494317948298 ], [ -75.205581483877694, 39.962600171185301 ], [ -75.204780269357101, 39.962669545091501 ], [ -75.204309034399103, 39.962711343176402 ], [ -75.203980936198704, 39.962736783768698 ], [ -75.202363701941906, 39.962868738294702 ], [ -75.202303313311702, 39.962276604890199 ], [ -75.202302422603907, 39.962269820367297 ], [ -75.202296785849299, 39.962231355641997 ], [ -75.202268269542003, 39.961953078672998 ], [ -75.202237100344803, 39.9616528186274 ], [ -75.201419535962401, 39.961777580748503 ], [ -75.201181742688604, 39.961813237275003 ], [ -75.200138944739194, 39.961972120747703 ], [ -75.199438761198195, 39.962051435972498 ], [ -75.197199610695407, 39.962296475459098 ], [ -75.195749786651206, 39.962456856406099 ], [ -75.1943000366891, 39.962616126115599 ], [ -75.194198512637399, 39.9626319009624 ], [ -75.192848431926294, 39.962778994413497 ], [ -75.1925197593485, 39.962818044312499 ], [ -75.191479165617693, 39.962929779005897 ], [ -75.191392686297604, 39.962931103147902 ], [ -75.189940619321106, 39.963092475841201 ], [ -75.188488723549298, 39.963257087680901 ], [ -75.188027859183705, 39.963303418848902 ], [ -75.187418060330401, 39.963376356054503 ] ] ] } },
{ "type": "Feature", "properties": { "objectid": 6, "dist_name": "Upper Northwest", "abbrev": "UNW", "Shape__Area": 45269909.67578125, "Shape__Length": 32725.278575139011 }, "geometry": { "type": "Polygon", "coordinates": [ [ [ -75.206285893853604, 40.082955911854 ], [ -75.204147613885993, 40.0817308751311 ], [ -75.202675607664204, 40.080887695369199 ], [ -75.200454837614103, 40.079615540965001 ], [ -75.197573849521604, 40.077965049351903 ], [ -75.196436187316905, 40.077313251366903 ], [ -75.195005195870195, 40.076497425557697 ], [ -75.1908345850199, 40.074123568589698 ], [ -75.189678824263297, 40.073468436081001 ], [ -75.189675085042893, 40.073466082243897 ], [ -75.189616521300707, 40.073522137223499 ], [ -75.189127614545995, 40.073245680596997 ], [ -75.188748251669594, 40.073031162928203 ], [ -75.160693084363501, 40.056840971503497 ], [ -75.160641594184199, 40.056788602842097 ], [ -75.1588922605943, 40.055777576865403 ], [ -75.158308667073797, 40.055446350065402 ], [ -75.157872568811996, 40.055208032350301 ], [ -75.157751059081605, 40.055162150192302 ], [ -75.157577219502301, 40.055056822085298 ], [ -75.157559822558198, 40.055043423378898 ], [ -75.157540150063994, 40.054886078548797 ], [ -75.157552826558401, 40.0547157376106 ], [ -75.157587348771997, 40.054619353861099 ], [ -75.157620030278395, 40.054271501277498 ], [ -75.157690696331102, 40.0532343013627 ], [ -75.157732570779203, 40.052635230679698 ], [ -75.157749041656302, 40.052382097283498 ], [ -75.157777039146893, 40.051964352658104 ], [ -75.157859926617704, 40.050611957828103 ], [ -75.157874065073202, 40.050407113936203 ], [ -75.157920377153602, 40.049678142158399 ], [ -75.157951844495997, 40.049226227292102 ], [ -75.157961570218802, 40.049035050429197 ], [ -75.157986046196996, 40.048674246116803 ], [ -75.158020760818204, 40.048135278148003 ], [ -75.158060600891901, 40.0476020094017 ], [ -75.158069067785505, 40.047470840556898 ], [ -75.1580951306521, 40.047116464724603 ], [ -75.158133874408307, 40.046427780356403 ], [ -75.158167731472005, 40.045920624045401 ], [ -75.158220677497098, 40.045085426155197 ], [ -75.158264513275896, 40.043791342913103 ], [ -75.158288283520307, 40.043350860242199 ], [ -75.158309732862605, 40.042870369680998 ], [ -75.158320255399204, 40.042417645138798 ], [ -75.158343850407206, 40.0420308995431 ], [ -75.158360932388803, 40.041496229685201 ], [ -75.1584063420825, 40.040745560653399 ], [ -75.158454184992905, 40.0385483808681 ], [ -75.1584172567552, 40.037511360189001 ], [ -75.158375910169198, 40.036694146957302 ], [ -75.158366449465504, 40.036355531011601 ], [ -75.158836992098401, 40.035893120649398 ], [ -75.159003649778896, 40.035729341954202 ], [ -75.159692869691895, 40.035061044354698 ], [ -75.157649458970795, 40.033882615019799 ], [ -75.157661519010801, 40.033264430002198 ], [ -75.157642149081695, 40.033215436156098 ], [ -75.157643095669897, 40.032936458881203 ], [ -75.157628125829007, 40.0320458398649 ], [ -75.157625392300005, 40.031785726968899 ], [ -75.157618980362003, 40.031523567725998 ], [ -75.157637376382098, 40.031418229828901 ], [ -75.157677858522803, 40.031326018190299 ], [ -75.157758582916699, 40.0312015682847 ], [ -75.157822778684903, 40.031133567833002 ], [ -75.158125870008703, 40.030834523422101 ], [ -75.159035160515501, 40.030326045445797 ], [ -75.159222393582994, 40.027666015147901 ], [ -75.159298572377295, 40.026600928563802 ], [ -75.159378251637193, 40.025511898021101 ], [ -75.159414315785199, 40.024749110775701 ], [ -75.159467267509299, 40.0241159308354 ], [ -75.159481978135204, 40.024053626781701 ], [ -75.159509622847494, 40.023992023558002 ], [ -75.159554069688099, 40.023934607040999 ], [ -75.159709602500101, 40.023887736933197 ], [ -75.159882015881706, 40.0238029451926 ], [ -75.160341924811405, 40.023478552462201 ], [ -75.162026879793402, 40.022295895847499 ], [ -75.162465468746504, 40.0219631514098 ], [ -75.162604469755607, 40.021613381192203 ], [ -75.162669044213402, 40.021336558657403 ], [ -75.162678218775994, 40.021095868262599 ], [ -75.162693740258405, 40.020830400605099 ], [ -75.162729269047205, 40.020606917815201 ], [ -75.162784217373201, 40.020377192434303 ], [ -75.162904619137095, 40.020116614202003 ], [ -75.163037934606194, 40.019878721513301 ], [ -75.163163004702596, 40.0197154028304 ], [ -75.163502527771499, 40.019453080926503 ], [ -75.163558081015495, 40.019404774640599 ], [ -75.163600509610106, 40.019391851985503 ], [ -75.163816195543106, 40.019334882292299 ], [ -75.165303235856499, 40.0188780115027 ], [ -75.166133784383106, 40.018694167449702 ], [ -75.167924944586801, 40.0184572104518 ], [ -75.168179335123895, 40.018424647421298 ], [ -75.168948723879495, 40.018337909589498 ], [ -75.170323634002898, 40.018182894086401 ], [ -75.172045800247005, 40.017862816961298 ], [ -75.172442902582205, 40.017720236358201 ], [ -75.172963076886603, 40.018125883756703 ], [ -75.185466577071296, 40.028884975688001 ], [ -75.186196116080495, 40.029478058606102 ], [ -75.187379658558598, 40.030432037080402 ], [ -75.187778852320406, 40.030780734121599 ], [ -75.188532538076899, 40.031466973339597 ], [ -75.188668460184203, 40.031580939346902 ], [ -75.188729730910097, 40.031367089526803 ], [ -75.188799626389496, 40.031061965431803 ], [ -75.188846455535398, 40.030762565489098 ], [ -75.188905914170405, 40.030382451181303 ], [ -75.188946496245094, 40.0302086014186 ], [ -75.189002132320397, 40.030135228814203 ], [ -75.189171056650096, 40.029992620746903 ], [ -75.189446309550803, 40.029835792902801 ], [ -75.189603608137801, 40.029810455013497 ], [ -75.189748228825906, 40.029789642056102 ], [ -75.189848929687003, 40.029772656737997 ], [ -75.190131120834096, 40.0296561371199 ], [ -75.190418449624502, 40.029595455862101 ], [ -75.190638169845798, 40.029531610300502 ], [ -75.190732259321393, 40.029471119571198 ], [ -75.190800511981806, 40.029414075120897 ], [ -75.190920908070794, 40.029289360185302 ], [ -75.191014951317101, 40.029200113500401 ], [ -75.191277520570296, 40.028953572168497 ], [ -75.191317288814403, 40.028886246632098 ], [ -75.191315824693504, 40.028766933438398 ], [ -75.191271949176397, 40.028686633142598 ], [ -75.1911706624619, 40.0286363014635 ], [ -75.1910600933127, 40.0285833589788 ], [ -75.190835423529407, 40.028405284761597 ], [ -75.190815013604393, 40.028349212643597 ], [ -75.190820285539004, 40.028299072902897 ], [ -75.190807751592203, 40.028213009704103 ], [ -75.190821951665399, 40.028135341355799 ], [ -75.1908588869575, 40.028082441926102 ], [ -75.190903295485001, 40.028041685187397 ], [ -75.190995666893599, 40.0279915743386 ], [ -75.191118292707401, 40.0279651888738 ], [ -75.191261141986402, 40.027954497986201 ], [ -75.191372277132402, 40.0279665057909 ], [ -75.191488259458595, 40.027999416690797 ], [ -75.191629066028895, 40.028001687659497 ], [ -75.191788688190698, 40.027957072976797 ], [ -75.1918940402457, 40.027924405724796 ], [ -75.191992229234899, 40.027873627189997 ], [ -75.192087124365798, 40.027825593556102 ], [ -75.192253114515495, 40.027787698320999 ], [ -75.192374824566997, 40.027752404519198 ], [ -75.192551914220402, 40.027725032922 ], [ -75.192656404221594, 40.027703964256801 ], [ -75.192727328951605, 40.027672712756299 ], [ -75.192760694245806, 40.027619860299197 ], [ -75.192759884586394, 40.027522429151396 ], [ -75.193027501834194, 40.027859812915302 ], [ -75.193220699399902, 40.027986052741497 ], [ -75.1933884592314, 40.028065514278701 ], [ -75.193567060179106, 40.028097414049498 ], [ -75.193761423593898, 40.028081275899602 ], [ -75.193913093760699, 40.028047356426001 ], [ -75.194064919743894, 40.028004844633998 ], [ -75.194786302358494, 40.027790802256803 ], [ -75.194990731422095, 40.027772973175203 ], [ -75.195694013438597, 40.027777428815703 ], [ -75.195951902461999, 40.027757057797999 ], [ -75.196250393226606, 40.027689105110703 ], [ -75.196468695071204, 40.027664445043897 ], [ -75.196697046495004, 40.027680388312902 ], [ -75.196884830042194, 40.027718129158998 ], [ -75.197207159257204, 40.0279192302661 ], [ -75.197487494582305, 40.028060235343901 ], [ -75.197769661423393, 40.028099456141099 ], [ -75.1977696732894, 40.0280994834349 ], [ -75.197779176626, 40.028120819573203 ], [ -75.197918550866504, 40.028363663215202 ], [ -75.198030180356795, 40.028554515803698 ], [ -75.198112562301105, 40.028733301762102 ], [ -75.198194301330403, 40.028929198746702 ], [ -75.198285948657897, 40.029256604689401 ], [ -75.198295554441202, 40.029593604351298 ], [ -75.198235898490694, 40.029797775334103 ], [ -75.198204848761094, 40.030031122998501 ], [ -75.198172941017802, 40.030287284832298 ], [ -75.198103507380395, 40.0305540294693 ], [ -75.198088366939203, 40.030759189510498 ], [ -75.198102476671593, 40.030976417002599 ], [ -75.198226912825106, 40.031221781643403 ], [ -75.198340262194193, 40.031367006420602 ], [ -75.198497057396395, 40.031541736469698 ], [ -75.198654926597001, 40.031687949951703 ], [ -75.198901615055107, 40.031841843980501 ], [ -75.199207232906105, 40.032008462886502 ], [ -75.199452424529198, 40.032202280131699 ], [ -75.199665695980102, 40.032330547314899 ], [ -75.199728366680702, 40.032368238558199 ], [ -75.199975060044395, 40.032522130277101 ], [ -75.200170245769797, 40.032663461316503 ], [ -75.200233593983299, 40.032756199683902 ], [ -75.200244576365293, 40.0328591911939 ], [ -75.200208468922796, 40.033029636953103 ], [ -75.200148282306202, 40.033248068043797 ], [ -75.200030476055204, 40.033616487474099 ], [ -75.199987162725506, 40.033781065338701 ], [ -75.200099369874394, 40.034154591436803 ], [ -75.200200808760897, 40.034419422789902 ], [ -75.2002929005791, 40.034735419926598 ], [ -75.200446065950899, 40.0350071071503 ], [ -75.200658806699494, 40.035274408633001 ], [ -75.200777660451493, 40.035471126269002 ], [ -75.200869192531997, 40.035604447403799 ], [ -75.200902435862403, 40.035707932862302 ], [ -75.200852773902398, 40.035843828152302 ], [ -75.200856552438495, 40.0359409527222 ], [ -75.200891081320194, 40.036010217791102 ], [ -75.200961424701106, 40.036114526604898 ], [ -75.201104255444207, 40.036266110438902 ], [ -75.201196859126796, 40.036370913987099 ], [ -75.201350109282401, 40.036442813372403 ], [ -75.201564861414695, 40.036458995027601 ], [ -75.201790032644197, 40.036395492113201 ], [ -75.202033898240103, 40.0362296549566 ], [ -75.202151836016895, 40.036055316108602 ], [ -75.202262994933207, 40.035863701431502 ], [ -75.202388353246604, 40.0356895278669 ], [ -75.202573282876699, 40.035510965785598 ], [ -75.202713905603403, 40.035325712945699 ], [ -75.202924304854804, 40.035062092055803 ], [ -75.203086543993194, 40.034894442617102 ], [ -75.203223953463294, 40.034794741993203 ], [ -75.203510188062097, 40.034686923457897 ], [ -75.203749335461893, 40.034646559931801 ], [ -75.204031503196902, 40.034647106278797 ], [ -75.204297975248195, 40.034670138138203 ], [ -75.2048648117228, 40.034802573225697 ], [ -75.205197208170702, 40.034849896090897 ], [ -75.205469605044996, 40.0349130131941 ], [ -75.205702763711301, 40.035032342483802 ], [ -75.205868931230299, 40.035155896151402 ], [ -75.206018976510407, 40.035313342234197 ], [ -75.206072776627494, 40.035462946792002 ], [ -75.206086912888196, 40.035680173254697 ], [ -75.206140927226997, 40.035824074669698 ], [ -75.206262149451902, 40.035958048834203 ], [ -75.206375311328202, 40.036108968785001 ], [ -75.2064789153346, 40.036316758982203 ], [ -75.206537358993003, 40.036540674361703 ], [ -75.206768755957697, 40.0369054166149 ], [ -75.206976030362796, 40.037121209579396 ], [ -75.207217414674105, 40.037417673350703 ], [ -75.207730999082401, 40.037782951479599 ], [ -75.208079902951795, 40.037984753460798 ], [ -75.2083783648863, 40.0381454797066 ], [ -75.208654140612794, 40.038317119783997 ], [ -75.208870767246296, 40.038481742768298 ], [ -75.209126364801804, 40.038795641073101 ], [ -75.209319239857905, 40.0389996952958 ], [ -75.209559787029903, 40.039318967472198 ], [ -75.209813469427203, 40.039684195859401 ], [ -75.210018840647706, 40.039951314932402 ], [ -75.210162928958198, 40.040268453571002 ], [ -75.210482550356801, 40.040657970534703 ], [ -75.210563476098997, 40.040878307067999 ], [ -75.210720200350394, 40.041305013707102 ], [ -75.210741166012795, 40.041362093297003 ], [ -75.210839769653901, 40.041630556241003 ], [ -75.2108613426348, 40.0418479451737 ], [ -75.210906457938904, 40.042031604791198 ], [ -75.211059468834904, 40.042308981783002 ], [ -75.211347286723296, 40.042754874940499 ], [ -75.211560734764106, 40.043005045884897 ], [ -75.211791372984806, 40.0431928046943 ], [ -75.211930828305896, 40.043435631158701 ], [ -75.212051604088799, 40.043780792872496 ], [ -75.212146110279505, 40.044034041572601 ], [ -75.212173188777001, 40.044302925826699 ], [ -75.212192419236402, 40.044583053243997 ], [ -75.212181540163499, 40.0448739311202 ], [ -75.212111371614995, 40.045757153926402 ], [ -75.212044110240697, 40.045966872019598 ], [ -75.211945670270495, 40.046215857830802 ], [ -75.211847016175199, 40.0464705484709 ], [ -75.211662460721499, 40.046837503867799 ], [ -75.211583981628706, 40.046949934449401 ], [ -75.211585427916802, 40.0471097955554 ], [ -75.211648378468794, 40.047213934692998 ], [ -75.211770272009105, 40.047330791823697 ], [ -75.211950896685195, 40.047466071701898 ], [ -75.212152291121896, 40.047641767626097 ], [ -75.212384439897903, 40.047789600687402 ], [ -75.212610447386297, 40.047903049742203 ], [ -75.212978698205106, 40.048185176684697 ], [ -75.213129640612905, 40.048319799082698 ], [ -75.213332962063305, 40.048444161321001 ], [ -75.213505104710705, 40.048607791350697 ], [ -75.213668120422298, 40.048816886705701 ], [ -75.213784052038307, 40.049093439839503 ], [ -75.213789054734093, 40.049109965575198 ], [ -75.2139162783469, 40.049530182459399 ], [ -75.214052771017194, 40.049852855360697 ], [ -75.214504691006695, 40.050679104105797 ], [ -75.214515657100705, 40.050692957509497 ], [ -75.214775455230694, 40.051021171741098 ], [ -75.215015809668202, 40.051233887132398 ], [ -75.215224424562805, 40.051429308917598 ], [ -75.215422562316803, 40.051616202760997 ], [ -75.215779718752898, 40.051881271598603 ], [ -75.216328724447905, 40.052212794246302 ], [ -75.216792520496398, 40.052513397980597 ], [ -75.217011931460803, 40.052709054357898 ], [ -75.217215605257906, 40.053037106372003 ], [ -75.217407254974802, 40.053398078444502 ], [ -75.217551116608306, 40.053882443397399 ], [ -75.217671549228101, 40.054416070890397 ], [ -75.217765500262004, 40.0547914824053 ], [ -75.217797201934005, 40.055099148999197 ], [ -75.217834481569398, 40.055397639320397 ], [ -75.217847076574898, 40.055498478082399 ], [ -75.217867372612005, 40.055822486914998 ], [ -75.217964728747603, 40.056106712143702 ], [ -75.218158867204906, 40.056401365541397 ], [ -75.218300305224105, 40.056661672700002 ], [ -75.218414949300893, 40.056772051772299 ], [ -75.218537906846706, 40.056948986715597 ], [ -75.218703397388595, 40.057143450443903 ], [ -75.218943476521005, 40.057364448013502 ], [ -75.219211282076799, 40.0577105014099 ], [ -75.219390656422902, 40.057822306126603 ], [ -75.219653243538801, 40.058018907824398 ], [ -75.219826436113706, 40.058296504053203 ], [ -75.220006709478497, 40.0586738132778 ], [ -75.220270815019305, 40.059119340738299 ], [ -75.220358017270101, 40.059386746357802 ], [ -75.220478511892694, 40.059629995727398 ], [ -75.220643396356706, 40.059841036666299 ], [ -75.220799967281394, 40.059985522481803 ], [ -75.221012025085997, 40.060089747531698 ], [ -75.221180310248897, 40.060209602427399 ], [ -75.221346126475595, 40.060395772773497 ], [ -75.221510705357503, 40.060615102001599 ], [ -75.221712570955006, 40.060992883315897 ], [ -75.221874219963993, 40.061290963872104 ], [ -75.222088398133806, 40.061917909005103 ], [ -75.222155577372007, 40.062143390637601 ], [ -75.222233546802798, 40.062369109594201 ], [ -75.222396899029704, 40.062621595833598 ], [ -75.222634229991002, 40.0629171917561 ], [ -75.222893140475705, 40.063213260841302 ], [ -75.223152979532799, 40.0634844615237 ], [ -75.223402958159497, 40.063730554767801 ], [ -75.223526867569703, 40.063882614688502 ], [ -75.223573710755602, 40.064074462738802 ], [ -75.223521910577006, 40.064305623701301 ], [ -75.223451001030199, 40.064469993585902 ], [ -75.223284225778997, 40.064599070007702 ], [ -75.223010176874993, 40.064709192598997 ], [ -75.222519574409205, 40.064835293277497 ], [ -75.221917526217894, 40.065054350022599 ], [ -75.221509059971595, 40.065294255374702 ], [ -75.221043245894407, 40.065624158143997 ], [ -75.220755000103907, 40.065825224914398 ], [ -75.220474450512796, 40.066109424998103 ], [ -75.220403840862701, 40.066265502522498 ], [ -75.220352337349993, 40.066488372464804 ], [ -75.220407181562194, 40.066755066283399 ], [ -75.220484221932296, 40.0670056550303 ], [ -75.220511026812503, 40.067155580596499 ], [ -75.220544170161801, 40.067222831569097 ], [ -75.220581297134402, 40.067298167454702 ], [ -75.220725240006999, 40.067492153167599 ], [ -75.2209197320702, 40.067778513052097 ], [ -75.221304574673994, 40.068172766029903 ], [ -75.221744450928995, 40.068539192072997 ], [ -75.222069043414095, 40.068811818519798 ], [ -75.222278041584005, 40.068998937744297 ], [ -75.222445734497896, 40.069135368985897 ], [ -75.222526491758899, 40.069286480624797 ], [ -75.222651027058703, 40.069421963207397 ], [ -75.222839066987504, 40.069592026766998 ], [ -75.223039440562502, 40.069720879414099 ], [ -75.223237345631205, 40.069916049188201 ], [ -75.223542532411699, 40.0701301699781 ], [ -75.223920780269907, 40.070412267712499 ], [ -75.224364081752498, 40.070687496634598 ], [ -75.224669584189499, 40.070893324851099 ], [ -75.224943334621003, 40.071081860929397 ], [ -75.225174237453402, 40.071261159484997 ], [ -75.225342250333, 40.071389296909501 ], [ -75.225479436397194, 40.071475275115603 ], [ -75.225603363433805, 40.071627332704402 ], [ -75.225629101608305, 40.071806271447301 ], [ -75.225608696624107, 40.071874458227803 ], [ -75.225555104055502, 40.072053538302001 ], [ -75.225420376093396, 40.072191617520403 ], [ -75.225360254249395, 40.072356225574197 ], [ -75.225094498852599, 40.072532907619099 ], [ -75.224752284558207, 40.0727327989648 ], [ -75.224443673703206, 40.072900242408501 ], [ -75.223937746610503, 40.0731463115957 ], [ -75.223406529563604, 40.073491380708198 ], [ -75.223216608420202, 40.073661429466199 ], [ -75.223066449449902, 40.073923613968397 ], [ -75.223014331175307, 40.074163064137203 ], [ -75.223015854967002, 40.074411990163298 ], [ -75.223124051057894, 40.074696448013697 ], [ -75.223365888580204, 40.0751622165063 ], [ -75.223484259230005, 40.0754634903453 ], [ -75.223614040409402, 40.075748421259 ], [ -75.223804553256002, 40.076142541367801 ], [ -75.224069370408301, 40.0765714796445 ], [ -75.2243055226499, 40.076900230148098 ], [ -75.224485870361804, 40.077277531943999 ], [ -75.224675157925006, 40.0777048088475 ], [ -75.224791379428396, 40.078064109201897 ], [ -75.225186159372399, 40.078773829483701 ], [ -75.225339695440496, 40.079001205501903 ], [ -75.225484271484603, 40.079254106041603 ], [ -75.225522214477394, 40.079320477734598 ], [ -75.225738959264604, 40.079590724157804 ], [ -75.225902058658804, 40.079851494758202 ], [ -75.225949228104398, 40.080035052089798 ], [ -75.226050973118603, 40.080203215202701 ], [ -75.226246139930495, 40.080472985790202 ], [ -75.226494650086394, 40.080760520823297 ], [ -75.226807912921899, 40.0810494759195 ], [ -75.227037003109302, 40.081278508037698 ], [ -75.227353660164397, 40.081476276279403 ], [ -75.227657988174499, 40.081715254742598 ], [ -75.228072085016805, 40.081906862909698 ], [ -75.228592560533798, 40.082142284945498 ], [ -75.229274764667906, 40.082385399756703 ], [ -75.229527607999898, 40.082556872296102 ], [ -75.229773357498701, 40.082628632684902 ], [ -75.229943871539902, 40.082690446655398 ], [ -75.230181294238093, 40.082695652010997 ], [ -75.2303545807939, 40.082682857340998 ], [ -75.230558396099994, 40.0827205114078 ], [ -75.230784410062398, 40.0827420580978 ], [ -75.230976816967498, 40.082796053124703 ], [ -75.231157201886205, 40.082882970588699 ], [ -75.231207158675701, 40.082991918575701 ], [ -75.2312016166712, 40.083141131982998 ], [ -75.231142730735101, 40.083272584617703 ], [ -75.231018783816396, 40.083410906806797 ], [ -75.2308322389258, 40.083489782580102 ], [ -75.230589887108295, 40.083617212804299 ], [ -75.230251328036502, 40.083717644479997 ], [ -75.229847092889401, 40.083841524191897 ], [ -75.229411403322104, 40.083939823727199 ], [ -75.228987737186799, 40.084005200007802 ], [ -75.228651331267997, 40.084047599028302 ], [ -75.228433023337303, 40.084109181562702 ], [ -75.228201455701196, 40.084236843478699 ], [ -75.228024465394398, 40.084349109797003 ], [ -75.227972852121695, 40.084352372347603 ], [ -75.228406146695804, 40.084716411295403 ], [ -75.228602257734394, 40.084883521853101 ], [ -75.230502802356497, 40.086031844823502 ], [ -75.230561870885495, 40.086068248502798 ], [ -75.229412395587701, 40.087203365570602 ], [ -75.227754411069199, 40.088840550834902 ], [ -75.223588074801796, 40.092954167214799 ], [ -75.221528255510904, 40.0917689966263 ], [ -75.221188246822805, 40.091573355576898 ], [ -75.219634267314404, 40.090679171823702 ], [ -75.217991806910007, 40.089734026456298 ], [ -75.216790212916607, 40.089042542968002 ], [ -75.215114645477101, 40.088078257326103 ], [ -75.214347041960806, 40.087636486493601 ], [ -75.214133399504902, 40.087513528464797 ], [ -75.213753767840601, 40.087299993887797 ], [ -75.213559858014506, 40.087187199101599 ], [ -75.211783583215905, 40.086153938712997 ], [ -75.210354674936397, 40.085322698386499 ], [ -75.209995892897297, 40.085173638212403 ], [ -75.209665928045197, 40.085020896199403 ], [ -75.209378224204599, 40.084888921908501 ], [ -75.209083900056797, 40.0847039092356 ], [ -75.208436822636102, 40.0842069642583 ], [ -75.206362536683997, 40.083000145094097 ], [ -75.2063259506576, 40.082979029603898 ], [ -75.206285893853604, 40.082955911854 ] ] ] } },
{ "type": "Feature", "properties": { "objectid": 7, "dist_name": "Upper North", "abbrev": "UNO", "Shape__Area": 35358617.6171875, "Shape__Length": 29542.380772863849 }, "geometry": { "type": "Polygon", "coordinates": [ [ [ -75.155835831606296, 40.0727421064135 ], [ -75.154696739079597, 40.072093673119802 ], [ -75.154077867660504, 40.071741368191603 ], [ -75.153334833545799, 40.071318371757201 ], [ -75.152758103929301, 40.0709900424851 ], [ -75.152187349379005, 40.070665108740499 ], [ -75.151591318908203, 40.070325778920797 ], [ -75.150726539375896, 40.069833434956202 ], [ -75.150042482203801, 40.069443971509301 ], [ -75.148357109079498, 40.068484378431599 ], [ -75.147680470100298, 40.068099109296 ], [ -75.146623317209702, 40.067497163626399 ], [ -75.145220842978304, 40.0666985595334 ], [ -75.144055992337897, 40.066035237427997 ], [ -75.143946215321293, 40.065972723729899 ], [ -75.140904115479103, 40.064240280720199 ], [ -75.139417354639804, 40.063394590833298 ], [ -75.136839327908504, 40.0619814549392 ], [ -75.136717600659793, 40.0619063371755 ], [ -75.135182594001094, 40.060959063088902 ], [ -75.133376122398303, 40.059844204393301 ], [ -75.133071576500299, 40.059656249398799 ], [ -75.131642755415598, 40.058797818853201 ], [ -75.130273984442994, 40.057975429209598 ], [ -75.1301118326368, 40.0578780019829 ], [ -75.130001274327796, 40.057811574020903 ], [ -75.128959493919993, 40.057185618208003 ], [ -75.126847725608499, 40.055916694573497 ], [ -75.126308780888493, 40.0555928382785 ], [ -75.125355736980097, 40.055020132995701 ], [ -75.124832929954096, 40.054720658527501 ], [ -75.124611644700593, 40.054593900540503 ], [ -75.123748647000198, 40.054099544073402 ], [ -75.122124212603595, 40.053168972314303 ], [ -75.120808475402896, 40.052422411361398 ], [ -75.119992121663302, 40.051958986193803 ], [ -75.118566996290099, 40.051149946132 ], [ -75.117062150046195, 40.050295610241498 ], [ -75.114509255016998, 40.048815562035102 ], [ -75.112366203475503, 40.0475729024907 ], [ -75.111065334644294, 40.046822701695902 ], [ -75.111160245389101, 40.046741156557601 ], [ -75.1112213231374, 40.046642038980302 ], [ -75.111241563282505, 40.046541982396 ], [ -75.111262292715907, 40.0464293730967 ], [ -75.111273632671001, 40.046347960692302 ], [ -75.111285949045893, 40.046241440110101 ], [ -75.111321059666693, 40.0461794214606 ], [ -75.1113235006938, 40.046116652368603 ], [ -75.111294492777404, 40.046021747389901 ], [ -75.111274141936207, 40.045914477312003 ], [ -75.111271344658306, 40.045776196970202 ], [ -75.111246864153202, 40.045354704381801 ], [ -75.111187029795701, 40.045001506771499 ], [ -75.111152541421305, 40.044837368690501 ], [ -75.111117076762099, 40.044698337874699 ], [ -75.111115256304799, 40.044534950243602 ], [ -75.111135253021402, 40.044441170963502 ], [ -75.111188892436601, 40.0443230348274 ], [ -75.111315180822899, 40.044228556249799 ], [ -75.1115675135907, 40.044045876874399 ], [ -75.111735002930004, 40.043942920336498 ], [ -75.111853001604402, 40.0438513917913 ], [ -75.111987577587598, 40.043753961864802 ], [ -75.112107527733997, 40.043612218486302 ], [ -75.112194077104903, 40.043488554813102 ], [ -75.112221905584093, 40.043454032099802 ], [ -75.112288549489705, 40.043371355893498 ], [ -75.112333775877303, 40.043259308968302 ], [ -75.112370347983102, 40.043159628155102 ], [ -75.112470430139695, 40.0428980589909 ], [ -75.1125346742446, 40.042717340651002 ], [ -75.112571976522304, 40.042598828825398 ], [ -75.112643898208901, 40.042430851567701 ], [ -75.112714600910806, 40.042294258857403 ], [ -75.112751902642003, 40.042175746970798 ], [ -75.112787848532903, 40.042134346441003 ], [ -75.112837473194801, 40.042077190998299 ], [ -75.112905002724801, 40.042022198200101 ], [ -75.113057371463597, 40.041887481073999 ], [ -75.113320417847802, 40.041639076162603 ], [ -75.113492044635294, 40.041429409677697 ], [ -75.113595897220407, 40.041281012529097 ], [ -75.113649287178205, 40.041169151628303 ], [ -75.113727664689804, 40.041045300261203 ], [ -75.113782760061795, 40.0408895010385 ], [ -75.113853458866402, 40.040752907616998 ], [ -75.113923668502693, 40.040628868677302 ], [ -75.114009966912903, 40.040511480894601 ], [ -75.114120764836301, 40.040394655273197 ], [ -75.114217180106493, 40.040227239234099 ], [ -75.114380146050706, 40.0400299367518 ], [ -75.114464249952704, 40.039969041450099 ], [ -75.114533481372504, 40.0398701094174 ], [ -75.114536162998704, 40.039801062959398 ], [ -75.114540551086705, 40.039688078254798 ], [ -75.114552374743894, 40.0395941109701 ], [ -75.1145320367187, 40.039494396927303 ], [ -75.114461813919704, 40.039244448666302 ], [ -75.114460105381397, 40.0392383662643 ], [ -75.114349217163607, 40.0390837453103 ], [ -75.114281167700099, 40.038997102357698 ], [ -75.1142519104489, 40.038850613010297 ], [ -75.114250496259402, 40.0387584846167 ], [ -75.114204488946299, 40.038657657947901 ], [ -75.114128851932307, 40.038548477237498 ], [ -75.114106740785701, 40.038475060372498 ], [ -75.114100339846999, 40.038382817530199 ], [ -75.114104956419396, 40.038263966960201 ], [ -75.114090366359406, 40.038125488208799 ], [ -75.114049644467499, 40.038017108693602 ], [ -75.114023886976696, 40.037909072591098 ], [ -75.113923760917601, 40.037530715886298 ], [ -75.113864428991903, 40.037387373636399 ], [ -75.113814179814696, 40.037267262904798 ], [ -75.113743681958596, 40.037154362354698 ], [ -75.1136158612956, 40.036974911507997 ], [ -75.113497124774, 40.036818693020102 ], [ -75.113381886040102, 40.036700927714101 ], [ -75.113266722174501, 40.0365812457106 ], [ -75.113162766815904, 40.036512138874301 ], [ -75.113057460971405, 40.036442135044503 ], [ -75.112881648762894, 40.036305848128499 ], [ -75.112863611519202, 40.036291865388201 ], [ -75.112719491128999, 40.036146575645901 ], [ -75.112594876156095, 40.036013245159999 ], [ -75.112465570594196, 40.0358721318443 ], [ -75.112350932479998, 40.035739030178199 ], [ -75.112296742418494, 40.0355919666926 ], [ -75.112231831640102, 40.035463844382498 ], [ -75.112178536204596, 40.035293777369098 ], [ -75.112110800126004, 40.0351099488161 ], [ -75.112002639851198, 40.034938622486699 ], [ -75.111848102523197, 40.034804603825798 ], [ -75.111644433789095, 40.034650268898901 ], [ -75.111479474946407, 40.034527522765302 ], [ -75.111320548067596, 40.034378052562403 ], [ -75.1112979430998, 40.034354950712803 ], [ -75.111186112540594, 40.034240657290198 ], [ -75.111111527713902, 40.034104637019702 ], [ -75.111061375441196, 40.033997111807899 ], [ -75.110964075814607, 40.0337885069412 ], [ -75.110867685253695, 40.033571400924501 ], [ -75.110839360549605, 40.0335060416893 ], [ -75.110817295100105, 40.033455122920799 ], [ -75.110757825360807, 40.033315613126099 ], [ -75.110733565932904, 40.033169236560198 ], [ -75.110742279996799, 40.033073504148298 ], [ -75.110786206337195, 40.032970905033501 ], [ -75.110834225652795, 40.032891424877597 ], [ -75.110862592212698, 40.032803818130702 ], [ -75.110882704754601, 40.032543341121801 ], [ -75.110935718126996, 40.032335424846501 ], [ -75.110982475121403, 40.032159982075697 ], [ -75.110988736690203, 40.031998957828499 ], [ -75.111020532743595, 40.031823171269998 ], [ -75.111051880202893, 40.031658886856803 ], [ -75.111061936563303, 40.031528647893097 ], [ -75.111067303377695, 40.031390628002299 ], [ -75.111085991976594, 40.031295123863799 ], [ -75.111112053318095, 40.031138392048703 ], [ -75.111132805617004, 40.031051968148297 ], [ -75.111147792704799, 40.030989557577001 ], [ -75.111155313345805, 40.0309244958124 ], [ -75.111139097479594, 40.030699638813303 ], [ -75.111132184755206, 40.030492264710603 ], [ -75.111139936527593, 40.030292901631299 ], [ -75.111119919511196, 40.030165809133202 ], [ -75.111048172897696, 40.029956945260302 ], [ -75.110997636032593, 40.029844501377198 ], [ -75.110920008192807, 40.029658525380299 ], [ -75.110884880275606, 40.029534923066301 ], [ -75.110901414894002, 40.029366460806102 ], [ -75.110935221360606, 40.029138916648698 ], [ -75.1109652261257, 40.029009136088803 ], [ -75.1110168190894, 40.028837641946701 ], [ -75.1110858272027, 40.028731782537598 ], [ -75.111201211236903, 40.028588614737501 ], [ -75.111290315070804, 40.028479380380297 ], [ -75.111395127241906, 40.028351319441498 ], [ -75.111504478096904, 40.028234874250401 ], [ -75.111532101529406, 40.028210750395502 ], [ -75.111654323655202, 40.028104010241499 ], [ -75.111766723604603, 40.028037520387002 ], [ -75.111887160715796, 40.028021100572602 ], [ -75.112017273303906, 40.028012576956201 ], [ -75.112122599216093, 40.027999647268203 ], [ -75.112288964248705, 40.027957420480497 ], [ -75.112421013568195, 40.027899056287097 ], [ -75.112629434870897, 40.027802153639499 ], [ -75.112761633747695, 40.027739955017402 ], [ -75.112828104349603, 40.027699270912898 ], [ -75.112886539132006, 40.027608516743101 ], [ -75.112892007942605, 40.027465867884999 ], [ -75.112885228641503, 40.027340206001298 ], [ -75.113609599985494, 40.0272316171136 ], [ -75.114561593823694, 40.027086817373799 ], [ -75.114464138287701, 40.026793984547602 ], [ -75.115176978266206, 40.026689177754903 ], [ -75.115464639509398, 40.026646882134699 ], [ -75.115729490144602, 40.026607939683998 ], [ -75.116581099216205, 40.026482719353901 ], [ -75.117175844895698, 40.026395264382899 ], [ -75.117917800322601, 40.026288384469197 ], [ -75.118645630096097, 40.026183535039799 ], [ -75.119424604436404, 40.026071312677097 ], [ -75.121479459926803, 40.025775253239601 ], [ -75.122282185315797, 40.025659588125301 ], [ -75.123528533825294, 40.025472395466601 ], [ -75.124473164792406, 40.025331547710898 ], [ -75.125465748516902, 40.025193590269602 ], [ -75.125490404377601, 40.0250429742443 ], [ -75.126206082794099, 40.024940794777102 ], [ -75.1266684475315, 40.024875266373101 ], [ -75.127220352089907, 40.024788236493102 ], [ -75.127267913297203, 40.024780617039497 ], [ -75.127818508195801, 40.024692405602103 ], [ -75.128555922870405, 40.024547531770899 ], [ -75.128821493640402, 40.024499550363899 ], [ -75.130369858130905, 40.024155801177798 ], [ -75.131342596716095, 40.023956128030001 ], [ -75.131751872195096, 40.023869241714003 ], [ -75.132477624725098, 40.023715165172298 ], [ -75.132711977326807, 40.023665411826201 ], [ -75.133334722781299, 40.023538479007399 ], [ -75.134452796491402, 40.023304992769397 ], [ -75.135153254619993, 40.023133055362798 ], [ -75.135685107974794, 40.022961963434 ], [ -75.135776129402203, 40.022930085964603 ], [ -75.135964098051801, 40.020682840608501 ], [ -75.136563469815599, 40.020737061866598 ], [ -75.136626879998701, 40.020480689104303 ], [ -75.136742202982902, 40.019967534075299 ], [ -75.137267059524106, 40.020031778262002 ], [ -75.137813644323401, 40.020097787460102 ], [ -75.138465675097393, 40.020180867167703 ], [ -75.139101788845096, 40.0202710236698 ], [ -75.140108346215797, 40.020399959441299 ], [ -75.140951570906296, 40.020506261993297 ], [ -75.141886391377895, 40.0206261826157 ], [ -75.142029760971099, 40.020644573309902 ], [ -75.142444480781506, 40.020696747657702 ], [ -75.1432253644859, 40.020805554256299 ], [ -75.1440160504592, 40.020904065739202 ], [ -75.144803375709699, 40.021006560883897 ], [ -75.145596101737397, 40.021113222252801 ], [ -75.146381158507396, 40.021213622322399 ], [ -75.147113558942607, 40.021289542879501 ], [ -75.148569336705805, 40.021485204564499 ], [ -75.149450112360199, 40.021602028506798 ], [ -75.150211680205501, 40.021701682778499 ], [ -75.150775679551899, 40.021772790350603 ], [ -75.151239228913695, 40.021833933502499 ], [ -75.151792286601406, 40.021903542304898 ], [ -75.152353589346902, 40.021970808478102 ], [ -75.152586305551594, 40.02200265439 ], [ -75.152845690813606, 40.022036702306302 ], [ -75.153360416447498, 40.022097324664799 ], [ -75.153849517244893, 40.0221654520006 ], [ -75.153908939079798, 40.022173369223196 ], [ -75.154389196301807, 40.022237356858597 ], [ -75.154931618359598, 40.022299371211801 ], [ -75.155486784496503, 40.022372499339497 ], [ -75.155714050075304, 40.022410021851798 ], [ -75.155963278018802, 40.022441814907197 ], [ -75.156512984121406, 40.022510026681203 ], [ -75.157306753439201, 40.022616529058901 ], [ -75.157367869932102, 40.022623728585003 ], [ -75.158111072507893, 40.0227112795964 ], [ -75.1590378292358, 40.022809979082801 ], [ -75.159140639132701, 40.023037328292098 ], [ -75.159143068884205, 40.0230426017947 ], [ -75.159316955893402, 40.023419994953997 ], [ -75.159366668573796, 40.023527886821199 ], [ -75.159554069688099, 40.023934607040999 ], [ -75.159509622847494, 40.023992023558002 ], [ -75.159481978135204, 40.024053626781701 ], [ -75.159467267509299, 40.0241159308354 ], [ -75.159414315785199, 40.024749110775701 ], [ -75.159378251637193, 40.025511898021101 ], [ -75.159298572377295, 40.026600928563802 ], [ -75.159222393582994, 40.027666015147901 ], [ -75.159035160515501, 40.030326045445797 ], [ -75.158125870008703, 40.030834523422101 ], [ -75.157822778684903, 40.031133567833002 ], [ -75.157758582916699, 40.0312015682847 ], [ -75.157677858522803, 40.031326018190299 ], [ -75.157637376382098, 40.031418229828901 ], [ -75.157618980362003, 40.031523567725998 ], [ -75.157625392300005, 40.031785726968899 ], [ -75.157628125829007, 40.0320458398649 ], [ -75.157643095669897, 40.032936458881203 ], [ -75.157642149081695, 40.033215436156098 ], [ -75.157661519010801, 40.033264430002198 ], [ -75.157649458970795, 40.033882615019799 ], [ -75.159692869691895, 40.035061044354698 ], [ -75.159003649778896, 40.035729341954202 ], [ -75.158836992098401, 40.035893120649398 ], [ -75.158366449465504, 40.036355531011601 ], [ -75.158375910169198, 40.036694146957302 ], [ -75.1584172567552, 40.037511360189001 ], [ -75.158454184992905, 40.0385483808681 ], [ -75.1584063420825, 40.040745560653399 ], [ -75.158360932388803, 40.041496229685201 ], [ -75.158343850407206, 40.0420308995431 ], [ -75.158320255399204, 40.042417645138798 ], [ -75.158309732862605, 40.042870369680998 ], [ -75.158288283520307, 40.043350860242199 ], [ -75.158264513275896, 40.043791342913103 ], [ -75.158220677497098, 40.045085426155197 ], [ -75.158167731472005, 40.045920624045401 ], [ -75.158133874408307, 40.046427780356403 ], [ -75.1580951306521, 40.047116464724603 ], [ -75.158069067785505, 40.047470840556898 ], [ -75.158060600891901, 40.0476020094017 ], [ -75.158020760818204, 40.048135278148003 ], [ -75.157986046196996, 40.048674246116803 ], [ -75.157961570218802, 40.049035050429197 ], [ -75.157951844495997, 40.049226227292102 ], [ -75.157920377153602, 40.049678142158399 ], [ -75.157874065073202, 40.050407113936203 ], [ -75.157859926617704, 40.050611957828103 ], [ -75.157777039146893, 40.051964352658104 ], [ -75.157749041656302, 40.052382097283498 ], [ -75.157732570779203, 40.052635230679698 ], [ -75.157690696331102, 40.0532343013627 ], [ -75.157620030278395, 40.054271501277498 ], [ -75.157587348771997, 40.054619353861099 ], [ -75.157552826558401, 40.0547157376106 ], [ -75.157540150063994, 40.054886078548797 ], [ -75.157559822558198, 40.055043423378898 ], [ -75.157577219502301, 40.055056822085298 ], [ -75.157751059081605, 40.055162150192302 ], [ -75.157872568811996, 40.055208032350301 ], [ -75.158308667073797, 40.055446350065402 ], [ -75.1588922605943, 40.055777576865403 ], [ -75.160641594184199, 40.056788602842097 ], [ -75.160693084363501, 40.056840971503497 ], [ -75.188748251669594, 40.073031162928203 ], [ -75.188478740593098, 40.072878761602801 ], [ -75.187126045498303, 40.074203743903396 ], [ -75.185909383157806, 40.075395420776502 ], [ -75.185087555295596, 40.076200340570601 ], [ -75.1831388894377, 40.078108817243702 ], [ -75.182627867052901, 40.078609277831603 ], [ -75.182301624879997, 40.0789287709866 ], [ -75.182084849109501, 40.079143073150597 ], [ -75.181505357680393, 40.079715944831499 ], [ -75.180824556524101, 40.080388952175099 ], [ -75.180316638633599, 40.0808910448388 ], [ -75.179805126874797, 40.081396679794302 ], [ -75.179345778183503, 40.0818507424923 ], [ -75.179270372618802, 40.081926282139001 ], [ -75.178757737255495, 40.0824398200863 ], [ -75.178271968839198, 40.082926433994302 ], [ -75.177767029340501, 40.0834322435974 ], [ -75.177147476351607, 40.084052849942502 ], [ -75.176509797723497, 40.084701194826103 ], [ -75.176440033648106, 40.084660829995499 ], [ -75.176172643306899, 40.084506120523599 ], [ -75.175873407415693, 40.084332300427299 ], [ -75.175655557991703, 40.084203456177001 ], [ -75.175345467453496, 40.084020056180997 ], [ -75.175134187950505, 40.083895096346403 ], [ -75.174787473661496, 40.083690032196799 ], [ -75.174514604982207, 40.083528642912 ], [ -75.174159885724606, 40.083318839205802 ], [ -75.173926616163101, 40.083180868320703 ], [ -75.173575532568506, 40.082973212026403 ], [ -75.173306579368202, 40.082814131197203 ], [ -75.172939307999002, 40.082596897148001 ], [ -75.1720709022797, 40.082083238146097 ], [ -75.171714374134496, 40.081872348001802 ], [ -75.169934118127898, 40.080819275946901 ], [ -75.1682686928918, 40.079834075101999 ], [ -75.167662615408304, 40.079475529636099 ], [ -75.164090070635993, 40.077361931074499 ], [ -75.163407652930601, 40.076979838109303 ], [ -75.163393685549295, 40.076972104817997 ], [ -75.161890520094104, 40.0761397630299 ], [ -75.161259285560504, 40.075790219574202 ], [ -75.160429085983495, 40.075330489757299 ], [ -75.159123266968294, 40.074607357240197 ], [ -75.158385445550095, 40.074189946474199 ], [ -75.155835831606296, 40.0727421064135 ] ] ] } },
{ "type": "Feature", "properties": { "objectid": 8, "dist_name": "South", "abbrev": "STH", "Shape__Area": 27648928.5, "Shape__Length": 25914.992905340219 }, "geometry": { "type": "Polygon", "coordinates": [ [ [ -75.194611551889807, 39.942169047307303 ], [ -75.194432014395503, 39.942163655155397 ], [ -75.194250746380604, 39.942164687089402 ], [ -75.194068312547799, 39.942172252994901 ], [ -75.193973299841105, 39.942179886402002 ], [ -75.193886315616496, 39.942186874228199 ], [ -75.193786926601504, 39.942199133036098 ], [ -75.193706360675094, 39.942209071307602 ], [ -75.193582452986305, 39.942230360299199 ], [ -75.192780072104199, 39.941730459805001 ], [ -75.192593236297299, 39.9416140555048 ], [ -75.190496944262904, 39.940337631890102 ], [ -75.189013132143401, 39.939433254780397 ], [ -75.188715044949504, 39.939576817390602 ], [ -75.188241845709797, 39.9398878140221 ], [ -75.187982939121596, 39.940066209870203 ], [ -75.187447323036096, 39.940373515140401 ], [ -75.186554172287899, 39.940239503173103 ], [ -75.186318850484994, 39.940203213573099 ], [ -75.185784116793897, 39.940141250180901 ], [ -75.185343390396099, 39.940090178445303 ], [ -75.184957952738102, 39.940093410111203 ], [ -75.183143003746395, 39.939904922182002 ], [ -75.181497195976206, 39.9396966083848 ], [ -75.179840905554997, 39.939487876367103 ], [ -75.178253742177802, 39.939277119366302 ], [ -75.176313292531503, 39.939030815907401 ], [ -75.174753624919504, 39.938835418936101 ], [ -75.174207475593306, 39.938781152993201 ], [ -75.173732883824798, 39.938729894692202 ], [ -75.173176621653795, 39.938650964750501 ], [ -75.172683203886905, 39.938595511055901 ], [ -75.172220338308804, 39.938541035638799 ], [ -75.171605724301202, 39.938456918433403 ], [ -75.171060878767705, 39.938397759771199 ], [ -75.170842408656398, 39.938372339070099 ], [ -75.170529980804801, 39.938336126252103 ], [ -75.1700274210923, 39.938272094008902 ], [ -75.168954878429503, 39.938153545695499 ], [ -75.168448626825693, 39.938094238414401 ], [ -75.166818888928901, 39.937878068231903 ], [ -75.166714934919497, 39.937853853758298 ], [ -75.1664369531277, 39.939064862887101 ], [ -75.166227285731907, 39.940042796761503 ], [ -75.164141908645902, 39.939768206190699 ], [ -75.162575997545403, 39.939576560678603 ], [ -75.160922090375294, 39.939376161282397 ], [ -75.1602165879127, 39.939294374980001 ], [ -75.159798665892495, 39.939236286986002 ], [ -75.159419101914693, 39.9391903355965 ], [ -75.159047834454796, 39.939147314863199 ], [ -75.158634976436602, 39.939100068112602 ], [ -75.158296212038906, 39.939052826399298 ], [ -75.157850490231198, 39.938991227890398 ], [ -75.157173501811698, 39.938801864707401 ], [ -75.156784521784004, 39.938691149857597 ], [ -75.156319783805401, 39.938578337527602 ], [ -75.154810741332199, 39.938159496762999 ], [ -75.153726329543503, 39.937871968685599 ], [ -75.153289163139704, 39.9377450687413 ], [ -75.151760979929094, 39.937340779956401 ], [ -75.150230876136007, 39.936930362994097 ], [ -75.149938895343595, 39.936845756101803 ], [ -75.149934338874701, 39.936844435524101 ], [ -75.149930591558999, 39.936843350436398 ], [ -75.149320666444893, 39.936666609519001 ], [ -75.148696700867603, 39.9364955620443 ], [ -75.148287613387794, 39.9363888559906 ], [ -75.147814542155501, 39.936264976589499 ], [ -75.146907448751506, 39.9360193613688 ], [ -75.146811004072802, 39.935991913937102 ], [ -75.146358691630695, 39.935870597174699 ], [ -75.146168009606995, 39.935819029319397 ], [ -75.145742733004596, 39.935704015651098 ], [ -75.145261453004906, 39.9355743032094 ], [ -75.144890792576803, 39.935474346623003 ], [ -75.145116590139907, 39.934598107955502 ], [ -75.145381002104699, 39.9334563217678 ], [ -75.1453956958443, 39.9333875353595 ], [ -75.145538697737393, 39.933427875440501 ], [ -75.145705330147194, 39.933447241857799 ], [ -75.145759332999603, 39.933209422484303 ], [ -75.145841227701894, 39.9328448922871 ], [ -75.145912586749404, 39.932546404708397 ], [ -75.146004724984195, 39.932103714498801 ], [ -75.146083361059297, 39.931720792409301 ], [ -75.146173148012593, 39.931330192672597 ], [ -75.146373584249702, 39.930235276708402 ], [ -75.146416623869996, 39.930123862182199 ], [ -75.146195626930904, 39.930131530017199 ], [ -75.1461123560602, 39.930119790198802 ], [ -75.145868637539195, 39.930085429582199 ], [ -75.145543589157, 39.930039600246602 ], [ -75.144584392063805, 39.929916871836397 ], [ -75.144480650009598, 39.929859025318102 ], [ -75.144068467776904, 39.929790127149801 ], [ -75.141383965463604, 39.9294417910371 ], [ -75.141011608550698, 39.929393075001698 ], [ -75.135147781399994, 39.928625745062497 ], [ -75.134802969224197, 39.927759021664897 ], [ -75.134426165953698, 39.926811857184802 ], [ -75.134120691013905, 39.926093791386798 ], [ -75.134009307428499, 39.925831962202899 ], [ -75.133571207263401, 39.924867487451799 ], [ -75.132236954524103, 39.9219404633237 ], [ -75.131380279267901, 39.920060986525897 ], [ -75.130759104433494, 39.918487816275302 ], [ -75.130443107630697, 39.9175738413782 ], [ -75.130188430843504, 39.916677175107601 ], [ -75.129991395083906, 39.915893179672203 ], [ -75.129700536384306, 39.914327549115697 ], [ -75.129684548837204, 39.914232208235603 ], [ -75.129515765744799, 39.913225674709999 ], [ -75.1293849541768, 39.9123318361953 ], [ -75.129300327691993, 39.911311789392897 ], [ -75.129240629925306, 39.910180956154299 ], [ -75.129198511309198, 39.9091300665117 ], [ -75.129233433168096, 39.908224108629199 ], [ -75.129285929782796, 39.907398093429002 ], [ -75.129397887279097, 39.906637068083498 ], [ -75.129650820543503, 39.905433842318097 ], [ -75.129690264422905, 39.905274451159102 ], [ -75.129945811507, 39.905304007201003 ], [ -75.149189470356902, 39.908613527946898 ], [ -75.149457068862304, 39.908659023642599 ], [ -75.151171160289806, 39.908950430119802 ], [ -75.151879574205395, 39.909070856869903 ], [ -75.152097576519495, 39.909129637740698 ], [ -75.153770035759806, 39.909580570029902 ], [ -75.154519938724803, 39.909782751174397 ], [ -75.156628012490799, 39.910147765458298 ], [ -75.159741410193405, 39.910798891623799 ], [ -75.160792236027106, 39.910951890829601 ], [ -75.160872985745002, 39.910963647324401 ], [ -75.162228910054296, 39.911133193762602 ], [ -75.165485665523093, 39.911540352264403 ], [ -75.170725246013902, 39.912203270981102 ], [ -75.1722976828393, 39.912402168430098 ], [ -75.173409605270393, 39.912538570886198 ], [ -75.173884528133001, 39.912596827658199 ], [ -75.173984801259294, 39.912609644220503 ], [ -75.174602346776794, 39.912688572241002 ], [ -75.175209848301094, 39.912766213544302 ], [ -75.175802755251297, 39.9128419858774 ], [ -75.176425620584595, 39.912921582959498 ], [ -75.177052374167502, 39.913001674748003 ], [ -75.177059897527002, 39.913002635577698 ], [ -75.177637400980004, 39.913077417433499 ], [ -75.177807283043293, 39.913086743132602 ], [ -75.177807772303495, 39.913098057315899 ], [ -75.178482823347693, 39.913179840166499 ], [ -75.180226891776499, 39.913395641130499 ], [ -75.181118773914804, 39.913468057455503 ], [ -75.181889578752603, 39.913517298209698 ], [ -75.181888890098804, 39.913520475068403 ], [ -75.181887861390194, 39.913525220179402 ], [ -75.182613775271193, 39.913582056950602 ], [ -75.1884138223447, 39.914345524627699 ], [ -75.188564934872403, 39.914389315538301 ], [ -75.188712512905695, 39.914439749718397 ], [ -75.188856064348201, 39.914496659412499 ], [ -75.188995111974904, 39.914559854674202 ], [ -75.189129191059905, 39.914629124214002 ], [ -75.189257853950394, 39.914704238204301 ], [ -75.189380671371794, 39.914784944704103 ], [ -75.189497235696294, 39.9148709760386 ], [ -75.189607157572098, 39.914962045120198 ], [ -75.189710070531106, 39.915057847352202 ], [ -75.189805629685196, 39.915158064204199 ], [ -75.189893518807807, 39.9152623615674 ], [ -75.189973443286604, 39.915370390497998 ], [ -75.190045136968095, 39.915481791875003 ], [ -75.190108361057298, 39.915596194573197 ], [ -75.190162904084204, 39.915713216363002 ], [ -75.190208585276295, 39.915832467589802 ], [ -75.190245251085301, 39.915953550194999 ], [ -75.1902727786279, 39.916076059594502 ], [ -75.190291079024107, 39.916199589258902 ], [ -75.190300088214798, 39.916323726002098 ], [ -75.190299777247006, 39.916448056519002 ], [ -75.189419776688894, 39.921014058052997 ], [ -75.189439777507999, 39.921252057613899 ], [ -75.189534165083103, 39.9216033704434 ], [ -75.189654776781794, 39.921815058178296 ], [ -75.190060291542807, 39.921723446110498 ], [ -75.190064188389499, 39.9217247801067 ], [ -75.192495778051494, 39.921274058205498 ], [ -75.195048292306694, 39.921020745450299 ], [ -75.194753779726497, 39.922370057869401 ], [ -75.194669924364305, 39.922426572668599 ], [ -75.194435419790295, 39.922437414123799 ], [ -75.193616778613304, 39.922349058516097 ], [ -75.193270779113703, 39.923832058582803 ], [ -75.193213248366504, 39.924576438473899 ], [ -75.193428779123096, 39.924848058634602 ], [ -75.193281778759498, 39.924864059105502 ], [ -75.1929786936645, 39.925053863126202 ], [ -75.1934386428821, 39.925558481072798 ], [ -75.193657050019596, 39.9257980979636 ], [ -75.194092065317705, 39.926240112906598 ], [ -75.194363394154294, 39.926550958558899 ], [ -75.194379179720997, 39.926551310362903 ], [ -75.194554801199402, 39.926742321157903 ], [ -75.195135071595004, 39.927373432185902 ], [ -75.195444008519402, 39.927691609213198 ], [ -75.195795700019303, 39.928069071566398 ], [ -75.195894656006899, 39.928165975097102 ], [ -75.196177600948602, 39.9284430509774 ], [ -75.196925034154702, 39.929174965558602 ], [ -75.197238430972106, 39.929428863325697 ], [ -75.197579787195707, 39.929746022287503 ], [ -75.197851222699001, 39.929998213950597 ], [ -75.198177348129704, 39.930301213305498 ], [ -75.1983932814436, 39.930553323632097 ], [ -75.198973498123095, 39.931168547572597 ], [ -75.199589087457696, 39.931816283036099 ], [ -75.199671971216006, 39.931957127199802 ], [ -75.199684383891395, 39.931978220083998 ], [ -75.199758486918796, 39.932130350428899 ], [ -75.1998148529497, 39.932311309533702 ], [ -75.199847542346205, 39.9324562127413 ], [ -75.199856995421101, 39.932669950583502 ], [ -75.199837068847302, 39.932883518060301 ], [ -75.199731988632493, 39.933278883687898 ], [ -75.199625424262194, 39.933814856093299 ], [ -75.199620843444194, 39.933860296481598 ], [ -75.199514941215298, 39.934433562674698 ], [ -75.199505678189297, 39.9345172520635 ], [ -75.1994813461815, 39.9345940443025 ], [ -75.199263301719, 39.935723669046801 ], [ -75.199053651552205, 39.9365718013308 ], [ -75.199007776691602, 39.936698127388098 ], [ -75.198945490045105, 39.9368237847426 ], [ -75.198852026715997, 39.936968185089199 ], [ -75.199086409718205, 39.937018114488502 ], [ -75.198316575569294, 39.937795339203198 ], [ -75.1980208688895, 39.938093879410999 ], [ -75.198191745186705, 39.938132083650601 ], [ -75.198509161659203, 39.938203723340898 ], [ -75.198583666790995, 39.938198813360501 ], [ -75.198654498324203, 39.9382102262351 ], [ -75.198655781609006, 39.938209060948601 ], [ -75.200196221164305, 39.938554997600697 ], [ -75.200352781040607, 39.93814406133 ], [ -75.201141872601198, 39.937477698437199 ], [ -75.201268914027295, 39.937478536792597 ], [ -75.203303782917303, 39.937920061323801 ], [ -75.203871782358107, 39.938135060431797 ], [ -75.204476782935302, 39.938442060444402 ], [ -75.205216674950094, 39.9387494886141 ], [ -75.2052152750327, 39.938888903307202 ], [ -75.205213499747998, 39.939028245700101 ], [ -75.205211510622604, 39.939167515772802 ], [ -75.205212541619602, 39.939306904212103 ], [ -75.205216597098698, 39.939446420124298 ], [ -75.205222663140304, 39.9395860085761 ], [ -75.205229729190407, 39.939725618313197 ], [ -75.205236781279197, 39.939865195303 ], [ -75.205242810039096, 39.940004687417201 ], [ -75.205246800280506, 39.940144041498002 ], [ -75.205247741449696, 39.940283205391502 ], [ -75.205244621849104, 39.940422126017303 ], [ -75.205236427433604, 39.940560750243002 ], [ -75.205226410319995, 39.940661524279299 ], [ -75.205222669101602, 39.940699166326901 ], [ -75.2052075656581, 39.940838586017797 ], [ -75.205191640545706, 39.940978940739797 ], [ -75.2051741124383, 39.941119777070902 ], [ -75.205173518523594, 39.941123977891102 ], [ -75.205154201004305, 39.941260646115801 ], [ -75.205131124837806, 39.941401096251901 ], [ -75.205104103730505, 39.941540674981397 ], [ -75.205072356197803, 39.941678932480201 ], [ -75.205035100784002, 39.941815418022699 ], [ -75.204991558435196, 39.941949679132698 ], [ -75.204940946483902, 39.942081265955103 ], [ -75.204882485835398, 39.942209726909198 ], [ -75.204813228882003, 39.9423354092362 ], [ -75.204730347489999, 39.942458970061502 ], [ -75.204635376933894, 39.942579701900698 ], [ -75.204529901133398, 39.942696880329301 ], [ -75.204415503992806, 39.942809781825602 ], [ -75.204293769469302, 39.9429176819717 ], [ -75.204166282707902, 39.943019856380801 ], [ -75.204034628871597, 39.943115580672 ], [ -75.203899631264306, 39.943204126173299 ], [ -75.203756112116693, 39.943285222056701 ], [ -75.2036040936935, 39.94335955535 ], [ -75.203445200649298, 39.943427909923201 ], [ -75.203281060014703, 39.943491068805599 ], [ -75.203113297550999, 39.943549817709801 ], [ -75.202943537950503, 39.943604939630497 ], [ -75.202773408175702, 39.943657219424502 ], [ -75.202604530575599, 39.943707440053601 ], [ -75.202434955200104, 39.943755314942401 ], [ -75.202262401324901, 39.943799763579101 ], [ -75.202087470852206, 39.943840249707002 ], [ -75.201910765860802, 39.943876232571398 ], [ -75.201732884692007, 39.943907177645499 ], [ -75.201554430609207, 39.943932544207598 ], [ -75.201376004408502, 39.943951795089603 ], [ -75.201197759271906, 39.943964374169703 ], [ -75.201016956439901, 39.943969710615796 ], [ -75.200834261268994, 39.943967575029099 ], [ -75.200651204478305, 39.9439577923877 ], [ -75.200469314482902, 39.943940186726898 ], [ -75.200290120799806, 39.943914583918399 ], [ -75.200115151842198, 39.9438808080168 ], [ -75.199943738125299, 39.943840480382697 ], [ -75.199773287275605, 39.943796366244797 ], [ -75.199603747621495, 39.943748876217697 ], [ -75.199435087045401, 39.943698398825198 ], [ -75.199267278002907, 39.943645325395998 ], [ -75.199100289504301, 39.9435900453798 ], [ -75.198934092861194, 39.943532949178604 ], [ -75.1987686570764, 39.9434744262417 ], [ -75.198603953420005, 39.943414867870899 ], [ -75.1984399509209, 39.943354662615199 ], [ -75.198276620875802, 39.943294200875499 ], [ -75.198114302352295, 39.9432330568143 ], [ -75.197954444721603, 39.943168076725101 ], [ -75.197796653685998, 39.943099786140898 ], [ -75.197640298364604, 39.943029212595 ], [ -75.197484745631499, 39.942957380863902 ], [ -75.197329363388107, 39.942885319348001 ], [ -75.197173523139398, 39.9428140538216 ], [ -75.197016590468095, 39.9427446117259 ], [ -75.196898120539899, 39.942694885435799 ], [ -75.196857935695704, 39.942678018802297 ], [ -75.196696925559905, 39.942615302510802 ], [ -75.196532995232104, 39.942556821482498 ], [ -75.196366260133203, 39.942502089028402 ], [ -75.196197161563902, 39.942451135685502 ], [ -75.196026140517702, 39.942404000095699 ], [ -75.195853640392698, 39.942360719154699 ], [ -75.195680102212094, 39.942321330609502 ], [ -75.195505700205899, 39.942285713997201 ], [ -75.195329218797795, 39.942253198019699 ], [ -75.195150955941102, 39.942224419109003 ], [ -75.194971517444998, 39.942200231392199 ], [ -75.194791513752605, 39.942181490004899 ], [ -75.194611551889807, 39.942169047307303 ] ] ] } },
{ "type": "Feature", "properties": { "objectid": 9, "dist_name": "North", "abbrev": "NOR", "Shape__Area": 37967053.765625, "Shape__Length": 29849.990022899499 }, "geometry": { "type": "Polygon", "coordinates": [ [ [ -75.109688914900502, 40.022168532170802 ], [ -75.109370362287095, 40.022145858219297 ], [ -75.109084328113795, 40.022185328397399 ], [ -75.108797550021194, 40.022243967314601 ], [ -75.108615191664498, 40.022312681540903 ], [ -75.108471236380495, 40.0224206529087 ], [ -75.108168960444999, 40.0226209155785 ], [ -75.108080381545406, 40.022716729688497 ], [ -75.108091162898802, 40.022824422999797 ], [ -75.108068380817301, 40.022896808502601 ], [ -75.108006450157603, 40.0229491067469 ], [ -75.107924571498103, 40.023000945097202 ], [ -75.107783300086396, 40.023039905251501 ], [ -75.107706707786505, 40.023084191003797 ], [ -75.107665917517494, 40.023106276471403 ], [ -75.107516015082794, 40.0231105020721 ], [ -75.107374743208595, 40.023149461723797 ], [ -75.107211434442206, 40.023241637146803 ], [ -75.107089063959606, 40.023307893005097 ], [ -75.107002944776099, 40.023340446562301 ], [ -75.106862417445797, 40.023360236171598 ], [ -75.106738494593301, 40.0233381971901 ], [ -75.106601102789696, 40.0232774739899 ], [ -75.106464309639307, 40.023201416227302 ], [ -75.106313004997801, 40.023113511729498 ], [ -75.106137213864201, 40.023013530776197 ], [ -75.106054230795806, 40.0229655720483 ], [ -75.105850220948199, 40.022949362198297 ], [ -75.105670398052794, 40.022952896430198 ], [ -75.105479256818498, 40.0229907053833 ], [ -75.105397825474796, 40.023031040694299 ], [ -75.105183863311794, 40.023398334703003 ], [ -75.105110687239403, 40.023482989806404 ], [ -75.1050681030828, 40.023551081205099 ], [ -75.104916107766797, 40.023608978375002 ], [ -75.104776178134998, 40.0236134292416 ], [ -75.104628814625897, 40.023552474855599 ], [ -75.104491574850002, 40.023487916006097 ], [ -75.104385003446097, 40.0234048760666 ], [ -75.104293840451803, 40.0233106794362 ], [ -75.104227911553195, 40.023209390033998 ], [ -75.104201128028606, 40.023128188203202 ], [ -75.104194891414096, 40.0230321115911 ], [ -75.1042086004053, 40.022936493633203 ], [ -75.104098687194195, 40.0228111666366 ], [ -75.103902450422893, 40.022595590654397 ], [ -75.103771694952201, 40.022492806225998 ], [ -75.103653005237007, 40.022336577434899 ], [ -75.103588274100503, 40.022204616138602 ], [ -75.103361415215105, 40.021750418446103 ], [ -75.103269829822494, 40.021539172431901 ], [ -75.1031967698096, 40.021364808221001 ], [ -75.103157870568793, 40.0212104179612 ], [ -75.103147545824498, 40.021091222022399 ], [ -75.103171827553496, 40.0209804987662 ], [ -75.103248719409507, 40.020928548828799 ], [ -75.103366102531197, 40.020862182116602 ], [ -75.103370360819397, 40.020855914467198 ], [ -75.103450821189895, 40.020737501780502 ], [ -75.103499618102106, 40.020569698117001 ], [ -75.103548391884701, 40.020401970491797 ], [ -75.103594918801406, 40.020241968781598 ], [ -75.103658761080098, 40.019884648006801 ], [ -75.103698815836793, 40.0196673869522 ], [ -75.103725567275603, 40.019569721521698 ], [ -75.103752777634497, 40.019502307120597 ], [ -75.103837197790298, 40.019438731306003 ], [ -75.103994906507694, 40.019386925031398 ], [ -75.104133672441606, 40.019358621596297 ], [ -75.104222481630302, 40.019350588075802 ], [ -75.104910615147304, 40.019355101241402 ], [ -75.105142390157098, 40.019337130355098 ], [ -75.105337659227501, 40.0192887066911 ], [ -75.105481218559007, 40.019221451401599 ], [ -75.105495499421593, 40.019208308064599 ], [ -75.105556009409696, 40.019152612225803 ], [ -75.105610758364307, 40.019093392198798 ], [ -75.105653389659395, 40.0190086930237 ], [ -75.105692158665406, 40.018939024209303 ], [ -75.105758007045097, 40.018847299099797 ], [ -75.105861876461603, 40.018789210112502 ], [ -75.106029337892707, 40.0186973045112 ], [ -75.1062958727302, 40.018586259521101 ], [ -75.106541828378198, 40.018498679683503 ], [ -75.106725171071901, 40.018419739644798 ], [ -75.106888081094894, 40.018360487776398 ], [ -75.107028461243701, 40.018290638165901 ], [ -75.107133505069498, 40.018202334678698 ], [ -75.107252431061298, 40.018094190024399 ], [ -75.107404259786094, 40.0178986005075 ], [ -75.107451045097307, 40.017791315564097 ], [ -75.107503702506506, 40.017617383984202 ], [ -75.107550251037907, 40.017431972318398 ], [ -75.1075416211619, 40.017232689888303 ], [ -75.107498676275299, 40.017072938907702 ], [ -75.107437104403203, 40.016970720782403 ], [ -75.107336531644805, 40.016860044456102 ], [ -75.107215135424795, 40.016779128281499 ], [ -75.107087207662403, 40.0167106986028 ], [ -75.107067445507496, 40.016700127843599 ], [ -75.106859547274397, 40.016568079701401 ], [ -75.106667385185403, 40.016452775089697 ], [ -75.106433379621706, 40.016402026215601 ], [ -75.106196198845794, 40.016348684460901 ], [ -75.105864447323398, 40.016283084603799 ], [ -75.105664600542895, 40.016281002499497 ], [ -75.105416223286994, 40.016262681173401 ], [ -75.105208121851803, 40.016220087854499 ], [ -75.104987363177202, 40.016165861287199 ], [ -75.104689966829, 40.016143889879302 ], [ -75.104443314883895, 40.016151737025901 ], [ -75.104368371736996, 40.016154120772804 ], [ -75.104083779041602, 40.016140003367198 ], [ -75.103867755284099, 40.016132504968098 ], [ -75.103655203817496, 40.016120045811903 ], [ -75.103319101285905, 40.016082058517398 ], [ -75.102879833147597, 40.016000110990802 ], [ -75.102546613578696, 40.0159722686357 ], [ -75.102287333781902, 40.015981410303098 ], [ -75.102049896762296, 40.016018775407503 ], [ -75.101836061859004, 40.0160314193989 ], [ -75.101773949480403, 40.016035092113498 ], [ -75.101547906773703, 40.016032398641599 ], [ -75.101325433569599, 40.016022226493099 ], [ -75.101017183149395, 40.016026455806902 ], [ -75.1005967620452, 40.016049515472702 ], [ -75.100395244227201, 40.0160902270771 ], [ -75.099895772809901, 40.016207222793398 ], [ -75.099614878351701, 40.016266259823198 ], [ -75.099453146739293, 40.016295288107401 ], [ -75.098955884614796, 40.016355629623199 ], [ -75.098881708424898, 40.016353334019897 ], [ -75.098635074399596, 40.016345701984498 ], [ -75.098453468884202, 40.016296147575503 ], [ -75.098191474934495, 40.016206935222101 ], [ -75.097978894437205, 40.016111302987099 ], [ -75.097797781881795, 40.016049158833198 ], [ -75.097507526976301, 40.016012213456101 ], [ -75.097272496660096, 40.015987882739097 ], [ -75.097055983283795, 40.015992961160201 ], [ -75.097043004928096, 40.015992661293403 ], [ -75.096879156856204, 40.015988875433798 ], [ -75.096712154658903, 40.015985016454302 ], [ -75.096486604451997, 40.015969723418998 ], [ -75.0963626636578, 40.015954258999002 ], [ -75.096174117632501, 40.015914621299999 ], [ -75.096044907266204, 40.015866273100102 ], [ -75.095807316709795, 40.015739819021903 ], [ -75.0955860994533, 40.015613742950698 ], [ -75.0952626090168, 40.015421039986997 ], [ -75.095083174836006, 40.015316088722699 ], [ -75.094926661747706, 40.015211667192403 ], [ -75.094751192687198, 40.015089167499298 ], [ -75.094598350468701, 40.014974749600803 ], [ -75.094490956737801, 40.0148714643082 ], [ -75.0944141965402, 40.0147915106241 ], [ -75.094387035048896, 40.014763217916602 ], [ -75.094302466192005, 40.014662979637301 ], [ -75.094206176773, 40.0145271901333 ], [ -75.093817483204603, 40.013907085644398 ], [ -75.093697267165297, 40.013712780298697 ], [ -75.093569199657196, 40.013467891904902 ], [ -75.093501227443696, 40.013278574884502 ], [ -75.093476145567394, 40.013175365656302 ], [ -75.093467354805398, 40.013139188397702 ], [ -75.093462654525595, 40.013008036566397 ], [ -75.093484543853606, 40.012867420057503 ], [ -75.093509215041607, 40.012739467998202 ], [ -75.093577241407104, 40.012592358351498 ], [ -75.093689607789898, 40.012400913657899 ], [ -75.093923028232197, 40.012047205879398 ], [ -75.094059298340795, 40.011831113672301 ], [ -75.094295547348494, 40.0114888110881 ], [ -75.094355172248001, 40.011398922515099 ], [ -75.094386096030206, 40.011352301866602 ], [ -75.094707480568403, 40.010895828660203 ], [ -75.094975560988402, 40.010515058728501 ], [ -75.095099503775302, 40.010254196220401 ], [ -75.095105940343004, 40.010240651120199 ], [ -75.095005077662606, 40.009925389028403 ], [ -75.094908467384201, 40.009639239415101 ], [ -75.094789122798701, 40.009452037370799 ], [ -75.094617521628805, 40.009272707213398 ], [ -75.094278774809595, 40.009069169658503 ], [ -75.093709559404203, 40.008708232942404 ], [ -75.092959755288106, 40.008272553806798 ], [ -75.092604873311302, 40.007961933304799 ], [ -75.092583562772006, 40.007938654624702 ], [ -75.093595300382901, 40.007385520824002 ], [ -75.094107023884206, 40.007105746020599 ], [ -75.094852543438904, 40.006687231356402 ], [ -75.096349769128494, 40.005860991276897 ], [ -75.096869348457602, 40.005570433276901 ], [ -75.097982011590304, 40.004959280412599 ], [ -75.099365175138402, 40.004212416819897 ], [ -75.100500027500502, 40.003588429294801 ], [ -75.1018130912678, 40.002872518073701 ], [ -75.103086461643898, 40.002159310211198 ], [ -75.103182665611101, 40.002105424619799 ], [ -75.104200709439098, 40.001534988256402 ], [ -75.105429151937003, 40.000882959773399 ], [ -75.106445529011594, 40.000331758850002 ], [ -75.107595651113002, 39.999671654947697 ], [ -75.108146872324895, 39.999366725572202 ], [ -75.108726040685198, 39.999041741804497 ], [ -75.109297028765894, 39.998754188735802 ], [ -75.1098504776119, 39.998445656289697 ], [ -75.110421417776394, 39.998133914866102 ], [ -75.110985527876693, 39.997810490410302 ], [ -75.111560691943396, 39.997484469219302 ], [ -75.112135686656103, 39.9971679697803 ], [ -75.112712847229105, 39.996869042389903 ], [ -75.113231571147296, 39.996588960188298 ], [ -75.113389892228298, 39.996502501882503 ], [ -75.1139995665485, 39.9961548260002 ], [ -75.114441102434697, 39.995912153589799 ], [ -75.114889916959299, 39.995659282996499 ], [ -75.115781478979699, 39.995176708081303 ], [ -75.118045645011506, 39.9939354672739 ], [ -75.118274824568104, 39.993813023696802 ], [ -75.119697016990699, 39.993025728676997 ], [ -75.120311761076707, 39.992681801351701 ], [ -75.121554443129497, 39.992009343314699 ], [ -75.122561598261498, 39.991437119447703 ], [ -75.123689552751998, 39.990845079612903 ], [ -75.124434398131001, 39.990422450547896 ], [ -75.124681178611596, 39.990288134345001 ], [ -75.124744211073306, 39.990253826912898 ], [ -75.125038469360604, 39.990093667798703 ], [ -75.125493541736006, 39.989845977894703 ], [ -75.125835140095504, 39.990158876131098 ], [ -75.125949953170306, 39.990239081265102 ], [ -75.127033282309498, 39.9903952353988 ], [ -75.128977178243801, 39.990649832210202 ], [ -75.130900661071493, 39.9908991257102 ], [ -75.131439887904904, 39.990969596330302 ], [ -75.131962121172904, 39.991039268617598 ], [ -75.132422293439603, 39.991092507623698 ], [ -75.132895437601405, 39.991153159540197 ], [ -75.133350048846495, 39.991210484790997 ], [ -75.133806249422094, 39.991268930184603 ], [ -75.134335632454196, 39.9913393987649 ], [ -75.134870906572502, 39.991417041505798 ], [ -75.135468141134794, 39.991488557847497 ], [ -75.136161722273201, 39.991574090184301 ], [ -75.137350299337399, 39.991738497511299 ], [ -75.137845637313802, 39.991797351707298 ], [ -75.138353941245896, 39.991860931799401 ], [ -75.139263155828502, 39.991978655989797 ], [ -75.1397107567375, 39.992037654261502 ], [ -75.140199768888607, 39.992096001145299 ], [ -75.140865657853396, 39.992183302498702 ], [ -75.141513843598204, 39.992264894219197 ], [ -75.142176006355697, 39.992352485249498 ], [ -75.143000857923795, 39.992458949838998 ], [ -75.1438322380084, 39.992559490999398 ], [ -75.144468783313002, 39.9926420422806 ], [ -75.145112242216598, 39.992724819878198 ], [ -75.145604736646106, 39.992792750845403 ], [ -75.146091367097497, 39.992857674196202 ], [ -75.146884132907104, 39.992958194645901 ], [ -75.147888805387396, 39.993087952914799 ], [ -75.149240889007402, 39.993262159461302 ], [ -75.150816154318804, 39.993469479664199 ], [ -75.152392369851796, 39.993668144352398 ], [ -75.153296698910296, 39.9937830580187 ], [ -75.154533026084295, 39.993939015983202 ], [ -75.154590455351794, 39.993947635307599 ], [ -75.154823668186296, 39.993976319415303 ], [ -75.1550239433125, 39.994001232799398 ], [ -75.155054925197106, 39.994005086774202 ], [ -75.156230906736496, 39.994158297885598 ], [ -75.156789220989793, 39.994235024485903 ], [ -75.157250322261405, 39.994286754117901 ], [ -75.157793797081197, 39.994352039160198 ], [ -75.158361276698002, 39.994391895379003 ], [ -75.158809878545895, 39.994440236985497 ], [ -75.159369557893598, 39.994534458756597 ], [ -75.159920727497493, 39.994600837154003 ], [ -75.160948669150102, 39.994746204320897 ], [ -75.161323002481694, 39.994815870985697 ], [ -75.161352424890296, 39.994821346845903 ], [ -75.161633800801596, 39.994857720205097 ], [ -75.161860612811395, 39.994887039341599 ], [ -75.162545422668003, 39.9949773424648 ], [ -75.163196190246694, 39.995071267653103 ], [ -75.1635427336779, 39.995122309244699 ], [ -75.164097523104999, 39.995178103459899 ], [ -75.164819163743203, 39.995272129271399 ], [ -75.165966640638999, 39.995421629760003 ], [ -75.167570201403095, 39.995630653132302 ], [ -75.168141958943707, 39.995704207053102 ], [ -75.168608933014795, 39.995771414761499 ], [ -75.1691789219296, 39.9958363856869 ], [ -75.169734428848002, 39.995913531592102 ], [ -75.170203940053895, 39.995976965875002 ], [ -75.170770408245502, 39.996045294274403 ], [ -75.171328349982304, 39.996123222323902 ], [ -75.171791121413193, 39.996179543726001 ], [ -75.172357561605395, 39.9962498611375 ], [ -75.173951177372601, 39.996441615038101 ], [ -75.174420700276897, 39.996507518062003 ], [ -75.175541235464195, 39.996648380400003 ], [ -75.176951457748402, 39.996841780658201 ], [ -75.177504365783307, 39.996920217889901 ], [ -75.177990752255397, 39.996972217470301 ], [ -75.178578726166705, 39.997049088026998 ], [ -75.179206734182799, 39.997128054980699 ], [ -75.180191766715097, 39.997262607544101 ], [ -75.181793875897498, 39.997453514561798 ], [ -75.182343661417406, 39.9975285021318 ], [ -75.183437172884297, 39.997674488302003 ], [ -75.184398317366899, 39.9978027939543 ], [ -75.185031881890396, 39.997887147255099 ], [ -75.186548216475899, 39.998075346279101 ], [ -75.187607619157006, 39.9982048467906 ], [ -75.187591781060206, 39.998569527706103 ], [ -75.187558704418606, 39.998652781350899 ], [ -75.187034394420394, 39.9999830445146 ], [ -75.1869552543628, 40.000194140797497 ], [ -75.186863267636696, 40.000418490553599 ], [ -75.186951999746597, 40.000373499430502 ], [ -75.187198262334704, 40.000295426220802 ], [ -75.187343337231098, 40.000269596562497 ], [ -75.187513827145096, 40.0002588682027 ], [ -75.187745205692593, 40.000262215468801 ], [ -75.188115429872596, 40.000279563132601 ], [ -75.188290577292506, 40.000282354470798 ], [ -75.188450323390995, 40.000281079816503 ], [ -75.188562856138006, 40.000264301121803 ], [ -75.188817505461202, 40.000213600431202 ], [ -75.189579615234805, 39.999904884140797 ], [ -75.1905216580423, 39.999650877254297 ], [ -75.190819492239996, 39.999568970894302 ], [ -75.1918271828347, 39.999624332501 ], [ -75.191822086358599, 39.9996456710007 ], [ -75.191814144454497, 39.999679223210599 ], [ -75.191806273641404, 39.999712785113303 ], [ -75.191798476328501, 39.9997463549606 ], [ -75.191790753618506, 39.999779934579202 ], [ -75.191783109057098, 39.999813523146898 ], [ -75.191775543781205, 39.9998471215902 ], [ -75.191768060131807, 39.999880729961198 ], [ -75.191760660450299, 39.999914348312103 ], [ -75.1917533459075, 39.999947976669098 ], [ -75.191746119981005, 39.999981616010601 ], [ -75.191738982705104, 40.000015265436502 ], [ -75.191731938694204, 40.000048926851498 ], [ -75.191724987948604, 40.000082600255801 ], [ -75.191718129365597, 40.000116283822699 ], [ -75.191711283278806, 40.000149977578801 ], [ -75.191704422799305, 40.000183680024001 ], [ -75.191697550268003, 40.000217391210299 ], [ -75.191690666855706, 40.000251111163998 ], [ -75.1916837772783, 40.000284839088998 ], [ -75.191676881502104, 40.000318575885601 ], [ -75.191669984243106, 40.000352320757997 ], [ -75.191663085535396, 40.000386072805803 ], [ -75.191656190027302, 40.000419833033597 ], [ -75.191649298889303, 40.000453601467598 ], [ -75.191642414530406, 40.000487376359501 ], [ -75.1916355403946, 40.000521159587898 ], [ -75.191628677720303, 40.000554949378497 ], [ -75.191621830019002, 40.000588745809601 ], [ -75.191614999598301, 40.000622549833501 ], [ -75.191608187696502, 40.000656359675901 ], [ -75.1916013989281, 40.000690177241601 ], [ -75.1915946333948, 40.000723999829901 ], [ -75.191587894506696, 40.000757830219797 ], [ -75.191581185877297, 40.000791665788697 ], [ -75.191574508643299, 40.000825507463098 ], [ -75.191567865145998, 40.000859355295098 ], [ -75.191561258964896, 40.000893207562598 ], [ -75.191554691168903, 40.000927066992297 ], [ -75.1915481653716, 40.000960930961703 ], [ -75.191541682743605, 40.000994799497001 ], [ -75.191535247899594, 40.001028674503097 ], [ -75.191528860941204, 40.001062553279098 ], [ -75.191522525312493, 40.001096437703801 ], [ -75.191516243422598, 40.001130326028999 ], [ -75.191510017612799, 40.001164218306798 ], [ -75.191503851360906, 40.001198115515798 ], [ -75.191497744700897, 40.001232016755701 ], [ -75.191491702315304, 40.001265922130798 ], [ -75.191485726545395, 40.001299831693402 ], [ -75.1914798197663, 40.001333744595399 ], [ -75.191473981978206, 40.001367660836898 ], [ -75.191468219034206, 40.001401580548098 ], [ -75.191462530934203, 40.001435503729198 ], [ -75.191456922394707, 40.001469429584397 ], [ -75.191451393381996, 40.001503359013803 ], [ -75.191445948646205, 40.001537290321401 ], [ -75.191440588119903, 40.001571225307501 ], [ -75.191435316553097, 40.001605162276199 ], [ -75.191430136287394, 40.001639101279501 ], [ -75.191425048493301, 40.001673042343697 ], [ -75.191420055512296, 40.001706985520798 ], [ -75.191415160856195, 40.001740930889198 ], [ -75.1914103669003, 40.001774877600901 ], [ -75.191405674781606, 40.001808826582099 ], [ -75.191401088079601, 40.0018427761106 ], [ -75.191396610238499, 40.001876728065298 ], [ -75.191392241360404, 40.001910679745301 ], [ -75.191387986059794, 40.0019446330557 ], [ -75.191383845541495, 40.001978587122103 ], [ -75.1913798221468, 40.002012541996798 ], [ -75.191375918250998, 40.002046496831802 ], [ -75.191372137332195, 40.002080452605497 ], [ -75.191368481765807, 40.00211440847 ], [ -75.191364952722495, 40.002148364451301 ], [ -75.1913615549187, 40.002182319753601 ], [ -75.191358288320899, 40.0022162752771 ], [ -75.191355155270401, 40.002250231073901 ], [ -75.191352160551503, 40.002284184547797 ], [ -75.191349306404007, 40.002318138451699 ], [ -75.191346592861905, 40.0023520918853 ], [ -75.191344023505195, 40.0023860431263 ], [ -75.191341602948597, 40.002419994079801 ], [ -75.191339330055698, 40.002453943819297 ], [ -75.191337209543093, 40.002487891548903 ], [ -75.1913352437182, 40.002521838221199 ], [ -75.1913334337858, 40.002555782961899 ], [ -75.191331783292, 40.002589724949097 ], [ -75.191330294510294, 40.002623666035497 ], [ -75.1913289721913, 40.002657604524899 ], [ -75.1913278674011, 40.002691553268598 ], [ -75.191326999904604, 40.002725516311102 ], [ -75.191326366190495, 40.002759493574104 ], [ -75.191325961576496, 40.002793484953401 ], [ -75.191325781448498, 40.002827488544099 ], [ -75.191325823465604, 40.002861504293897 ], [ -75.191326081808896, 40.0028955311722 ], [ -75.191326555342002, 40.002929568252597 ], [ -75.191327237007798, 40.002963616278798 ], [ -75.191328124533101, 40.002997673398099 ], [ -75.191329214406295, 40.003031739532403 ], [ -75.191330501979195, 40.003065813676798 ], [ -75.1913319826037, 40.003099894826903 ], [ -75.191333653938699, 40.0031339829305 ], [ -75.191335510131395, 40.003168077856998 ], [ -75.191337548908805, 40.0032021777537 ], [ -75.191339765622502, 40.003236281616203 ], [ -75.191342155556399, 40.003270390240203 ], [ -75.191344716403407, 40.003304502673302 ], [ -75.191347443549304, 40.003338617010598 ], [ -75.1913503322438, 40.0033727349483 ], [ -75.191353379111007, 40.003406852806997 ], [ -75.191356581742099, 40.003440972335099 ], [ -75.191359933181502, 40.003475091575503 ], [ -75.191363431054199, 40.003509211376297 ], [ -75.191367071950296, 40.0035433289585 ], [ -75.191370851153494, 40.003577445117898 ], [ -75.191374764049499, 40.003611557949597 ], [ -75.191378808263295, 40.003645668301701 ], [ -75.191382979146397, 40.003679775169601 ], [ -75.191387273220997, 40.003713877574697 ], [ -75.191391684668304, 40.003747974486402 ], [ -75.191396212317699, 40.003782065878397 ], [ -75.191400850350206, 40.003816150720198 ], [ -75.191405595287904, 40.003850228033102 ], [ -75.191410443619105, 40.003884297738999 ], [ -75.191415389524806, 40.003918358806999 ], [ -75.191420431800495, 40.003952412111403 ], [ -75.191425564728902, 40.003986453920596 ], [ -75.1914307847304, 40.0040204859569 ], [ -75.191436088327094, 40.004054507241797 ], [ -75.191441470870501, 40.004088516770601 ], [ -75.191446928882897, 40.004122513564901 ], [ -75.191452457681606, 40.0041564975201 ], [ -75.191458054959597, 40.004190467683998 ], [ -75.191463714897594, 40.004224423025697 ], [ -75.191469435120496, 40.004258364393401 ], [ -75.191475209876998, 40.004292288955902 ], [ -75.191481036791998, 40.004326197561198 ], [ -75.191486911183006, 40.004360090105003 ], [ -75.191492829639799, 40.004393963808099 ], [ -75.191498787446207, 40.0044278194665 ], [ -75.191504781123996, 40.004461656101803 ], [ -75.191510807195399, 40.0044954727354 ], [ -75.191516860977899, 40.004529269262797 ], [ -75.191522938959594, 40.004563045605899 ], [ -75.191529036559601, 40.004596798959497 ], [ -75.191535150198206, 40.004630531045898 ], [ -75.191541276465301, 40.004664239085997 ], [ -75.191547410610497, 40.004697924776004 ], [ -75.191553807003103, 40.004731584774497 ], [ -75.191560661311399, 40.004765218937003 ], [ -75.191567960794401, 40.004798823375403 ], [ -75.191575693780294, 40.004832396928499 ], [ -75.191583846289902, 40.004865937482599 ], [ -75.191592409060206, 40.004899442128199 ], [ -75.191601366907406, 40.004932909625801 ], [ -75.191610708227202, 40.004966337013698 ], [ -75.1916204213816, 40.004999722230401 ], [ -75.191630492391198, 40.005033063162301 ], [ -75.191640910822301, 40.005066356873698 ], [ -75.191651662627606, 40.005099603051498 ], [ -75.191662737441305, 40.0051327969596 ], [ -75.191674120011399, 40.005165939158999 ], [ -75.191685801142796, 40.005199024939699 ], [ -75.191697765617207, 40.005232053962402 ], [ -75.191710003001106, 40.0052650232914 ], [ -75.191722500485398, 40.005297930839397 ], [ -75.191735244124203, 40.005330773592298 ], [ -75.191748224586604, 40.005363550441302 ], [ -75.191761426756003, 40.005396258346302 ], [ -75.191774840130904, 40.005428896172198 ], [ -75.191788449594597, 40.005461460878998 ], [ -75.191802247020703, 40.005493950483803 ], [ -75.191816216087801, 40.005526362820497 ], [ -75.191830346328203, 40.0055586958539 ], [ -75.191844624966393, 40.005590946596399 ], [ -75.191859040330101, 40.0056231138866 ], [ -75.191873578439001, 40.005655195611098 ], [ -75.191888408190806, 40.005687155888801 ], [ -75.191904182050493, 40.005718874106897 ], [ -75.1919209023945, 40.0057503494169 ], [ -75.191938502089101, 40.0057815911345 ], [ -75.191956915103205, 40.005812610402202 ], [ -75.191976075405606, 40.005843418362403 ], [ -75.191995915794195, 40.005874026131501 ], [ -75.192016371510107, 40.005904442177297 ], [ -75.192037376453897, 40.005934679442802 ], [ -75.192058862286501, 40.005964748118103 ], [ -75.192080764180602, 40.0059946584717 ], [ -75.192093897362895, 40.006012225180598 ], [ -75.192103014967699, 40.006024420719797 ], [ -75.192125549786397, 40.006054046031402 ], [ -75.192148301433804, 40.006083545522898 ], [ -75.192171203911897, 40.006112929437101 ], [ -75.192194190017403, 40.006142208890701 ], [ -75.192217194956598, 40.006171393251996 ], [ -75.192240160603902, 40.006200532583499 ], [ -75.192263124356501, 40.006229816028899 ], [ -75.192286149413306, 40.006259214361698 ], [ -75.192309301500501, 40.006288662371801 ], [ -75.192332641661693, 40.006318094744501 ], [ -75.192356234486496, 40.006347445343103 ], [ -75.192380140984497, 40.0063766497532 ], [ -75.192404424540797, 40.006405642712103 ], [ -75.192429148540199, 40.0064343589572 ], [ -75.192454376367905, 40.006462733225597 ], [ -75.192480049545395, 40.006490202887299 ], [ -75.1918359599794, 40.006580541771001 ], [ -75.191601407407305, 40.006613439468403 ], [ -75.191642209364105, 40.006662379568603 ], [ -75.191867957901195, 40.006994615869303 ], [ -75.192226848642306, 40.007230027897599 ], [ -75.192203202658106, 40.007249633184401 ], [ -75.1919210970146, 40.007476317523199 ], [ -75.191917188283298, 40.007479458738402 ], [ -75.191541876534401, 40.007776485621299 ], [ -75.191415084997004, 40.007860500004099 ], [ -75.191337645512803, 40.007911812863398 ], [ -75.191319282387099, 40.007923981672597 ], [ -75.190524781072995, 40.008412413082702 ], [ -75.190104716137995, 40.008691584480403 ], [ -75.189657671559104, 40.008988682874701 ], [ -75.189620098147699, 40.009002580937803 ], [ -75.188627136195606, 40.009327096362298 ], [ -75.187335259130606, 40.0097691790561 ], [ -75.186883153624606, 40.009859566487698 ], [ -75.186756146974105, 40.009901225557698 ], [ -75.186464654364798, 40.009996835046103 ], [ -75.185735302254201, 40.010236059341899 ], [ -75.185730899053496, 40.010237513437097 ], [ -75.184906939356097, 40.010509521931901 ], [ -75.183817454374307, 40.010959444740799 ], [ -75.183247729378294, 40.011235713629503 ], [ -75.182440241001601, 40.011706145599099 ], [ -75.182339255566106, 40.011770993542903 ], [ -75.182062538301096, 40.011948689191797 ], [ -75.181190313233003, 40.012552605447297 ], [ -75.180117259910702, 40.013314540263003 ], [ -75.178342899918604, 40.014531613886597 ], [ -75.177175547001298, 40.015318071413397 ], [ -75.176831025252397, 40.015521402113698 ], [ -75.176444801755906, 40.015749343517598 ], [ -75.175756540868903, 40.016155533436802 ], [ -75.174569308744907, 40.016856179850699 ], [ -75.173863439125697, 40.017189987549401 ], [ -75.173553353143802, 40.017323739427802 ], [ -75.173309576754406, 40.017415839869003 ], [ -75.172924097097507, 40.017561476478598 ], [ -75.172465359282299, 40.0177121727314 ], [ -75.172442902582205, 40.017720236358201 ], [ -75.172045800247005, 40.017862816961298 ], [ -75.170323634002898, 40.018182894086401 ], [ -75.168948723879495, 40.018337909589498 ], [ -75.168179335123895, 40.018424647421298 ], [ -75.167924944586801, 40.0184572104518 ], [ -75.166133784383106, 40.018694167449702 ], [ -75.165303235856499, 40.0188780115027 ], [ -75.163816195543106, 40.019334882292299 ], [ -75.163600509610106, 40.019391851985503 ], [ -75.163558081015495, 40.019404774640599 ], [ -75.163502527771499, 40.019453080926503 ], [ -75.163163004702596, 40.0197154028304 ], [ -75.163037934606194, 40.019878721513301 ], [ -75.162904619137095, 40.020116614202003 ], [ -75.162784217373201, 40.020377192434303 ], [ -75.162729269047205, 40.020606917815201 ], [ -75.162693740258405, 40.020830400605099 ], [ -75.162678218775994, 40.021095868262599 ], [ -75.162669044213402, 40.021336558657403 ], [ -75.162604469755607, 40.021613381192203 ], [ -75.162465468746504, 40.0219631514098 ], [ -75.162026879793402, 40.022295895847499 ], [ -75.160341924811405, 40.023478552462201 ], [ -75.159882015881706, 40.0238029451926 ], [ -75.159709602500101, 40.023887736933197 ], [ -75.159554069688099, 40.023934607040999 ], [ -75.159366668573796, 40.023527886821199 ], [ -75.159316955893402, 40.023419994953997 ], [ -75.159143068884205, 40.0230426017947 ], [ -75.159140639132701, 40.023037328292098 ], [ -75.1590378292358, 40.022809979082801 ], [ -75.158111072507893, 40.0227112795964 ], [ -75.157367869932102, 40.022623728585003 ], [ -75.157306753439201, 40.022616529058901 ], [ -75.156512984121406, 40.022510026681203 ], [ -75.155963278018802, 40.022441814907197 ], [ -75.155714050075304, 40.022410021851798 ], [ -75.155486784496503, 40.022372499339497 ], [ -75.154931618359598, 40.022299371211801 ], [ -75.154389196301807, 40.022237356858597 ], [ -75.153908939079798, 40.022173369223196 ], [ -75.153849517244893, 40.0221654520006 ], [ -75.153360416447498, 40.022097324664799 ], [ -75.152845690813606, 40.022036702306302 ], [ -75.152586305551594, 40.02200265439 ], [ -75.152353589346902, 40.021970808478102 ], [ -75.151792286601406, 40.021903542304898 ], [ -75.151239228913695, 40.021833933502499 ], [ -75.150775679551899, 40.021772790350603 ], [ -75.150211680205501, 40.021701682778499 ], [ -75.149450112360199, 40.021602028506798 ], [ -75.148569336705805, 40.021485204564499 ], [ -75.147113558942607, 40.021289542879501 ], [ -75.146381158507396, 40.021213622322399 ], [ -75.145596101737397, 40.021113222252801 ], [ -75.144803375709699, 40.021006560883897 ], [ -75.1440160504592, 40.020904065739202 ], [ -75.1432253644859, 40.020805554256299 ], [ -75.142444480781506, 40.020696747657702 ], [ -75.142029760971099, 40.020644573309902 ], [ -75.141886391377895, 40.0206261826157 ], [ -75.140951570906296, 40.020506261993297 ], [ -75.140108346215797, 40.020399959441299 ], [ -75.139101788845096, 40.0202710236698 ], [ -75.138465675097393, 40.020180867167703 ], [ -75.137813644323401, 40.020097787460102 ], [ -75.137267059524106, 40.020031778262002 ], [ -75.136742202982902, 40.019967534075299 ], [ -75.136626879998701, 40.020480689104303 ], [ -75.136563469815599, 40.020737061866598 ], [ -75.135964098051801, 40.020682840608501 ], [ -75.135776129402203, 40.022930085964603 ], [ -75.135685107974794, 40.022961963434 ], [ -75.135153254619993, 40.023133055362798 ], [ -75.134452796491402, 40.023304992769397 ], [ -75.133334722781299, 40.023538479007399 ], [ -75.132711977326807, 40.023665411826201 ], [ -75.132477624725098, 40.023715165172298 ], [ -75.131751872195096, 40.023869241714003 ], [ -75.131342596716095, 40.023956128030001 ], [ -75.130369858130905, 40.024155801177798 ], [ -75.128821493640402, 40.024499550363899 ], [ -75.128555922870405, 40.024547531770899 ], [ -75.127818508195801, 40.024692405602103 ], [ -75.127267913297203, 40.024780617039497 ], [ -75.127220352089907, 40.024788236493102 ], [ -75.1266684475315, 40.024875266373101 ], [ -75.126206082794099, 40.024940794777102 ], [ -75.125490404377601, 40.0250429742443 ], [ -75.125465748516902, 40.025193590269602 ], [ -75.124473164792406, 40.025331547710898 ], [ -75.123528533825294, 40.025472395466601 ], [ -75.122282185315797, 40.025659588125301 ], [ -75.121479459926803, 40.025775253239601 ], [ -75.119424604436404, 40.026071312677097 ], [ -75.118645630096097, 40.026183535039799 ], [ -75.117917800322601, 40.026288384469197 ], [ -75.117175844895698, 40.026395264382899 ], [ -75.116581099216205, 40.026482719353901 ], [ -75.115729490144602, 40.026607939683998 ], [ -75.115464639509398, 40.026646882134699 ], [ -75.115176978266206, 40.026689177754903 ], [ -75.114464138287701, 40.026793984547602 ], [ -75.114561593823694, 40.027086817373799 ], [ -75.113609599985494, 40.0272316171136 ], [ -75.112885228641503, 40.027340206001298 ], [ -75.112883345613696, 40.027305293817797 ], [ -75.112857075798402, 40.027082125455301 ], [ -75.112846549902002, 40.027034278745099 ], [ -75.112816456738798, 40.026897479059997 ], [ -75.112810411292301, 40.026870001191803 ], [ -75.112783992907893, 40.0266506668722 ], [ -75.112763008873202, 40.026419944883102 ], [ -75.112738971002202, 40.026267818948803 ], [ -75.112698706494001, 40.026147936729899 ], [ -75.112643033531, 40.026039213082001 ], [ -75.112541733341104, 40.025948627127498 ], [ -75.112399194827802, 40.025891631293398 ], [ -75.112197410870607, 40.025817924492003 ], [ -75.112014828723403, 40.025763844950603 ], [ -75.111846612325493, 40.025725445082202 ], [ -75.111667676619902, 40.025705984324802 ], [ -75.111583643088494, 40.025684867135901 ], [ -75.111490231394498, 40.025648185364801 ], [ -75.111427637206106, 40.025589186677998 ], [ -75.1113706252806, 40.025514968072102 ], [ -75.111368320986301, 40.025445843059799 ], [ -75.111382765595096, 40.025331054844699 ], [ -75.111397062273497, 40.025220100716503 ], [ -75.111458258742303, 40.0249298695013 ], [ -75.111519001907894, 40.024779690269803 ], [ -75.111552947445404, 40.024676862554003 ], [ -75.111552878524407, 40.024550229302598 ], [ -75.111523932678494, 40.024396070163597 ], [ -75.111467150982094, 40.024187550222798 ], [ -75.111403227378702, 40.023905955683702 ], [ -75.111364606088003, 40.023743900995903 ], [ -75.111374511625996, 40.023617496020897 ], [ -75.111333206596697, 40.023524450820801 ], [ -75.111254839781694, 40.023357645310597 ], [ -75.111188234585995, 40.023262363485003 ], [ -75.111103533887302, 40.023141196356001 ], [ -75.111032757104894, 40.0230359612938 ], [ -75.111003066566397, 40.022900972298103 ], [ -75.110991833371898, 40.022804781447398 ], [ -75.110942941652397, 40.0226501646193 ], [ -75.110853559431604, 40.022509966245103 ], [ -75.110702250648302, 40.0224220675263 ], [ -75.110435947982097, 40.022339199445298 ], [ -75.110183413886602, 40.022287346265102 ], [ -75.110149518816002, 40.022280313008203 ], [ -75.109975461970805, 40.022244192469898 ], [ -75.109816780764504, 40.022217520181599 ], [ -75.109688914900502, 40.022168532170802 ] ] ] } },
{ "type": "Feature", "properties": { "objectid": 11, "dist_name": "Lower South", "abbrev": "LS", "Shape__Area": 38578429.53515625, "Shape__Length": 33784.824226317047 }, "geometry": { "type": "Polygon", "coordinates": [ [ [ -75.203303782917303, 39.937920061323801 ], [ -75.201268914027295, 39.937478536792597 ], [ -75.201141872601198, 39.937477698437199 ], [ -75.200352781040607, 39.93814406133 ], [ -75.200196221164305, 39.938554997600697 ], [ -75.198655781609006, 39.938209060948601 ], [ -75.198654498324203, 39.9382102262351 ], [ -75.198583666790995, 39.938198813360501 ], [ -75.198509161659203, 39.938203723340898 ], [ -75.198191745186705, 39.938132083650601 ], [ -75.1980208688895, 39.938093879410999 ], [ -75.198316575569294, 39.937795339203198 ], [ -75.199086409718205, 39.937018114488502 ], [ -75.198852026715997, 39.936968185089199 ], [ -75.198945490045105, 39.9368237847426 ], [ -75.199007776691602, 39.936698127388098 ], [ -75.199053651552205, 39.9365718013308 ], [ -75.199263301719, 39.935723669046801 ], [ -75.1994813461815, 39.9345940443025 ], [ -75.199505678189297, 39.9345172520635 ], [ -75.199514941215298, 39.934433562674698 ], [ -75.199620843444194, 39.933860296481598 ], [ -75.199625424262194, 39.933814856093299 ], [ -75.199731988632493, 39.933278883687898 ], [ -75.199837068847302, 39.932883518060301 ], [ -75.199856995421101, 39.932669950583502 ], [ -75.199847542346205, 39.9324562127413 ], [ -75.1998148529497, 39.932311309533702 ], [ -75.199758486918796, 39.932130350428899 ], [ -75.199684383891395, 39.931978220083998 ], [ -75.199671971216006, 39.931957127199802 ], [ -75.199589087457696, 39.931816283036099 ], [ -75.198973498123095, 39.931168547572597 ], [ -75.1983932814436, 39.930553323632097 ], [ -75.198177348129704, 39.930301213305498 ], [ -75.197851222699001, 39.929998213950597 ], [ -75.197579787195707, 39.929746022287503 ], [ -75.197238430972106, 39.929428863325697 ], [ -75.196925034154702, 39.929174965558602 ], [ -75.196177600948602, 39.9284430509774 ], [ -75.195894656006899, 39.928165975097102 ], [ -75.195795700019303, 39.928069071566398 ], [ -75.195444008519402, 39.927691609213198 ], [ -75.195135071595004, 39.927373432185902 ], [ -75.194554801199402, 39.926742321157903 ], [ -75.194379179720997, 39.926551310362903 ], [ -75.194363394154294, 39.926550958558899 ], [ -75.194092065317705, 39.926240112906598 ], [ -75.193657050019596, 39.9257980979636 ], [ -75.1934386428821, 39.925558481072798 ], [ -75.1929786936645, 39.925053863126202 ], [ -75.193281778759498, 39.924864059105502 ], [ -75.193428779123096, 39.924848058634602 ], [ -75.193213248366504, 39.924576438473899 ], [ -75.193270779113703, 39.923832058582803 ], [ -75.193616778613304, 39.922349058516097 ], [ -75.194435419790295, 39.922437414123799 ], [ -75.194669924364305, 39.922426572668599 ], [ -75.194753779726497, 39.922370057869401 ], [ -75.195048292306694, 39.921020745450299 ], [ -75.192495778051494, 39.921274058205498 ], [ -75.190064188389499, 39.9217247801067 ], [ -75.190060291542807, 39.921723446110498 ], [ -75.189654776781794, 39.921815058178296 ], [ -75.189534165083103, 39.9216033704434 ], [ -75.189439777507999, 39.921252057613899 ], [ -75.189419776688894, 39.921014058052997 ], [ -75.190299777247006, 39.916448056519002 ], [ -75.190300088214798, 39.916323726002098 ], [ -75.190291079024107, 39.916199589258902 ], [ -75.1902727786279, 39.916076059594502 ], [ -75.190245251085301, 39.915953550194999 ], [ -75.190208585276295, 39.915832467589802 ], [ -75.190162904084204, 39.915713216363002 ], [ -75.190108361057298, 39.915596194573197 ], [ -75.190045136968095, 39.915481791875003 ], [ -75.189973443286604, 39.915370390497998 ], [ -75.189893518807807, 39.9152623615674 ], [ -75.189805629685196, 39.915158064204199 ], [ -75.189710070531106, 39.915057847352202 ], [ -75.189607157572098, 39.914962045120198 ], [ -75.189497235696294, 39.9148709760386 ], [ -75.189380671371794, 39.914784944704103 ], [ -75.189257853950394, 39.914704238204301 ], [ -75.189129191059905, 39.914629124214002 ], [ -75.188995111974904, 39.914559854674202 ], [ -75.188856064348201, 39.914496659412499 ], [ -75.188712512905695, 39.914439749718397 ], [ -75.188564934872403, 39.914389315538301 ], [ -75.1884138223447, 39.914345524627699 ], [ -75.182613775271193, 39.913582056950602 ], [ -75.181887861390194, 39.913525220179402 ], [ -75.181888890098804, 39.913520475068403 ], [ -75.181889578752603, 39.913517298209698 ], [ -75.181118773914804, 39.913468057455503 ], [ -75.180226891776499, 39.913395641130499 ], [ -75.178482823347693, 39.913179840166499 ], [ -75.177807772303495, 39.913098057315899 ], [ -75.177807283043293, 39.913086743132602 ], [ -75.177637400980004, 39.913077417433499 ], [ -75.177059897527002, 39.913002635577698 ], [ -75.177052374167502, 39.913001674748003 ], [ -75.176425620584595, 39.912921582959498 ], [ -75.175802755251297, 39.9128419858774 ], [ -75.175209848301094, 39.912766213544302 ], [ -75.174602346776794, 39.912688572241002 ], [ -75.173984801259294, 39.912609644220503 ], [ -75.173884528133001, 39.912596827658199 ], [ -75.173409605270393, 39.912538570886198 ], [ -75.1722976828393, 39.912402168430098 ], [ -75.170725246013902, 39.912203270981102 ], [ -75.165485665523093, 39.911540352264403 ], [ -75.162228910054296, 39.911133193762602 ], [ -75.160872985745002, 39.910963647324401 ], [ -75.160792236027106, 39.910951890829601 ], [ -75.159741410193405, 39.910798891623799 ], [ -75.156628012490799, 39.910147765458298 ], [ -75.154519938724803, 39.909782751174397 ], [ -75.153770035759806, 39.909580570029902 ], [ -75.152097576519495, 39.909129637740698 ], [ -75.151879574205395, 39.909070856869903 ], [ -75.151171160289806, 39.908950430119802 ], [ -75.149457068862304, 39.908659023642599 ], [ -75.149189470356902, 39.908613527946898 ], [ -75.129945811507, 39.905304007201003 ], [ -75.129690264422905, 39.905274451159102 ], [ -75.129693306032607, 39.905262162192599 ], [ -75.129846545717498, 39.904642916188401 ], [ -75.130129102268995, 39.903742618198102 ], [ -75.130410426668504, 39.9028741076892 ], [ -75.131234155781399, 39.900793073100701 ], [ -75.131757135687295, 39.899548289366898 ], [ -75.133205054754498, 39.896272493531903 ], [ -75.134591932688195, 39.893629398373399 ], [ -75.135522795600593, 39.891855245949102 ], [ -75.135854904449602, 39.891274226423 ], [ -75.136287729052896, 39.8907591351782 ], [ -75.136891720810695, 39.890088865595501 ], [ -75.137731818792005, 39.889185355575698 ], [ -75.139556371275106, 39.887381605906199 ], [ -75.140390911776706, 39.886621122320697 ], [ -75.141119226349701, 39.885937755527799 ], [ -75.142344513239706, 39.885217968313398 ], [ -75.143308184567204, 39.884858102128902 ], [ -75.144608039364897, 39.884346791490998 ], [ -75.1461657333152, 39.884111760892601 ], [ -75.149248913220603, 39.883943154577203 ], [ -75.1523739475534, 39.883759505990199 ], [ -75.157633064303695, 39.883385452186303 ], [ -75.159973463801705, 39.883199753672997 ], [ -75.162173060184699, 39.882915380649798 ], [ -75.164188773112301, 39.882579093496403 ], [ -75.1669968885316, 39.882037927027902 ], [ -75.169656925629596, 39.881588803158998 ], [ -75.172145861829307, 39.881294849055102 ], [ -75.173368487008901, 39.881179175606 ], [ -75.174725636976106, 39.881055317350601 ], [ -75.175046783060196, 39.8810260068785 ], [ -75.176888915149604, 39.880908307429998 ], [ -75.178234706790306, 39.880811256221698 ], [ -75.179289264697701, 39.880771286788402 ], [ -75.184569480509197, 39.880921432370499 ], [ -75.184829551649997, 39.880902885541097 ], [ -75.185418327704596, 39.880860893821797 ], [ -75.186267777168993, 39.880784454253003 ], [ -75.187037096567806, 39.8806425869628 ], [ -75.187663196839694, 39.880465695805803 ], [ -75.188332350684107, 39.880242040852401 ], [ -75.188981467567402, 39.880002026063899 ], [ -75.190137072888803, 39.8794710777399 ], [ -75.193415228881094, 39.878028475631197 ], [ -75.1941663444575, 39.877697914043502 ], [ -75.194513091791507, 39.884259002765802 ], [ -75.194766961786797, 39.887738278281397 ], [ -75.194989231417793, 39.888838019639103 ], [ -75.195314388209994, 39.889934651381502 ], [ -75.1956659530114, 39.8907221554161 ], [ -75.196069457331404, 39.891342990292998 ], [ -75.196171888419997, 39.8914577310955 ], [ -75.196592369714395, 39.891928734356497 ], [ -75.197083113399003, 39.892342866159296 ], [ -75.197388287025404, 39.892534020974303 ], [ -75.197633024866903, 39.892687318495199 ], [ -75.198418320975904, 39.893034736127902 ], [ -75.199434583999206, 39.893365557690998 ], [ -75.200460330274296, 39.893630884096901 ], [ -75.204867967876098, 39.894430319618898 ], [ -75.206414038265905, 39.894816880719098 ], [ -75.207240606547003, 39.895105019237 ], [ -75.208021506556705, 39.895451870005097 ], [ -75.209066148513401, 39.896004349050202 ], [ -75.210211084509595, 39.896687563291799 ], [ -75.211031279872401, 39.897237415289403 ], [ -75.211667004588307, 39.897732428096603 ], [ -75.211718576439907, 39.897778156271599 ], [ -75.212620510680907, 39.898577880330798 ], [ -75.213240336398002, 39.8992628741224 ], [ -75.213894460189906, 39.900253538530599 ], [ -75.2144493972379, 39.901289000233803 ], [ -75.214899012388997, 39.902347528949498 ], [ -75.215194357201, 39.903295436903697 ], [ -75.215407813905699, 39.904260495864797 ], [ -75.215557720417706, 39.905228722789701 ], [ -75.215620118486598, 39.9060625540668 ], [ -75.215619464640397, 39.907040039142203 ], [ -75.215556443142503, 39.908445908860401 ], [ -75.215462970920399, 39.909147412171102 ], [ -75.215277236446795, 39.909668148380099 ], [ -75.214992710090101, 39.910031161760401 ], [ -75.214587659064193, 39.910340315990297 ], [ -75.214284181415707, 39.910491705631301 ], [ -75.214065958850199, 39.910554895450602 ], [ -75.213793468984704, 39.910633797981497 ], [ -75.213252893143405, 39.9107131870365 ], [ -75.212508960070494, 39.910749785575703 ], [ -75.211969547064399, 39.910737244332203 ], [ -75.210366516616205, 39.910491289714997 ], [ -75.209462688207793, 39.910465231322803 ], [ -75.208737070790804, 39.910504470969002 ], [ -75.208020417523102, 39.910595484575403 ], [ -75.207471096460296, 39.910690177816399 ], [ -75.206961650102102, 39.910840543928003 ], [ -75.206672444874002, 39.910989724742102 ], [ -75.206293310215599, 39.9112735604294 ], [ -75.205951825031605, 39.911602038134902 ], [ -75.205544748574098, 39.912079666638398 ], [ -75.204857162905199, 39.913062307978102 ], [ -75.203914732892102, 39.914761316899302 ], [ -75.203848828004297, 39.914891014452202 ], [ -75.203783072095106, 39.915020757628398 ], [ -75.203717431564598, 39.915150537572899 ], [ -75.2036518740491, 39.915280343655901 ], [ -75.203586368320202, 39.915410166174198 ], [ -75.203520883182904, 39.915539994523797 ], [ -75.2034553850702, 39.915669818948999 ], [ -75.203389842752998, 39.915799629746402 ], [ -75.203324222697404, 39.9159294162599 ], [ -75.203258496012296, 39.9160591688374 ], [ -75.203192627926995, 39.916188878597602 ], [ -75.203126587278703, 39.916318534035803 ], [ -75.203060341634895, 39.916448126322301 ], [ -75.202993859832503, 39.916577643952401 ], [ -75.202927109438207, 39.916707078096202 ], [ -75.202860058052295, 39.916836419023298 ], [ -75.202792657108901, 39.916965651238201 ], [ -75.2027238769208, 39.917094493275698 ], [ -75.202653459190699, 39.917222874522402 ], [ -75.202581874198799, 39.917350922554597 ], [ -75.202509588754495, 39.9174787639719 ], [ -75.202437073110104, 39.917606527253199 ], [ -75.202364796385496, 39.917734339952503 ], [ -75.202293226568202, 39.917862328698703 ], [ -75.202222832817995, 39.917990620147698 ], [ -75.202154083026898, 39.918119343631702 ], [ -75.202087447563798, 39.918248624934499 ], [ -75.202023395496298, 39.918378593416001 ], [ -75.201962437740306, 39.918509854197197 ], [ -75.201905783721102, 39.918643170281598 ], [ -75.201855103000398, 39.918778048987598 ], [ -75.201812066471305, 39.918913962525799 ], [ -75.201778346144195, 39.919050384934401 ], [ -75.201755342542199, 39.919187540161502 ], [ -75.201744505367799, 39.919330427675703 ], [ -75.201754699160205, 39.9194734456144 ], [ -75.2017961224159, 39.919608341255497 ], [ -75.201869969414602, 39.919731947037 ], [ -75.201919396262397, 39.919804143808697 ], [ -75.201954046869204, 39.9198547556677 ], [ -75.202046150022795, 39.919976491978403 ], [ -75.202145778080805, 39.920095938374303 ], [ -75.202252430236499, 39.920211877260897 ], [ -75.202365603332296, 39.920323090992198 ], [ -75.2024847953316, 39.9204283628494 ], [ -75.202609558292394, 39.920526499841998 ], [ -75.202743789088103, 39.920618495834802 ], [ -75.202888672504798, 39.920704710485701 ], [ -75.203042137998693, 39.920784126477898 ], [ -75.203202118543601, 39.920855725681598 ], [ -75.203366541243994, 39.920918489847203 ], [ -75.203533337826201, 39.920971401740303 ], [ -75.203701779596699, 39.921013419826103 ], [ -75.203876370587196, 39.9210443233547 ], [ -75.204056083683696, 39.921065258097798 ], [ -75.204239035310295, 39.921077460739397 ], [ -75.204423345508602, 39.921082165352701 ], [ -75.204607128418203, 39.921080607693199 ], [ -75.204788506376502, 39.921074023710297 ], [ -75.204968165206296, 39.921063628777098 ], [ -75.205147790898295, 39.9210501162529 ], [ -75.205327384442697, 39.921033959187902 ], [ -75.205506950409799, 39.921015628909501 ], [ -75.205686489799703, 39.920995598467698 ], [ -75.205866004787197, 39.920974340938798 ], [ -75.206045498754307, 39.920952328524201 ], [ -75.206224973953098, 39.920930032499598 ], [ -75.2064044337083, 39.920907926867002 ], [ -75.206583879079005, 39.9208864837763 ], [ -75.206763314670198, 39.920866174554803 ], [ -75.206942740347998, 39.920847472226598 ], [ -75.207122160660006, 39.920830849919398 ], [ -75.207301577854395, 39.920816779808803 ], [ -75.207480993014798, 39.920805734044698 ], [ -75.207660410737901, 39.920798184854398 ], [ -75.207840472941001, 39.9207962431054 ], [ -75.208021490226102, 39.920801492436098 ], [ -75.208202850156098, 39.920813320096897 ], [ -75.208383934474696, 39.9208311123122 ], [ -75.208564128459798, 39.920854254487899 ], [ -75.208742817314203, 39.920882133834098 ], [ -75.208919385164606, 39.920914134838 ], [ -75.209093300673999, 39.920949665488202 ], [ -75.209266680709405, 39.920989007864399 ], [ -75.209439920779303, 39.921032601411 ], [ -75.209611992555807, 39.921080627873103 ], [ -75.209781871285003, 39.921133267278698 ], [ -75.209948528534497, 39.921190704085703 ], [ -75.210110937240302, 39.921253117381703 ], [ -75.210268072538796, 39.921320689913003 ], [ -75.210418954357706, 39.921393877525801 ], [ -75.210563512119506, 39.921475791646799 ], [ -75.2107019470903, 39.921566057434298 ], [ -75.210834357654804, 39.921663138175198 ], [ -75.210960839844205, 39.921765497103401 ], [ -75.211081490878399, 39.921871596576899 ], [ -75.211196410202405, 39.921979901705299 ], [ -75.211306787435902, 39.922089484682502 ], [ -75.211415324003397, 39.922201206320402 ], [ -75.211521463947705, 39.922315069633598 ], [ -75.211624470427097, 39.922431001554003 ], [ -75.211723603186698, 39.922548926237397 ], [ -75.211818123000398, 39.9226687714688 ], [ -75.211907289600802, 39.922790461408198 ], [ -75.211990364917995, 39.922913923870098 ], [ -75.212066609840804, 39.9230390830432 ], [ -75.212136834230094, 39.923166531705803 ], [ -75.212202495820605, 39.923296874268601 ], [ -75.212262923178798, 39.923429632764901 ], [ -75.212317428762503, 39.923564321664202 ], [ -75.212365326156601, 39.923700456362603 ], [ -75.212405925464793, 39.923837551278503 ], [ -75.212438541426195, 39.923975121833799 ], [ -75.212462485332694, 39.924112681571202 ], [ -75.2124773690377, 39.924249905656197 ], [ -75.212485491829895, 39.924387801839302 ], [ -75.212487866439901, 39.924526481732897 ], [ -75.212484972680699, 39.924665755933297 ], [ -75.212477291571801, 39.924805434161797 ], [ -75.212465301898902, 39.924945323386503 ], [ -75.212449483486594, 39.925085234202299 ], [ -75.212440622604504, 39.925149835516002 ], [ -75.212430316230495, 39.925224975403303 ], [ -75.212408280064395, 39.9253643548833 ], [ -75.2123838548587, 39.925503182337003 ], [ -75.212357520488496, 39.925641267459 ], [ -75.212329703084507, 39.925778543093401 ], [ -75.212300178507604, 39.925915871944497 ], [ -75.212268646989301, 39.926053321259197 ], [ -75.212234872790603, 39.926190716430803 ], [ -75.212198617765097, 39.926327884600703 ], [ -75.212159647239304, 39.926464653887699 ], [ -75.212117723097506, 39.926600850531997 ], [ -75.212072610697007, 39.926736301751298 ], [ -75.212024073021595, 39.926870835610899 ], [ -75.2119718731212, 39.927004278375101 ], [ -75.2119157751806, 39.927136457233402 ], [ -75.211855542214096, 39.927267199348798 ], [ -75.211791313060203, 39.927396609601502 ], [ -75.211723955644104, 39.927525263115299 ], [ -75.211653720709506, 39.927653214089197 ], [ -75.211580823693893, 39.927780490713502 ], [ -75.211505486985502, 39.927907123134197 ], [ -75.211427927160898, 39.928033140468301 ], [ -75.211348363137105, 39.928158571884801 ], [ -75.211267013832497, 39.9282834465535 ], [ -75.211184098167493, 39.928407793644404 ], [ -75.211107923570196, 39.928519754274902 ], [ -75.211099833860501, 39.928531643202803 ], [ -75.211014441003996, 39.928655024425701 ], [ -75.210928137353505, 39.928777966459101 ], [ -75.210841141868599, 39.928900497575597 ], [ -75.210753672240301, 39.929022648722601 ], [ -75.210665948634102, 39.929144447299599 ], [ -75.2105777962704, 39.929265935386802 ], [ -75.210488937935494, 39.929387140181497 ], [ -75.210399407168097, 39.9295080723358 ], [ -75.210309240846996, 39.929628747080997 ], [ -75.210218470105204, 39.929749176818198 ], [ -75.210127133159702, 39.9298693723035 ], [ -75.210035262245796, 39.929989347764597 ], [ -75.209942892039095, 39.9301091147804 ], [ -75.209850058317102, 39.930228686756102 ], [ -75.209756795755695, 39.930348075270899 ], [ -75.2096631377606, 39.930467294578797 ], [ -75.209569119007796, 39.930586356259099 ], [ -75.2094747741736, 39.930705271891 ], [ -75.209380137799997, 39.930824056655197 ], [ -75.209285245766594, 39.930942721256898 ], [ -75.209190131547302, 39.931061278150203 ], [ -75.209094829751805, 39.931179740715301 ], [ -75.20899937499, 39.931298122332798 ], [ -75.208903801972795, 39.931416433682401 ], [ -75.208808144107493, 39.931534689019202 ], [ -75.208712438410501, 39.931652899975298 ], [ -75.208616718356794, 39.931771079005401 ], [ -75.208520852721904, 39.9318891673392 ], [ -75.208424232621795, 39.9320068910922 ], [ -75.208326875191005, 39.932124261454199 ], [ -75.208228868922802, 39.932241321831 ], [ -75.208130304683095, 39.9323581147802 ], [ -75.208031272135301, 39.932474683733901 ], [ -75.207931863315594, 39.9325910712762 ], [ -75.207832166718603, 39.932707320813897 ], [ -75.207732273211803, 39.932823474905902 ], [ -75.207632271324499, 39.932939576059397 ], [ -75.207532254196295, 39.933055668686201 ], [ -75.207432310356893, 39.933171795294001 ], [ -75.207332528336593, 39.933287998391201 ], [ -75.207233001309902, 39.933404321490201 ], [ -75.207133817807602, 39.933520807099598 ], [ -75.207096466977802, 39.933564945326097 ], [ -75.207035068666201, 39.933637498680902 ], [ -75.206936843586703, 39.933754438769299 ], [ -75.206839232203293, 39.933871671700999 ], [ -75.206742326590202, 39.933989239163502 ], [ -75.206646205958506, 39.934107182559401 ], [ -75.206548740067802, 39.9342250041448 ], [ -75.206449030975193, 39.934342491186499 ], [ -75.206348268746893, 39.934459931364898 ], [ -75.206247645727103, 39.934577614217098 ], [ -75.206148354300296, 39.9346958283841 ], [ -75.206051585688201, 39.9348148624847 ], [ -75.205958531119407, 39.934935005142101 ], [ -75.205870381863093, 39.9350565440824 ], [ -75.205788329129007, 39.935179768835702 ], [ -75.205713566473506, 39.935304968986003 ], [ -75.205647284054507, 39.935432431341198 ], [ -75.205623138717101, 39.935486813689401 ], [ -75.205589556397399, 39.935562448592798 ], [ -75.205539038120193, 39.935694911615698 ], [ -75.205495038747202, 39.935829475331801 ], [ -75.205456872510695, 39.935965793864398 ], [ -75.205423850097603, 39.936103522157097 ], [ -75.205395285664807, 39.936242316130503 ], [ -75.205370489890697, 39.936381830725402 ], [ -75.205348776990206, 39.936521720059297 ], [ -75.205329458767295, 39.936661639997602 ], [ -75.205311847087799, 39.936801244604503 ], [ -75.205308215246802, 39.936831658517903 ], [ -75.205295254948297, 39.936940188869798 ], [ -75.205279855960995, 39.937078619004701 ], [ -75.205266754409806, 39.937217239769602 ], [ -75.205255769172098, 39.937356043542103 ], [ -75.205246692697898, 39.937495009499401 ], [ -75.205239318604697, 39.9376341168444 ], [ -75.205233438203294, 39.937773343827701 ], [ -75.205228845107698, 39.937912669651901 ], [ -75.205225329489707, 39.938052071641401 ], [ -75.205222686095894, 39.938191529924701 ], [ -75.205220706263802, 39.9383310218521 ], [ -75.205219183601102, 39.938470526625899 ], [ -75.205217908238595, 39.938610022470499 ], [ -75.205216674950094, 39.9387494886141 ], [ -75.204476782935302, 39.938442060444402 ], [ -75.203871782358107, 39.938135060431797 ], [ -75.203303782917303, 39.937920061323801 ] ] ] } },
{ "type": "Feature", "properties": { "objectid": 12, "dist_name": "Lower Northeast", "abbrev": "LNE", "Shape__Area": 26196613.4609375, "Shape__Length": 26173.991132087027 }, "geometry": { "type": "Polygon", "coordinates": [ [ [ -75.092230437266394, 40.0535485716021 ], [ -75.092133980007105, 40.053187522820402 ], [ -75.091991579283501, 40.053252286116702 ], [ -75.0919334938351, 40.053238656599497 ], [ -75.091802793154997, 40.053174204452702 ], [ -75.091218828517199, 40.052845360371499 ], [ -75.090133581778701, 40.052234306478098 ], [ -75.088346612260594, 40.051244266687299 ], [ -75.088145843264499, 40.051439456605998 ], [ -75.087805933016597, 40.051804207293699 ], [ -75.0863402037849, 40.050986799522903 ], [ -75.086204772193796, 40.0509190630397 ], [ -75.086092066520294, 40.050884151038503 ], [ -75.085992142519103, 40.050887238308597 ], [ -75.086166877958107, 40.050033772651297 ], [ -75.084512498062907, 40.0491127828655 ], [ -75.082889942275699, 40.0482066938971 ], [ -75.081989295921701, 40.047698685611699 ], [ -75.081954327849701, 40.047686214021603 ], [ -75.081813532499197, 40.0476139504526 ], [ -75.081251713216403, 40.047290429769298 ], [ -75.080989897606102, 40.047142408163303 ], [ -75.0791904157972, 40.046142147118999 ], [ -75.077405958824301, 40.045148777465897 ], [ -75.0753994342423, 40.044036191655998 ], [ -75.074371006236007, 40.043462112373298 ], [ -75.073838317518707, 40.043183151732698 ], [ -75.073252840284198, 40.043805397844203 ], [ -75.0726477330102, 40.044403095233001 ], [ -75.072250809973397, 40.044170912825798 ], [ -75.071868420339797, 40.0439672893473 ], [ -75.071613870561507, 40.043832454853799 ], [ -75.071307601952597, 40.043655284757897 ], [ -75.071016186566496, 40.043492268687203 ], [ -75.070635752919301, 40.043281455681701 ], [ -75.070349017706107, 40.0431129632534 ], [ -75.070337397992105, 40.043106538065999 ], [ -75.070029306876094, 40.0429391072025 ], [ -75.069780679594004, 40.042802354972601 ], [ -75.069759930141103, 40.042791143905802 ], [ -75.069462003822494, 40.0426301171699 ], [ -75.069222918675493, 40.042492724960198 ], [ -75.069196999590005, 40.042477860148701 ], [ -75.068867045994594, 40.042301128819403 ], [ -75.068560623938396, 40.042133382294303 ], [ -75.068558446410407, 40.042132268231001 ], [ -75.068237381736594, 40.0419543936585 ], [ -75.067985948813202, 40.041806556618099 ], [ -75.067665000229795, 40.041643643998398 ], [ -75.067397433349697, 40.041487341082501 ], [ -75.067067706396998, 40.041305853943598 ], [ -75.066759456223807, 40.041122687901101 ], [ -75.066427760446601, 40.040945805835896 ], [ -75.066087536294305, 40.0407378429353 ], [ -75.065583621856305, 40.040451288517502 ], [ -75.064497964320907, 40.039862544591699 ], [ -75.063444885474695, 40.039277405575803 ], [ -75.062685207130897, 40.0388424136734 ], [ -75.062148520102198, 40.038554717202501 ], [ -75.061546626327896, 40.038222360631998 ], [ -75.061075289120197, 40.037963092837401 ], [ -75.0614128454622, 40.037647844122297 ], [ -75.061827280652395, 40.037313586008302 ], [ -75.0621231859093, 40.037114926128503 ], [ -75.062465179380496, 40.036921297750403 ], [ -75.062542098959, 40.036884658122801 ], [ -75.062900293707102, 40.036714033719797 ], [ -75.063198204382104, 40.036594490175901 ], [ -75.063568273023293, 40.0364935958291 ], [ -75.0643653841679, 40.036315409677201 ], [ -75.067173798187497, 40.0356564280155 ], [ -75.067674158676098, 40.035535621716299 ], [ -75.068101718309606, 40.035439943707402 ], [ -75.068374816463404, 40.035378403405701 ], [ -75.069018136256204, 40.035233432909301 ], [ -75.0695991306049, 40.035102503185897 ], [ -75.070253672275001, 40.034949575684898 ], [ -75.071099303051398, 40.034751995905303 ], [ -75.071228435702196, 40.0345800245615 ], [ -75.071427843542594, 40.034216838447101 ], [ -75.071470231703003, 40.034143672166799 ], [ -75.071633350017805, 40.033864622074603 ], [ -75.071825997257505, 40.033512957901401 ], [ -75.072004162686198, 40.033194800702098 ], [ -75.0720788098903, 40.033060264989302 ], [ -75.072246048973497, 40.032767492739502 ], [ -75.072483214185993, 40.032339444436801 ], [ -75.072684460142696, 40.031947123535701 ], [ -75.073462632387603, 40.030392061180997 ], [ -75.073735580332993, 40.029793871039502 ], [ -75.074327446478307, 40.0284782666346 ], [ -75.075490740493606, 40.027080831821401 ], [ -75.075144042871898, 40.026857751445398 ], [ -75.073274519169502, 40.025391885445103 ], [ -75.069845175648894, 40.0224579070793 ], [ -75.069766768678605, 40.022396859587403 ], [ -75.069090163991305, 40.0219136661158 ], [ -75.0686255484665, 40.021523706607901 ], [ -75.068518974562593, 40.021394716866602 ], [ -75.067898539338799, 40.0206883685916 ], [ -75.067017270299004, 40.019685039310197 ], [ -75.067007760257297, 40.019674211814603 ], [ -75.066952772826298, 40.019601933727401 ], [ -75.0661179767269, 40.018657386522499 ], [ -75.065116615991997, 40.017521008059802 ], [ -75.064315055842101, 40.016594737241903 ], [ -75.063387753095995, 40.015529108910897 ], [ -75.063060634296306, 40.0151690023051 ], [ -75.062521294898204, 40.0145519744867 ], [ -75.061034761221194, 40.012855111513502 ], [ -75.061314755874704, 40.012779997860697 ], [ -75.061639726681605, 40.012697662354398 ], [ -75.061659728604099, 40.012692805513801 ], [ -75.061966118212695, 40.012618401139498 ], [ -75.062293496477906, 40.012541278669502 ], [ -75.062621428855493, 40.012465354029402 ], [ -75.062949481359198, 40.0123896907822 ], [ -75.063029967538597, 40.012370944079599 ], [ -75.063277220021703, 40.012313351596198 ], [ -75.063604267070801, 40.012235518496396 ], [ -75.063931097533796, 40.012157216278297 ], [ -75.064257928164494, 40.012078919458801 ], [ -75.064584760276205, 40.0120006244642 ], [ -75.064911592626899, 40.011922333067801 ], [ -75.065238426458606, 40.011844043496502 ], [ -75.065565259429803, 40.0117657556955 ], [ -75.065892092782605, 40.011687467891697 ], [ -75.066218926481298, 40.011609180985303 ], [ -75.0665457582557, 40.011530893121297 ], [ -75.0668725892765, 40.011452604326898 ], [ -75.067199420750001, 40.011374313729199 ], [ -75.067526249199602, 40.011296020346201 ], [ -75.0678530769666, 40.011217724232402 ], [ -75.068355912923096, 40.01109331776 ], [ -75.068681781856995, 40.011012693869198 ], [ -75.069007648882007, 40.010932068125904 ], [ -75.069333515097696, 40.010851442357897 ], [ -75.069510729085906, 40.010807595720998 ], [ -75.069659380539605, 40.010770815664998 ], [ -75.069985245207604, 40.010690188047299 ], [ -75.070311109137407, 40.0106095586045 ], [ -75.0705835187335, 40.010542155125897 ], [ -75.070636972257802, 40.010528929137102 ], [ -75.070962834604501, 40.010448298744798 ], [ -75.071288696212704, 40.010367666527401 ], [ -75.0716145570116, 40.010287034285398 ], [ -75.071709035988505, 40.010263655915303 ], [ -75.0719404170367, 40.010206401118502 ], [ -75.072266276323404, 40.010125766126599 ], [ -75.072375006591699, 40.010100082251199 ], [ -75.072592135971405, 40.010045131137403 ], [ -75.0729179925398, 40.009964494268502 ], [ -75.073243850640097, 40.0098838574295 ], [ -75.073569706831293, 40.009803218738199 ], [ -75.073895562213195, 40.009722580022299 ], [ -75.074221416821104, 40.009641940381698 ], [ -75.074275978881104, 40.009628437619398 ], [ -75.074547270690701, 40.009561298915898 ], [ -75.074873123750805, 40.009480657425499 ], [ -75.0751989760371, 40.009400015010399 ], [ -75.0755248275849, 40.0093193707701 ], [ -75.075850678323306, 40.009238726505401 ], [ -75.076176528287903, 40.009158081315803 ], [ -75.076502377513904, 40.009077434301197 ], [ -75.076515832599199, 40.009074104712901 ], [ -75.076828225930498, 40.008996787261999 ], [ -75.077154073573197, 40.008916139298002 ], [ -75.077479921612607, 40.008835490436503 ], [ -75.077805767742802, 40.008754839722698 ], [ -75.078131613063704, 40.008674188984401 ], [ -75.078449919008506, 40.008595403658497 ], [ -75.078457457610497, 40.008593537321303 ], [ -75.078783301383297, 40.0085128847333 ], [ -75.079109144382301, 40.008432231220702 ], [ -75.079434987777802, 40.008351576810497 ], [ -75.079760829228704, 40.008270921448201 ], [ -75.080086669870198, 40.008190266061497 ], [ -75.080412509773197, 40.0081096088498 ], [ -75.080738350072707, 40.008028950740503 ], [ -75.081064188392205, 40.007948292579499 ], [ -75.081390025973107, 40.007867632593502 ], [ -75.081554837018402, 40.007826834901998 ], [ -75.081715863915207, 40.007786972610099 ], [ -75.082041699947993, 40.007706310774701 ], [ -75.082367536342105, 40.007625648941797 ], [ -75.082693370791404, 40.0075449861571 ], [ -75.083019205637299, 40.007464322474902 ], [ -75.083090181456399, 40.007446751172701 ], [ -75.083345038573995, 40.007383656940398 ], [ -75.083671085805705, 40.007303451402002 ], [ -75.083997851110396, 40.007224781683703 ], [ -75.084324572366796, 40.007146019926303 ], [ -75.084650370892305, 40.007065283282898 ], [ -75.084974364460294, 40.006980688835 ], [ -75.085295715291196, 40.006890086196897 ], [ -75.085614158410493, 40.006793149374097 ], [ -75.085929707612706, 40.006690958156803 ], [ -75.086242883029499, 40.006584588765101 ], [ -75.086553300887999, 40.006472980804197 ], [ -75.0868580296316, 40.006353174861701 ], [ -75.087113237198494, 40.0062431544983 ], [ -75.087156688447294, 40.0062244223992 ], [ -75.0874507480559, 40.006088447922998 ], [ -75.087735890376507, 40.005942750068002 ], [ -75.088005439499298, 40.005781968808499 ], [ -75.088257472879903, 40.005603407926202 ], [ -75.088508862726201, 40.0054239530891 ], [ -75.088771823287999, 40.005254975611201 ], [ -75.089036457670701, 40.005087471710397 ], [ -75.089287756283696, 40.004909494447901 ], [ -75.0895240353764, 40.004719460512703 ], [ -75.0897528067335, 40.0045234341476 ], [ -75.089976325837995, 40.0043235977111 ], [ -75.090153143291602, 40.004161961360097 ], [ -75.090339103387905, 40.004230178547999 ], [ -75.0908498270623, 40.004406872445202 ], [ -75.090979265516793, 40.004451653465701 ], [ -75.091407488270505, 40.004562372867703 ], [ -75.091839697757905, 40.004738705449199 ], [ -75.092102843392297, 40.004880881706796 ], [ -75.092220947820195, 40.005044898875703 ], [ -75.092340235486901, 40.005178703608799 ], [ -75.092555715948606, 40.005374115027699 ], [ -75.092599737548994, 40.005414036283199 ], [ -75.092830783442594, 40.005706670675799 ], [ -75.092909405384404, 40.005874813612301 ], [ -75.092886555342304, 40.005982733504297 ], [ -75.092853122942003, 40.006140637644002 ], [ -75.092758733732794, 40.006375338161497 ], [ -75.092539534032397, 40.006617230409503 ], [ -75.092323092520402, 40.006788624143297 ], [ -75.092157656384202, 40.006996478413903 ], [ -75.092115649015795, 40.007232391146196 ], [ -75.0922158316355, 40.0075194776675 ], [ -75.092378595285297, 40.0077147698928 ], [ -75.092583562772006, 40.007938654624702 ], [ -75.092604873311302, 40.007961933304799 ], [ -75.092959755288106, 40.008272553806798 ], [ -75.093709559404203, 40.008708232942404 ], [ -75.094278774809595, 40.009069169658503 ], [ -75.094617521628805, 40.009272707213398 ], [ -75.094789122798701, 40.009452037370799 ], [ -75.094908467384201, 40.009639239415101 ], [ -75.095005077662606, 40.009925389028403 ], [ -75.095105940343004, 40.010240651120199 ], [ -75.095099503775302, 40.010254196220401 ], [ -75.094975560988402, 40.010515058728501 ], [ -75.094707480568403, 40.010895828660203 ], [ -75.094386096030206, 40.011352301866602 ], [ -75.094355172248001, 40.011398922515099 ], [ -75.094295547348494, 40.0114888110881 ], [ -75.094059298340795, 40.011831113672301 ], [ -75.093923028232197, 40.012047205879398 ], [ -75.093689607789898, 40.012400913657899 ], [ -75.093577241407104, 40.012592358351498 ], [ -75.093509215041607, 40.012739467998202 ], [ -75.093484543853606, 40.012867420057503 ], [ -75.093462654525595, 40.013008036566397 ], [ -75.093467354805398, 40.013139188397702 ], [ -75.093476145567394, 40.013175365656302 ], [ -75.093501227443696, 40.013278574884502 ], [ -75.093569199657196, 40.013467891904902 ], [ -75.093697267165297, 40.013712780298697 ], [ -75.093817483204603, 40.013907085644398 ], [ -75.094206176773, 40.0145271901333 ], [ -75.094302466192005, 40.014662979637301 ], [ -75.094387035048896, 40.014763217916602 ], [ -75.0944141965402, 40.0147915106241 ], [ -75.094490956737801, 40.0148714643082 ], [ -75.094598350468701, 40.014974749600803 ], [ -75.094751192687198, 40.015089167499298 ], [ -75.094926661747706, 40.015211667192403 ], [ -75.095083174836006, 40.015316088722699 ], [ -75.0952626090168, 40.015421039986997 ], [ -75.0955860994533, 40.015613742950698 ], [ -75.095807316709795, 40.015739819021903 ], [ -75.096044907266204, 40.015866273100102 ], [ -75.096174117632501, 40.015914621299999 ], [ -75.0963626636578, 40.015954258999002 ], [ -75.096486604451997, 40.015969723418998 ], [ -75.096712154658903, 40.015985016454302 ], [ -75.096879156856204, 40.015988875433798 ], [ -75.097043004928096, 40.015992661293403 ], [ -75.097055983283795, 40.015992961160201 ], [ -75.097272496660096, 40.015987882739097 ], [ -75.097507526976301, 40.016012213456101 ], [ -75.097797781881795, 40.016049158833198 ], [ -75.097978894437205, 40.016111302987099 ], [ -75.098191474934495, 40.016206935222101 ], [ -75.098453468884202, 40.016296147575503 ], [ -75.098635074399596, 40.016345701984498 ], [ -75.098881708424898, 40.016353334019897 ], [ -75.098955884614796, 40.016355629623199 ], [ -75.099453146739293, 40.016295288107401 ], [ -75.099614878351701, 40.016266259823198 ], [ -75.099895772809901, 40.016207222793398 ], [ -75.100395244227201, 40.0160902270771 ], [ -75.1005967620452, 40.016049515472702 ], [ -75.101017183149395, 40.016026455806902 ], [ -75.101325433569599, 40.016022226493099 ], [ -75.101547906773703, 40.016032398641599 ], [ -75.101773949480403, 40.016035092113498 ], [ -75.101836061859004, 40.0160314193989 ], [ -75.102049896762296, 40.016018775407503 ], [ -75.102287333781902, 40.015981410303098 ], [ -75.102546613578696, 40.0159722686357 ], [ -75.102879833147597, 40.016000110990802 ], [ -75.103319101285905, 40.016082058517398 ], [ -75.103655203817496, 40.016120045811903 ], [ -75.103867755284099, 40.016132504968098 ], [ -75.104083779041602, 40.016140003367198 ], [ -75.104368371736996, 40.016154120772804 ], [ -75.104443314883895, 40.016151737025901 ], [ -75.104689966829, 40.016143889879302 ], [ -75.104987363177202, 40.016165861287199 ], [ -75.105208121851803, 40.016220087854499 ], [ -75.105416223286994, 40.016262681173401 ], [ -75.105664600542895, 40.016281002499497 ], [ -75.105864447323398, 40.016283084603799 ], [ -75.106196198845794, 40.016348684460901 ], [ -75.106433379621706, 40.016402026215601 ], [ -75.106667385185403, 40.016452775089697 ], [ -75.106859547274397, 40.016568079701401 ], [ -75.107067445507496, 40.016700127843599 ], [ -75.107087207662403, 40.0167106986028 ], [ -75.107215135424795, 40.016779128281499 ], [ -75.107336531644805, 40.016860044456102 ], [ -75.107437104403203, 40.016970720782403 ], [ -75.107498676275299, 40.017072938907702 ], [ -75.1075416211619, 40.017232689888303 ], [ -75.107550251037907, 40.017431972318398 ], [ -75.107503702506506, 40.017617383984202 ], [ -75.107451045097307, 40.017791315564097 ], [ -75.107404259786094, 40.0178986005075 ], [ -75.107252431061298, 40.018094190024399 ], [ -75.107133505069498, 40.018202334678698 ], [ -75.107028461243701, 40.018290638165901 ], [ -75.106888081094894, 40.018360487776398 ], [ -75.106725171071901, 40.018419739644798 ], [ -75.106541828378198, 40.018498679683503 ], [ -75.1062958727302, 40.018586259521101 ], [ -75.106029337892707, 40.0186973045112 ], [ -75.105861876461603, 40.018789210112502 ], [ -75.105758007045097, 40.018847299099797 ], [ -75.105692158665406, 40.018939024209303 ], [ -75.105653389659395, 40.0190086930237 ], [ -75.105610758364307, 40.019093392198798 ], [ -75.105556009409696, 40.019152612225803 ], [ -75.105495499421593, 40.019208308064599 ], [ -75.105481218559007, 40.019221451401599 ], [ -75.105337659227501, 40.0192887066911 ], [ -75.105142390157098, 40.019337130355098 ], [ -75.104910615147304, 40.019355101241402 ], [ -75.104222481630302, 40.019350588075802 ], [ -75.104133672441606, 40.019358621596297 ], [ -75.103994906507694, 40.019386925031398 ], [ -75.103837197790298, 40.019438731306003 ], [ -75.103752777634497, 40.019502307120597 ], [ -75.103725567275603, 40.019569721521698 ], [ -75.103698815836793, 40.0196673869522 ], [ -75.103658761080098, 40.019884648006801 ], [ -75.103594918801406, 40.020241968781598 ], [ -75.103548391884701, 40.020401970491797 ], [ -75.103499618102106, 40.020569698117001 ], [ -75.103450821189895, 40.020737501780502 ], [ -75.103370360819397, 40.020855914467198 ], [ -75.103366102531197, 40.020862182116602 ], [ -75.103248719409507, 40.020928548828799 ], [ -75.103171827553496, 40.0209804987662 ], [ -75.103147545824498, 40.021091222022399 ], [ -75.103157870568793, 40.0212104179612 ], [ -75.1031967698096, 40.021364808221001 ], [ -75.103269829822494, 40.021539172431901 ], [ -75.103361415215105, 40.021750418446103 ], [ -75.103588274100503, 40.022204616138602 ], [ -75.103653005237007, 40.022336577434899 ], [ -75.103771694952201, 40.022492806225998 ], [ -75.103902450422893, 40.022595590654397 ], [ -75.104098687194195, 40.0228111666366 ], [ -75.1042086004053, 40.022936493633203 ], [ -75.104194891414096, 40.0230321115911 ], [ -75.104201128028606, 40.023128188203202 ], [ -75.104227911553195, 40.023209390033998 ], [ -75.104293840451803, 40.0233106794362 ], [ -75.104385003446097, 40.0234048760666 ], [ -75.104491574850002, 40.023487916006097 ], [ -75.104628814625897, 40.023552474855599 ], [ -75.104776178134998, 40.0236134292416 ], [ -75.104916107766797, 40.023608978375002 ], [ -75.1050681030828, 40.023551081205099 ], [ -75.105110687239403, 40.023482989806404 ], [ -75.105183863311794, 40.023398334703003 ], [ -75.105397825474796, 40.023031040694299 ], [ -75.105479256818498, 40.0229907053833 ], [ -75.105670398052794, 40.022952896430198 ], [ -75.105850220948199, 40.022949362198297 ], [ -75.106054230795806, 40.0229655720483 ], [ -75.106137213864201, 40.023013530776197 ], [ -75.106313004997801, 40.023113511729498 ], [ -75.106464309639307, 40.023201416227302 ], [ -75.106601102789696, 40.0232774739899 ], [ -75.106738494593301, 40.0233381971901 ], [ -75.106862417445797, 40.023360236171598 ], [ -75.107002944776099, 40.023340446562301 ], [ -75.107089063959606, 40.023307893005097 ], [ -75.107211434442206, 40.023241637146803 ], [ -75.107374743208595, 40.023149461723797 ], [ -75.107516015082794, 40.0231105020721 ], [ -75.107665917517494, 40.023106276471403 ], [ -75.107706707786505, 40.023084191003797 ], [ -75.107783300086396, 40.023039905251501 ], [ -75.107924571498103, 40.023000945097202 ], [ -75.108006450157603, 40.0229491067469 ], [ -75.108068380817301, 40.022896808502601 ], [ -75.108091162898802, 40.022824422999797 ], [ -75.108080381545406, 40.022716729688497 ], [ -75.108168960444999, 40.0226209155785 ], [ -75.108471236380495, 40.0224206529087 ], [ -75.108615191664498, 40.022312681540903 ], [ -75.108797550021194, 40.022243967314601 ], [ -75.109084328113795, 40.022185328397399 ], [ -75.109370362287095, 40.022145858219297 ], [ -75.109688914900502, 40.022168532170802 ], [ -75.109816780764504, 40.022217520181599 ], [ -75.109975461970805, 40.022244192469898 ], [ -75.110149518816002, 40.022280313008203 ], [ -75.110183413886602, 40.022287346265102 ], [ -75.110435947982097, 40.022339199445298 ], [ -75.110702250648302, 40.0224220675263 ], [ -75.110853559431604, 40.022509966245103 ], [ -75.110942941652397, 40.0226501646193 ], [ -75.110991833371898, 40.022804781447398 ], [ -75.111003066566397, 40.022900972298103 ], [ -75.111032757104894, 40.0230359612938 ], [ -75.111103533887302, 40.023141196356001 ], [ -75.111188234585995, 40.023262363485003 ], [ -75.111254839781694, 40.023357645310597 ], [ -75.111333206596697, 40.023524450820801 ], [ -75.111374511625996, 40.023617496020897 ], [ -75.111364606088003, 40.023743900995903 ], [ -75.111403227378702, 40.023905955683702 ], [ -75.111467150982094, 40.024187550222798 ], [ -75.111523932678494, 40.024396070163597 ], [ -75.111552878524407, 40.024550229302598 ], [ -75.111552947445404, 40.024676862554003 ], [ -75.111519001907894, 40.024779690269803 ], [ -75.111458258742303, 40.0249298695013 ], [ -75.111397062273497, 40.025220100716503 ], [ -75.111382765595096, 40.025331054844699 ], [ -75.111368320986301, 40.025445843059799 ], [ -75.1113706252806, 40.025514968072102 ], [ -75.111427637206106, 40.025589186677998 ], [ -75.111490231394498, 40.025648185364801 ], [ -75.111583643088494, 40.025684867135901 ], [ -75.111667676619902, 40.025705984324802 ], [ -75.111846612325493, 40.025725445082202 ], [ -75.112014828723403, 40.025763844950603 ], [ -75.112197410870607, 40.025817924492003 ], [ -75.112399194827802, 40.025891631293398 ], [ -75.112541733341104, 40.025948627127498 ], [ -75.112643033531, 40.026039213082001 ], [ -75.112698706494001, 40.026147936729899 ], [ -75.112738971002202, 40.026267818948803 ], [ -75.112763008873202, 40.026419944883102 ], [ -75.112783992907893, 40.0266506668722 ], [ -75.112810411292301, 40.026870001191803 ], [ -75.112816456738798, 40.026897479059997 ], [ -75.112846549902002, 40.027034278745099 ], [ -75.112857075798402, 40.027082125455301 ], [ -75.112883345613696, 40.027305293817797 ], [ -75.112885228641503, 40.027340206001298 ], [ -75.112892007942605, 40.027465867884999 ], [ -75.112886539132006, 40.027608516743101 ], [ -75.112828104349603, 40.027699270912898 ], [ -75.112761633747695, 40.027739955017402 ], [ -75.112629434870897, 40.027802153639499 ], [ -75.112421013568195, 40.027899056287097 ], [ -75.112288964248705, 40.027957420480497 ], [ -75.112122599216093, 40.027999647268203 ], [ -75.112017273303906, 40.028012576956201 ], [ -75.111887160715796, 40.028021100572602 ], [ -75.111766723604603, 40.028037520387002 ], [ -75.111654323655202, 40.028104010241499 ], [ -75.111532101529406, 40.028210750395502 ], [ -75.111504478096904, 40.028234874250401 ], [ -75.111395127241906, 40.028351319441498 ], [ -75.111290315070804, 40.028479380380297 ], [ -75.111201211236903, 40.028588614737501 ], [ -75.1110858272027, 40.028731782537598 ], [ -75.1110168190894, 40.028837641946701 ], [ -75.1109652261257, 40.029009136088803 ], [ -75.110935221360606, 40.029138916648698 ], [ -75.110901414894002, 40.029366460806102 ], [ -75.110884880275606, 40.029534923066301 ], [ -75.110920008192807, 40.029658525380299 ], [ -75.110997636032593, 40.029844501377198 ], [ -75.111048172897696, 40.029956945260302 ], [ -75.111119919511196, 40.030165809133202 ], [ -75.111139936527593, 40.030292901631299 ], [ -75.111132184755206, 40.030492264710603 ], [ -75.111139097479594, 40.030699638813303 ], [ -75.111155313345805, 40.0309244958124 ], [ -75.111147792704799, 40.030989557577001 ], [ -75.111132805617004, 40.031051968148297 ], [ -75.111112053318095, 40.031138392048703 ], [ -75.111085991976594, 40.031295123863799 ], [ -75.111067303377695, 40.031390628002299 ], [ -75.111061936563303, 40.031528647893097 ], [ -75.111051880202893, 40.031658886856803 ], [ -75.111020532743595, 40.031823171269998 ], [ -75.110988736690203, 40.031998957828499 ], [ -75.110982475121403, 40.032159982075697 ], [ -75.110935718126996, 40.032335424846501 ], [ -75.110882704754601, 40.032543341121801 ], [ -75.110862592212698, 40.032803818130702 ], [ -75.110834225652795, 40.032891424877597 ], [ -75.110786206337195, 40.032970905033501 ], [ -75.110742279996799, 40.033073504148298 ], [ -75.110733565932904, 40.033169236560198 ], [ -75.110757825360807, 40.033315613126099 ], [ -75.110817295100105, 40.033455122920799 ], [ -75.110839360549605, 40.0335060416893 ], [ -75.110867685253695, 40.033571400924501 ], [ -75.110964075814607, 40.0337885069412 ], [ -75.111061375441196, 40.033997111807899 ], [ -75.111111527713902, 40.034104637019702 ], [ -75.111186112540594, 40.034240657290198 ], [ -75.1112979430998, 40.034354950712803 ], [ -75.111320548067596, 40.034378052562403 ], [ -75.111479474946407, 40.034527522765302 ], [ -75.111644433789095, 40.034650268898901 ], [ -75.111848102523197, 40.034804603825798 ], [ -75.112002639851198, 40.034938622486699 ], [ -75.112110800126004, 40.0351099488161 ], [ -75.112178536204596, 40.035293777369098 ], [ -75.112231831640102, 40.035463844382498 ], [ -75.112296742418494, 40.0355919666926 ], [ -75.112350932479998, 40.035739030178199 ], [ -75.112465570594196, 40.0358721318443 ], [ -75.112594876156095, 40.036013245159999 ], [ -75.112719491128999, 40.036146575645901 ], [ -75.112863611519202, 40.036291865388201 ], [ -75.112881648762894, 40.036305848128499 ], [ -75.113057460971405, 40.036442135044503 ], [ -75.113162766815904, 40.036512138874301 ], [ -75.113266722174501, 40.0365812457106 ], [ -75.113381886040102, 40.036700927714101 ], [ -75.113497124774, 40.036818693020102 ], [ -75.1136158612956, 40.036974911507997 ], [ -75.113743681958596, 40.037154362354698 ], [ -75.113814179814696, 40.037267262904798 ], [ -75.113864428991903, 40.037387373636399 ], [ -75.113923760917601, 40.037530715886298 ], [ -75.114023886976696, 40.037909072591098 ], [ -75.114049644467499, 40.038017108693602 ], [ -75.114090366359406, 40.038125488208799 ], [ -75.114104956419396, 40.038263966960201 ], [ -75.114100339846999, 40.038382817530199 ], [ -75.114106740785701, 40.038475060372498 ], [ -75.114128851932307, 40.038548477237498 ], [ -75.114204488946299, 40.038657657947901 ], [ -75.114250496259402, 40.0387584846167 ], [ -75.1142519104489, 40.038850613010297 ], [ -75.114281167700099, 40.038997102357698 ], [ -75.114349217163607, 40.0390837453103 ], [ -75.114460105381397, 40.0392383662643 ], [ -75.114461813919704, 40.039244448666302 ], [ -75.1145320367187, 40.039494396927303 ], [ -75.114552374743894, 40.0395941109701 ], [ -75.114540551086705, 40.039688078254798 ], [ -75.114536162998704, 40.039801062959398 ], [ -75.114533481372504, 40.0398701094174 ], [ -75.114464249952704, 40.039969041450099 ], [ -75.114380146050706, 40.0400299367518 ], [ -75.114217180106493, 40.040227239234099 ], [ -75.114120764836301, 40.040394655273197 ], [ -75.114009966912903, 40.040511480894601 ], [ -75.113923668502693, 40.040628868677302 ], [ -75.113853458866402, 40.040752907616998 ], [ -75.113782760061795, 40.0408895010385 ], [ -75.113727664689804, 40.041045300261203 ], [ -75.113649287178205, 40.041169151628303 ], [ -75.113595897220407, 40.041281012529097 ], [ -75.113492044635294, 40.041429409677697 ], [ -75.113320417847802, 40.041639076162603 ], [ -75.113057371463597, 40.041887481073999 ], [ -75.112905002724801, 40.042022198200101 ], [ -75.112837473194801, 40.042077190998299 ], [ -75.112787848532903, 40.042134346441003 ], [ -75.112751902642003, 40.042175746970798 ], [ -75.112714600910806, 40.042294258857403 ], [ -75.112643898208901, 40.042430851567701 ], [ -75.112571976522304, 40.042598828825398 ], [ -75.1125346742446, 40.042717340651002 ], [ -75.112470430139695, 40.0428980589909 ], [ -75.112370347983102, 40.043159628155102 ], [ -75.112333775877303, 40.043259308968302 ], [ -75.112288549489705, 40.043371355893498 ], [ -75.112221905584093, 40.043454032099802 ], [ -75.112194077104903, 40.043488554813102 ], [ -75.112107527733997, 40.043612218486302 ], [ -75.111987577587598, 40.043753961864802 ], [ -75.111853001604402, 40.0438513917913 ], [ -75.111735002930004, 40.043942920336498 ], [ -75.1115675135907, 40.044045876874399 ], [ -75.111315180822899, 40.044228556249799 ], [ -75.111188892436601, 40.0443230348274 ], [ -75.111135253021402, 40.044441170963502 ], [ -75.111115256304799, 40.044534950243602 ], [ -75.111117076762099, 40.044698337874699 ], [ -75.111152541421305, 40.044837368690501 ], [ -75.111187029795701, 40.045001506771499 ], [ -75.111246864153202, 40.045354704381801 ], [ -75.111271344658306, 40.045776196970202 ], [ -75.111274141936207, 40.045914477312003 ], [ -75.111294492777404, 40.046021747389901 ], [ -75.1113235006938, 40.046116652368603 ], [ -75.111321059666693, 40.0461794214606 ], [ -75.111285949045893, 40.046241440110101 ], [ -75.111273632671001, 40.046347960692302 ], [ -75.111262292715907, 40.0464293730967 ], [ -75.111241563282505, 40.046541982396 ], [ -75.1112213231374, 40.046642038980302 ], [ -75.111160245389101, 40.046741156557601 ], [ -75.111065334644294, 40.046822701695902 ], [ -75.109433840883497, 40.045883404965601 ], [ -75.109266591064895, 40.045787111893702 ], [ -75.108907642392097, 40.046136418046501 ], [ -75.109047245138598, 40.046218896654899 ], [ -75.108105481924497, 40.047175919610702 ], [ -75.108214089064205, 40.047239393640297 ], [ -75.107429504113398, 40.048030815317397 ], [ -75.107647075947895, 40.048148626373901 ], [ -75.1074929450252, 40.048337157204998 ], [ -75.106887671491094, 40.048831100041703 ], [ -75.106313300707001, 40.049299814885799 ], [ -75.104436781432398, 40.050412675855299 ], [ -75.103119628378394, 40.0511937675479 ], [ -75.102378453211401, 40.051633281601802 ], [ -75.100753120672806, 40.052597058535902 ], [ -75.100750399982203, 40.052598723074297 ], [ -75.1001663794313, 40.052956055664502 ], [ -75.099832154680698, 40.053161925078399 ], [ -75.099377162737795, 40.053308118782603 ], [ -75.099360705109802, 40.053324483857601 ], [ -75.0991122288046, 40.053571577724902 ], [ -75.098804316083999, 40.053723074904703 ], [ -75.098465149192194, 40.053896937114899 ], [ -75.097667365429004, 40.0543745835216 ], [ -75.097489593567403, 40.054488057733103 ], [ -75.097379080543305, 40.0545658818926 ], [ -75.096506772485299, 40.055180163451404 ], [ -75.095759315351103, 40.055638722382703 ], [ -75.095121101750095, 40.055945910901897 ], [ -75.094682474759594, 40.056378835005901 ], [ -75.093617614841605, 40.057429821340499 ], [ -75.093458201886406, 40.057197721498497 ], [ -75.093337586694801, 40.057023414358902 ], [ -75.092992116967906, 40.056607442443102 ], [ -75.092809593879906, 40.056338298120401 ], [ -75.092690374280195, 40.055803583482998 ], [ -75.092638710176601, 40.055584081363399 ], [ -75.092525877219103, 40.055476261278102 ], [ -75.092574934101904, 40.055375324111303 ], [ -75.092577946274801, 40.055298425613302 ], [ -75.092393313837803, 40.054373600169001 ], [ -75.092230437266394, 40.0535485716021 ] ] ] } },
{ "type": "Feature", "properties": { "objectid": 13, "dist_name": "Central Northeast", "abbrev": "CNE", "Shape__Area": 36161902.234375, "Shape__Length": 33483.038886824063 }, "geometry": { "type": "Polygon", "coordinates": [ [ [ -75.054030283845904, 40.080336769731304 ], [ -75.052636752341698, 40.079536614712303 ], [ -75.052329285455002, 40.079868598481099 ], [ -75.051570868289204, 40.0806295705924 ], [ -75.050845134296196, 40.0802381711284 ], [ -75.047531759109503, 40.082756522114799 ], [ -75.047037303061003, 40.082517166712101 ], [ -75.046890921321506, 40.082444932682002 ], [ -75.046726180173806, 40.082334048712497 ], [ -75.046553323483096, 40.082177112989697 ], [ -75.045669905851497, 40.080740777430897 ], [ -75.044663931264793, 40.079105096373802 ], [ -75.043838561742703, 40.077622158139903 ], [ -75.043893979738201, 40.077550937683903 ], [ -75.043121745129696, 40.077175722481698 ], [ -75.042217904947606, 40.075928265383297 ], [ -75.041871318592598, 40.075438212935602 ], [ -75.039750681843202, 40.072420333429001 ], [ -75.040099787674805, 40.072143816684502 ], [ -75.040525151978201, 40.071801084865903 ], [ -75.041064638888699, 40.071375892720098 ], [ -75.041269649634103, 40.071198261951402 ], [ -75.041419537657205, 40.071013250385597 ], [ -75.041538030871195, 40.070821416592402 ], [ -75.041616492493503, 40.070640802453802 ], [ -75.0416285227695, 40.070556903639797 ], [ -75.041771632895305, 40.070565401696797 ], [ -75.041801470640607, 40.070390517386301 ], [ -75.041802416146595, 40.070223731976299 ], [ -75.041780003135798, 40.070069564893799 ], [ -75.041721134814495, 40.069826743945598 ], [ -75.0416596401449, 40.069649707054801 ], [ -75.041536230984704, 40.069449262128103 ], [ -75.041366980404504, 40.069252126406397 ], [ -75.041229179559494, 40.069125966809104 ], [ -75.040347696120506, 40.068589323982799 ], [ -75.040045281580802, 40.0684178858683 ], [ -75.034843289800804, 40.065468628701304 ], [ -75.034814084796395, 40.0654369351886 ], [ -75.034588050163904, 40.065205611667103 ], [ -75.034385522142998, 40.064974844123299 ], [ -75.0342182577605, 40.064744908770699 ], [ -75.0340976463348, 40.0645251152364 ], [ -75.034000904463198, 40.0642968473229 ], [ -75.033919531634794, 40.0639785499448 ], [ -75.033582841740596, 40.062397757571802 ], [ -75.033524256335895, 40.062098076337698 ], [ -75.033532935728005, 40.061881338725797 ], [ -75.033555899649798, 40.061601664221797 ], [ -75.033617377274297, 40.061241546932898 ], [ -75.033673791614802, 40.0610078600414 ], [ -75.033708184724205, 40.060861342949103 ], [ -75.0342022643527, 40.059829336345899 ], [ -75.034872949132506, 40.058428391157499 ], [ -75.034748228066206, 40.057218497537598 ], [ -75.034495152858398, 40.057131857548299 ], [ -75.034332963539597, 40.057076331459299 ], [ -75.034430183620302, 40.057025209643797 ], [ -75.035228342648693, 40.055889615550299 ], [ -75.0359640144856, 40.054834785633403 ], [ -75.036145816827499, 40.054574323340702 ], [ -75.036225650121295, 40.054433648316397 ], [ -75.036276169171103, 40.0543116813556 ], [ -75.036309744308895, 40.054230618368898 ], [ -75.036362391871705, 40.0540186991702 ], [ -75.036372270560406, 40.053860078839001 ], [ -75.036364062866696, 40.053711893475203 ], [ -75.036334674671494, 40.053563206902403 ], [ -75.036282122514294, 40.053419404691297 ], [ -75.0362041238632, 40.053249204223803 ], [ -75.036129413966094, 40.053129316842998 ], [ -75.036035288053398, 40.053008971626603 ], [ -75.035964246768202, 40.052929902856199 ], [ -75.035903332242796, 40.052818488532097 ], [ -75.035869955239406, 40.052725374572397 ], [ -75.035866719165796, 40.052585452104601 ], [ -75.035890403575706, 40.052460752780597 ], [ -75.035949915037193, 40.052360677737397 ], [ -75.036059670792298, 40.052178619825199 ], [ -75.036101132561598, 40.052069624086499 ], [ -75.036117992060895, 40.051957331372897 ], [ -75.036105496114104, 40.051828052349798 ], [ -75.036072932080401, 40.051714591160902 ], [ -75.036022284633304, 40.051611565834598 ], [ -75.035953388790006, 40.051523043402398 ], [ -75.035859511296493, 40.051440720139297 ], [ -75.035661150653198, 40.051309247316397 ], [ -75.035506722245501, 40.051269193189199 ], [ -75.0352538103717, 40.051230926700498 ], [ -75.035010551786797, 40.051243116966802 ], [ -75.034786561763994, 40.051298816240902 ], [ -75.034593140119, 40.051407260817797 ], [ -75.034428529316699, 40.051554059146603 ], [ -75.034284906842004, 40.051701353413598 ], [ -75.034125389644302, 40.0518375077719 ], [ -75.033934692673299, 40.051994451811098 ], [ -75.033695090276495, 40.052148445217298 ], [ -75.033460870111497, 40.052284626355302 ], [ -75.033222702112198, 40.052402775511098 ], [ -75.032966521144203, 40.0525043512989 ], [ -75.032755798740595, 40.0525783005085 ], [ -75.032625806671106, 40.052618279905701 ], [ -75.032548342592605, 40.052629004640998 ], [ -75.032455343403697, 40.052619628770898 ], [ -75.032351185391803, 40.052597431770799 ], [ -75.032278062600199, 40.052558029801297 ], [ -75.032224100621306, 40.052506523997501 ], [ -75.032165153439806, 40.0524046692016 ], [ -75.031993299396007, 40.0520328501037 ], [ -75.031937402031502, 40.051913129154002 ], [ -75.031845196524401, 40.051767434029699 ], [ -75.031697162426596, 40.051616829811501 ], [ -75.031549379833905, 40.051518255472999 ], [ -75.031441736575502, 40.051463641715799 ], [ -75.031307123813704, 40.051418153423597 ], [ -75.031139478794998, 40.051368998921497 ], [ -75.030941418881596, 40.051345193576601 ], [ -75.030774015743702, 40.051346445607798 ], [ -75.030605916682504, 40.051365059549497 ], [ -75.030422002632406, 40.051383298854098 ], [ -75.030209203128507, 40.051388689769901 ], [ -75.0299808660331, 40.051386758971098 ], [ -75.029757744331803, 40.0513675716807 ], [ -75.029510117539004, 40.051339114776098 ], [ -75.029195406228894, 40.051291688978097 ], [ -75.027979880695696, 40.0510369580049 ], [ -75.026755729162304, 40.050788634028798 ], [ -75.026691334423901, 40.050593550021397 ], [ -75.026570298384399, 40.050607839452503 ], [ -75.026565061360799, 40.050617466517302 ], [ -75.026556686273096, 40.050632859827203 ], [ -75.026545662146503, 40.050642479446402 ], [ -75.026538035314303, 40.050649134038999 ], [ -75.026532045525201, 40.050651780802099 ], [ -75.026524848856496, 40.0506549630134 ], [ -75.026512947381306, 40.050660238566401 ], [ -75.026505116861102, 40.050662299253403 ], [ -75.026479551295793, 40.0506684780946 ], [ -75.026475473650507, 40.050667916477202 ], [ -75.0264650108372, 40.050666473624702 ], [ -75.026451853303897, 40.050664659624502 ], [ -75.026446932245904, 40.050664312284603 ], [ -75.026443394112405, 40.050664155416101 ], [ -75.026440960786303, 40.050663639989899 ], [ -75.026431970352306, 40.050661736461599 ], [ -75.026422061983695, 40.0506599174944 ], [ -75.026416627932903, 40.050658913736399 ], [ -75.026397002974406, 40.050653448499602 ], [ -75.026391874118801, 40.050650858910302 ], [ -75.026384927709799, 40.050649734595503 ], [ -75.026358582510596, 40.050645718406599 ], [ -75.026351603941094, 40.050644197764001 ], [ -75.026348930868707, 40.050644134387703 ], [ -75.026346527212098, 40.050644077399099 ], [ -75.026343021113405, 40.0506431517856 ], [ -75.026340992388398, 40.050642575667801 ], [ -75.026338912030695, 40.050642526344198 ], [ -75.026336627826694, 40.0506425604909 ], [ -75.026333865757607, 40.050642406700902 ], [ -75.026319745821098, 40.050639331817301 ], [ -75.026307297645303, 40.050639036678 ], [ -75.026301381352994, 40.050636172515198 ], [ -75.0262949598891, 40.050636020265003 ], [ -75.026280838820497, 40.050632944448701 ], [ -75.026271242937696, 40.050632716932498 ], [ -75.026259484701697, 40.050632438146302 ], [ -75.026245364770702, 40.050629363253599 ], [ -75.026231134939707, 40.050629025862897 ], [ -75.026221378408493, 40.050626053522997 ], [ -75.026204569216603, 40.050625654971697 ], [ -75.026199354581706, 40.05062280744 ], [ -75.026170397572599, 40.050621992001901 ], [ -75.026160317263702, 40.050619140830698 ], [ -75.026145836204606, 40.050618782154601 ], [ -75.026066816876295, 40.050612930347299 ], [ -75.026039016718599, 40.050612154020499 ], [ -75.026018186211303, 40.050611660088897 ], [ -75.026011887628698, 40.050610287103297 ], [ -75.025946253234395, 40.050608207243201 ], [ -75.025915071399794, 40.050607845377101 ], [ -75.025910077908506, 40.050606498828202 ], [ -75.025903020247398, 40.050606189103 ], [ -75.025899426879306, 40.0506063859237 ], [ -75.025893738376297, 40.050607339506797 ], [ -75.025843924619807, 40.050606158256798 ], [ -75.025838545794699, 40.050607400310099 ], [ -75.025833255765804, 40.050605905259999 ], [ -75.025826021565194, 40.050608473820397 ], [ -75.025817315930098, 40.0506082673772 ], [ -75.025810377169506, 40.0506078289119 ], [ -75.025804173373402, 40.0506066942391 ], [ -75.025801364002007, 40.050607163746001 ], [ -75.025795356769294, 40.050608171037602 ], [ -75.025790134316907, 40.0506089058984 ], [ -75.025786732618698, 40.050608183678797 ], [ -75.025782197814607, 40.050607531902699 ], [ -75.025751220295305, 40.050609440091002 ], [ -75.025729010364699, 40.050609077386802 ], [ -75.025722706803094, 40.050610135314997 ], [ -75.025713779787694, 40.050610156987403 ], [ -75.025677256497403, 40.0506136979063 ], [ -75.025624941838799, 40.050618180757503 ], [ -75.025547084306496, 40.050624362710202 ], [ -75.025456767579499, 40.050634757098898 ], [ -75.0253987121677, 40.050643799996799 ], [ -75.025354030700399, 40.050651631876697 ], [ -75.0252547321316, 40.050668257428597 ], [ -75.025198355848303, 40.050682638260803 ], [ -75.025178376528402, 40.050687312097999 ], [ -75.025165507144294, 40.050690322729402 ], [ -75.025155562482695, 40.050692648548697 ], [ -75.025124534177294, 40.0506999067347 ], [ -75.025089437168901, 40.050709329151502 ], [ -75.025052476298896, 40.050719412872802 ], [ -75.025052115053001, 40.050719503420098 ], [ -75.024966023899907, 40.050745599440802 ], [ -75.024904917891504, 40.050765549995198 ], [ -75.024761511612297, 40.050820634702802 ], [ -75.024739236665297, 40.050830674758402 ], [ -75.024730205715002, 40.050833837673302 ], [ -75.024721840131505, 40.050837365981799 ], [ -75.024708037048399, 40.050843187332298 ], [ -75.024690744090094, 40.0508505982489 ], [ -75.024661484068503, 40.050864562471702 ], [ -75.024630113825495, 40.050879862448497 ], [ -75.024617692677097, 40.050885460673697 ], [ -75.024605168922093, 40.050891949409703 ], [ -75.024594625546499, 40.050896452345398 ], [ -75.024577678948305, 40.0509048139672 ], [ -75.024560878112993, 40.050913633176897 ], [ -75.024540979963106, 40.050924076490503 ], [ -75.024522513064099, 40.050933769838402 ], [ -75.024504120448597, 40.050943423497401 ], [ -75.024488106965705, 40.050952606481303 ], [ -75.024370654570603, 40.051021605161303 ], [ -75.024248410450994, 40.051106496390801 ], [ -75.024137912834206, 40.051196067879701 ], [ -75.024026945847595, 40.051294220601598 ], [ -75.023869026669402, 40.0514619144477 ], [ -75.023770671146806, 40.051567749468703 ], [ -75.023708830028696, 40.051633568250601 ], [ -75.023645084366805, 40.051700794305198 ], [ -75.023577124569996, 40.051773739334401 ], [ -75.023472703571102, 40.0518848635379 ], [ -75.023355912275406, 40.0520067518109 ], [ -75.023218840154101, 40.052151001270303 ], [ -75.023029850344898, 40.052352084968298 ], [ -75.022934080964305, 40.052454335945399 ], [ -75.023118861209795, 40.0525338765557 ], [ -75.023346333277601, 40.052634338975999 ], [ -75.023525053150706, 40.052711413047099 ], [ -75.023702080148993, 40.0527865940848 ], [ -75.023835932299804, 40.052844628603999 ], [ -75.023938365062406, 40.0528890205903 ], [ -75.0240517439521, 40.052938274809698 ], [ -75.024168298745195, 40.052988741401499 ], [ -75.024305123611697, 40.0530479830216 ], [ -75.024467121250296, 40.053118211765899 ], [ -75.024620976633202, 40.053184892482101 ], [ -75.024744700486906, 40.053236016914099 ], [ -75.0248678873551, 40.0532894802258 ], [ -75.024937116921294, 40.053321920489402 ], [ -75.024964407492902, 40.053333747229402 ], [ -75.023525830952295, 40.055332857726498 ], [ -75.023469709579899, 40.055405471900002 ], [ -75.023235632354798, 40.055251768373402 ], [ -75.023016691978498, 40.055123581130502 ], [ -75.022962562189093, 40.055091888317698 ], [ -75.022685535114306, 40.054937131663102 ], [ -75.022404789286995, 40.054786123617902 ], [ -75.022123002357603, 40.054636396667398 ], [ -75.021839898314099, 40.054488224478298 ], [ -75.021555821182901, 40.054341128641099 ], [ -75.021271840009405, 40.054193921718301 ], [ -75.020988912216097, 40.054045538878199 ], [ -75.020758484329804, 40.0539241385355 ], [ -75.020715216545995, 40.0539073997994 ], [ -75.020602845525005, 40.053847799555797 ], [ -75.020214161702, 40.053642363838797 ], [ -75.020157772272597, 40.053612658647303 ], [ -75.019979826151697, 40.053505693408901 ], [ -75.019678076696806, 40.053359956861797 ], [ -75.019236305993203, 40.053125711579199 ], [ -75.0189519466863, 40.052971511895599 ], [ -75.018696678048798, 40.052823803219603 ], [ -75.018439831480507, 40.0526568648012 ], [ -75.018180207890097, 40.052461956682599 ], [ -75.018025266637807, 40.052331496889103 ], [ -75.017748204770598, 40.052065245349702 ], [ -75.017489548690193, 40.051752417279701 ], [ -75.017321823320103, 40.0515056834926 ], [ -75.017141200598502, 40.051188825017199 ], [ -75.017028454872801, 40.050930656776799 ], [ -75.016989003904499, 40.050830006211797 ], [ -75.016892242675297, 40.0504999198685 ], [ -75.016834165200706, 40.050185718570397 ], [ -75.016817889380803, 40.049841279309398 ], [ -75.016824251757399, 40.049647050765202 ], [ -75.016836237940893, 40.049383128502598 ], [ -75.016899349838894, 40.049190910626898 ], [ -75.017036784973698, 40.048798116588998 ], [ -75.017347641976301, 40.0482555174721 ], [ -75.017669080831396, 40.047821548597703 ], [ -75.017774191344898, 40.047717960792703 ], [ -75.018010283372504, 40.047526833528302 ], [ -75.018255253333194, 40.047342480240196 ], [ -75.018500237825293, 40.047158431362902 ], [ -75.018707555141404, 40.047003051900099 ], [ -75.018726567495193, 40.0469888031948 ], [ -75.018756163202198, 40.046983149919001 ], [ -75.018964408958695, 40.046835085255502 ], [ -75.019410856743093, 40.046518179428901 ], [ -75.0193897416776, 40.0464992094211 ], [ -75.019487665452203, 40.046427982904397 ], [ -75.019678315298194, 40.046291729714099 ], [ -75.019738350713297, 40.046248823729599 ], [ -75.019880354719504, 40.046151067729902 ], [ -75.019875269003194, 40.046136406490902 ], [ -75.019831709324293, 40.0459896413454 ], [ -75.019885880641596, 40.045667787067501 ], [ -75.019934448091803, 40.0454851940979 ], [ -75.020038123404305, 40.045367271384997 ], [ -75.020217068592004, 40.045222626095097 ], [ -75.020356997992394, 40.045023195398599 ], [ -75.020431036754303, 40.044822199728003 ], [ -75.020505075114002, 40.044621203107603 ], [ -75.020528676538206, 40.044444352919903 ], [ -75.020550496557604, 40.044311813150898 ], [ -75.020556098550102, 40.0441725517734 ], [ -75.020486048561395, 40.044069509255003 ], [ -75.020443252838405, 40.043903753770103 ], [ -75.020397656207294, 40.043807628504403 ], [ -75.020428729901795, 40.043649964606502 ], [ -75.0205028492217, 40.043551579656501 ], [ -75.021342825785894, 40.043643934710403 ], [ -75.021570642221803, 40.043662812607998 ], [ -75.021754806832803, 40.043678073532 ], [ -75.021719067001399, 40.043892293467202 ], [ -75.021652560171006, 40.044149812766797 ], [ -75.021566182886701, 40.044405505766797 ], [ -75.021460927880995, 40.044656954144003 ], [ -75.021333234316501, 40.044900078877497 ], [ -75.021167227092306, 40.0451305534326 ], [ -75.020974832175895, 40.045349848579598 ], [ -75.0207686554171, 40.045560549682399 ], [ -75.020539457161703, 40.0457568830032 ], [ -75.020283595802994, 40.045923113203003 ], [ -75.020128805384701, 40.046005512742497 ], [ -75.020083075817396, 40.046388048511801 ], [ -75.020098801935902, 40.0467686288655 ], [ -75.020185481714194, 40.0471473055606 ], [ -75.020339206046302, 40.0475318355303 ], [ -75.020486053618498, 40.0477865243789 ], [ -75.020639752296603, 40.047976350092497 ], [ -75.020674786776596, 40.0480392878708 ], [ -75.020861877045903, 40.048238461255103 ], [ -75.021016012011003, 40.048383386287398 ], [ -75.021395765823499, 40.048668346931599 ], [ -75.0216911660997, 40.0488501348852 ], [ -75.021991044724999, 40.048996251930497 ], [ -75.022525053562703, 40.0491902643925 ], [ -75.022909074924399, 40.049281167744901 ], [ -75.023105586062499, 40.049309199763798 ], [ -75.023257132223506, 40.049317069853402 ], [ -75.023415859462503, 40.049313744262001 ], [ -75.023571965522507, 40.049304804833397 ], [ -75.023709455562496, 40.049289552106302 ], [ -75.023851057442698, 40.049264580689602 ], [ -75.023936641207698, 40.049247138052102 ], [ -75.024084724157206, 40.049201479624102 ], [ -75.024123200692003, 40.049188498356003 ], [ -75.024294696006294, 40.049121075154197 ], [ -75.024382121645502, 40.0490907556525 ], [ -75.024324204422996, 40.048988841611902 ], [ -75.025335734754606, 40.048522698897301 ], [ -75.026040415344397, 40.048172788458501 ], [ -75.026226973056893, 40.048282993303602 ], [ -75.028896942009297, 40.048657466263002 ], [ -75.029082586765, 40.048661679782803 ], [ -75.029364854366705, 40.048667007341201 ], [ -75.029673140155893, 40.048638582324898 ], [ -75.029937204051194, 40.048595073660898 ], [ -75.030146091279306, 40.048542401712901 ], [ -75.0303155120653, 40.048485174582403 ], [ -75.030491140554403, 40.0484170688704 ], [ -75.030678954976494, 40.048324247115801 ], [ -75.030861198149196, 40.048226872619701 ], [ -75.031074125382403, 40.048081588817602 ], [ -75.031208249213606, 40.047985472561102 ], [ -75.031295808255507, 40.047861351349901 ], [ -75.031410672284693, 40.047722588102097 ], [ -75.031519612280505, 40.047588107830002 ], [ -75.031713757573399, 40.047341766770103 ], [ -75.031783165167198, 40.0471504079621 ], [ -75.031811438020497, 40.047004554820198 ], [ -75.031846692945606, 40.046824391667897 ], [ -75.031854626999305, 40.046626343968299 ], [ -75.031839807881497, 40.046436376446003 ], [ -75.031778366065197, 40.046150497692302 ], [ -75.031670383891694, 40.045906612251301 ], [ -75.031608853303197, 40.045762943709697 ], [ -75.031543354403595, 40.045690382497902 ], [ -75.031639573696197, 40.045669887211297 ], [ -75.032597039697293, 40.045232091332103 ], [ -75.033481158272195, 40.044819796532202 ], [ -75.033568119671202, 40.0449373473676 ], [ -75.033729614475803, 40.044871400469603 ], [ -75.033856751039295, 40.044813362224097 ], [ -75.034000194475297, 40.044773150198701 ], [ -75.034143637705199, 40.044732938894299 ], [ -75.034349428844195, 40.044694200530301 ], [ -75.034509177728495, 40.044671815050897 ], [ -75.034685756683999, 40.044654188289002 ], [ -75.034804959281203, 40.044652644914301 ], [ -75.034952499608906, 40.044651772119401 ], [ -75.035111029262595, 40.044659879256997 ], [ -75.035246712297507, 40.044671807322402 ], [ -75.035432709619201, 40.0447023641455 ], [ -75.035646524408307, 40.044746660383801 ], [ -75.035831650795899, 40.044798998742301 ], [ -75.036016254755594, 40.044864405032399 ], [ -75.036200337563898, 40.044942879284399 ], [ -75.036356166397894, 40.045018507019897 ], [ -75.036489063006201, 40.045100131753003 ], [ -75.036637918178798, 40.045208296246003 ], [ -75.036780758769396, 40.045325038853697 ], [ -75.036928569779704, 40.045459340335597 ], [ -75.037065393976604, 40.045584661748201 ], [ -75.037187303948897, 40.0456573057645 ], [ -75.037314883236903, 40.0457300835279 ], [ -75.037482137991205, 40.0458037989413 ], [ -75.037700667736402, 40.045872184078299 ], [ -75.037925824698505, 40.045916742859198 ], [ -75.038135021699702, 40.045934763268797 ], [ -75.038378401532995, 40.045949229129 ], [ -75.038995178760999, 40.045989949140598 ], [ -75.039136272004299, 40.046008540049499 ], [ -75.039259577252594, 40.046046332316102 ], [ -75.039393523510995, 40.046101817197602 ], [ -75.039492591150704, 40.046178280760003 ], [ -75.039574132008198, 40.0462674112432 ], [ -75.039632305244396, 40.046373431959601 ], [ -75.039656643831705, 40.046474293240799 ], [ -75.0396742704161, 40.0466011590755 ], [ -75.039692591957703, 40.046710599651398 ], [ -75.039727570658002, 40.046829153606097 ], [ -75.039768217470396, 40.0469478412776 ], [ -75.039826391557099, 40.047053862792303 ], [ -75.039923025137796, 40.0471913120276 ], [ -75.040047652350097, 40.047338143747403 ], [ -75.040140445590794, 40.0474297188698 ], [ -75.040222510726494, 40.047505780640101 ], [ -75.040355068886399, 40.0475961139567 ], [ -75.040487626227801, 40.047686447092303 ], [ -75.040637712293403, 40.047764112936903 ], [ -75.040810644942795, 40.047837956309998 ], [ -75.041023603462904, 40.047904023852098 ], [ -75.041254088433007, 40.047957421912201 ], [ -75.041468612895201, 40.047984282073202 ], [ -75.041672323046797, 40.047997805412301 ], [ -75.041876641841597, 40.047996081642999 ], [ -75.042070405666706, 40.0479744874212 ], [ -75.042247338978001, 40.047948135971602 ], [ -75.042464992885897, 40.047896582033502 ], [ -75.042649332147505, 40.047826801801101 ], [ -75.042822161130502, 40.047761109304801 ], [ -75.042996032597401, 40.047669279128399 ], [ -75.043188732496006, 40.047532110004198 ], [ -75.043318125147906, 40.047417429466798 ], [ -75.0434124665139, 40.047328085823899 ], [ -75.043525028066298, 40.0472086492193 ], [ -75.043642735969698, 40.047102414304 ], [ -75.043736380307905, 40.047030494717198 ], [ -75.043858540524596, 40.0469548866553 ], [ -75.043974336340497, 40.046896570168698 ], [ -75.044095973671105, 40.046834030991498 ], [ -75.044222411352607, 40.046793405664602 ], [ -75.044354515658299, 40.046752914573098 ], [ -75.044508946708405, 40.046721668641297 ], [ -75.044782668005595, 40.046686692026903 ], [ -75.045016452676606, 40.046657315068998 ], [ -75.045265933021398, 40.046640357845099 ], [ -75.045272150664402, 40.046518912105903 ], [ -75.047547701402607, 40.0462670215936 ], [ -75.047778160268507, 40.046255963856801 ], [ -75.047981131660606, 40.0463418922348 ], [ -75.048275206768807, 40.046427019276202 ], [ -75.048529700921407, 40.046523248218001 ], [ -75.048815119114593, 40.046629227757499 ], [ -75.049155643140097, 40.046727478219601 ], [ -75.049380530852304, 40.046780895018301 ], [ -75.049578655113706, 40.046810126109001 ], [ -75.050602889611298, 40.046947999018698 ], [ -75.050680054823104, 40.046958301983402 ], [ -75.051370554431003, 40.047048161915697 ], [ -75.051625315972004, 40.047077100789103 ], [ -75.051688654673299, 40.046966663184101 ], [ -75.052185920116699, 40.0464258808016 ], [ -75.052213362775305, 40.046396035660898 ], [ -75.054288833349005, 40.044457278615702 ], [ -75.0542947737909, 40.0444517297164 ], [ -75.054603246793803, 40.0441660084578 ], [ -75.054929559266199, 40.043863759003102 ], [ -75.0556120283713, 40.043196455401798 ], [ -75.056027316686695, 40.042757380274502 ], [ -75.056124757925105, 40.0426543548597 ], [ -75.056638919864497, 40.0421405813495 ], [ -75.056711094036402, 40.042068460878099 ], [ -75.057235070542006, 40.041572571922401 ], [ -75.058557693252297, 40.040320804352604 ], [ -75.058796805050207, 40.0401097334585 ], [ -75.059223875836807, 40.039707289000297 ], [ -75.059806683883394, 40.0391580765803 ], [ -75.060460588184398, 40.038541851270701 ], [ -75.061012257104096, 40.038021960163498 ], [ -75.061075289120197, 40.037963092837401 ], [ -75.061546626327896, 40.038222360631998 ], [ -75.062148520102198, 40.038554717202501 ], [ -75.062685207130897, 40.0388424136734 ], [ -75.063444885474695, 40.039277405575803 ], [ -75.064497964320907, 40.039862544591699 ], [ -75.065583621856305, 40.040451288517502 ], [ -75.066087536294305, 40.0407378429353 ], [ -75.066427760446601, 40.040945805835896 ], [ -75.066759456223807, 40.041122687901101 ], [ -75.067067706396998, 40.041305853943598 ], [ -75.067397433349697, 40.041487341082501 ], [ -75.067665000229795, 40.041643643998398 ], [ -75.067985948813202, 40.041806556618099 ], [ -75.068237381736594, 40.0419543936585 ], [ -75.068558446410407, 40.042132268231001 ], [ -75.068560623938396, 40.042133382294303 ], [ -75.068867045994594, 40.042301128819403 ], [ -75.069196999590005, 40.042477860148701 ], [ -75.069222918675493, 40.042492724960198 ], [ -75.069462003822494, 40.0426301171699 ], [ -75.069759930141103, 40.042791143905802 ], [ -75.069780679594004, 40.042802354972601 ], [ -75.070029306876094, 40.0429391072025 ], [ -75.070337397992105, 40.043106538065999 ], [ -75.070349017706107, 40.0431129632534 ], [ -75.070635752919301, 40.043281455681701 ], [ -75.071016186566496, 40.043492268687203 ], [ -75.071307601952597, 40.043655284757897 ], [ -75.071613870561507, 40.043832454853799 ], [ -75.071868420339797, 40.0439672893473 ], [ -75.072250809973397, 40.044170912825798 ], [ -75.0726477330102, 40.044403095233001 ], [ -75.073252840284198, 40.043805397844203 ], [ -75.073838317518707, 40.043183151732698 ], [ -75.074371006236007, 40.043462112373298 ], [ -75.0753994342423, 40.044036191655998 ], [ -75.077405958824301, 40.045148777465897 ], [ -75.0791904157972, 40.046142147118999 ], [ -75.080989897606102, 40.047142408163303 ], [ -75.081251713216403, 40.047290429769298 ], [ -75.081813532499197, 40.0476139504526 ], [ -75.081954327849701, 40.047686214021603 ], [ -75.081989295921701, 40.047698685611699 ], [ -75.082889942275699, 40.0482066938971 ], [ -75.084512498062907, 40.0491127828655 ], [ -75.086166877958107, 40.050033772651297 ], [ -75.085992142519103, 40.050887238308597 ], [ -75.086092066520294, 40.050884151038503 ], [ -75.086204772193796, 40.0509190630397 ], [ -75.0863402037849, 40.050986799522903 ], [ -75.087805933016597, 40.051804207293699 ], [ -75.088145843264499, 40.051439456605998 ], [ -75.088346612260594, 40.051244266687299 ], [ -75.090133581778701, 40.052234306478098 ], [ -75.091218828517199, 40.052845360371499 ], [ -75.091802793154997, 40.053174204452702 ], [ -75.0919334938351, 40.053238656599497 ], [ -75.091991579283501, 40.053252286116702 ], [ -75.092133980007105, 40.053187522820402 ], [ -75.092230437266394, 40.0535485716021 ], [ -75.092393313837803, 40.054373600169001 ], [ -75.092577946274801, 40.055298425613302 ], [ -75.092574934101904, 40.055375324111303 ], [ -75.092525877219103, 40.055476261278102 ], [ -75.092638710176601, 40.055584081363399 ], [ -75.092690374280195, 40.055803583482998 ], [ -75.092809593879906, 40.056338298120401 ], [ -75.092992116967906, 40.056607442443102 ], [ -75.093337586694801, 40.057023414358902 ], [ -75.093458201886406, 40.057197721498497 ], [ -75.093617614841605, 40.057429821340499 ], [ -75.092076764944906, 40.058974921436601 ], [ -75.089764757251999, 40.061294319396502 ], [ -75.087466289175197, 40.063593396585702 ], [ -75.087898771696999, 40.0638450472089 ], [ -75.088766844311095, 40.064350145300999 ], [ -75.089539605084596, 40.064799774052503 ], [ -75.090372342235895, 40.065284286989097 ], [ -75.094951840885997, 40.067948553409899 ], [ -75.096740029898797, 40.068988782062398 ], [ -75.093871398632501, 40.0718119440685 ], [ -75.093822308301398, 40.0718603536138 ], [ -75.091666705353902, 40.073987556817301 ], [ -75.090469649455002, 40.075168767697598 ], [ -75.089521706780104, 40.076104123101402 ], [ -75.0891794695941, 40.076429260842097 ], [ -75.086949455443801, 40.078668593005297 ], [ -75.086880824084204, 40.078612911742901 ], [ -75.084157650788597, 40.081246696498297 ], [ -75.083417459775106, 40.081962544211699 ], [ -75.082459629714194, 40.082893223502701 ], [ -75.081572583692505, 40.083755095736898 ], [ -75.081190903554898, 40.084125935036397 ], [ -75.078913469589907, 40.085237356242999 ], [ -75.077804133033297, 40.085778700705902 ], [ -75.076363095341307, 40.0872709229454 ], [ -75.076286790119397, 40.087349936850103 ], [ -75.071235374932201, 40.0925800992174 ], [ -75.069457861087997, 40.094420266916501 ], [ -75.068498363383, 40.094583066036499 ], [ -75.068430543227095, 40.094547301237697 ], [ -75.068238915353803, 40.094390911052798 ], [ -75.068081274426703, 40.0942505050009 ], [ -75.067160938301598, 40.093538775700097 ], [ -75.066800087540301, 40.093259710481597 ], [ -75.066358012243398, 40.092934156217297 ], [ -75.066017210741805, 40.092612265947501 ], [ -75.066137366390294, 40.092430212998799 ], [ -75.065269431871499, 40.091600340809698 ], [ -75.064860000434095, 40.0911999841449 ], [ -75.0646556333066, 40.090991063802001 ], [ -75.064358408431204, 40.090817760527798 ], [ -75.064098127717102, 40.090686400891897 ], [ -75.063918803566196, 40.090612218575203 ], [ -75.063690540982293, 40.090574053942902 ], [ -75.063627027851396, 40.090563434859597 ], [ -75.063218979507198, 40.090537087957003 ], [ -75.061360786255705, 40.090389096635697 ], [ -75.060952898560402, 40.090362082236197 ], [ -75.059205719500596, 40.090230633457097 ], [ -75.058820418795605, 40.090200903645197 ], [ -75.058345595352804, 40.090162173346798 ], [ -75.057872964222, 40.090068266568601 ], [ -75.057069800096301, 40.089706294066097 ], [ -75.056723214658007, 40.089371725568903 ], [ -75.0565229545129, 40.089121893270899 ], [ -75.056503383541795, 40.089020315011602 ], [ -75.0563703161788, 40.088113230687902 ], [ -75.056376287518404, 40.087962909791599 ], [ -75.056406678713401, 40.087766866422299 ], [ -75.056467866810607, 40.0875541834289 ], [ -75.056559393350099, 40.087336423936399 ], [ -75.056664597170794, 40.087153706603402 ], [ -75.056799219351305, 40.086989039814 ], [ -75.057025378955203, 40.086776877273699 ], [ -75.057033991566996, 40.086768849828097 ], [ -75.055381421125503, 40.081915838444601 ], [ -75.055022511391599, 40.080904071878798 ], [ -75.054030283845904, 40.080336769731304 ] ] ] } },
{ "type": "Feature", "properties": { "objectid": 14, "dist_name": "West", "abbrev": "WST", "Shape__Area": 20609377.15234375, "Shape__Length": 27025.172458609217 }, "geometry": { "type": "Polygon", "coordinates": [ [ [ -75.230172897731606, 39.9788037693394 ], [ -75.230029476170003, 39.978019668053101 ], [ -75.229857854307795, 39.977078760385702 ], [ -75.229564133688697, 39.975525007751799 ], [ -75.229434432844101, 39.974837848491497 ], [ -75.229356400777206, 39.974427702826901 ], [ -75.229268952438105, 39.973935144207303 ], [ -75.229151117415, 39.973306920725101 ], [ -75.229029096259396, 39.972653627665203 ], [ -75.228884255202601, 39.971910211795198 ], [ -75.2287381195205, 39.971116733052803 ], [ -75.227991288966393, 39.971199061423 ], [ -75.227233653815304, 39.9712831179137 ], [ -75.226569555291405, 39.971353097687498 ], [ -75.225844163675902, 39.971439822824102 ], [ -75.225836708938303, 39.971373734638902 ], [ -75.225618710883793, 39.970488280380003 ], [ -75.225375465091005, 39.969526874559101 ], [ -75.224897552433006, 39.969577285827299 ], [ -75.2246327576634, 39.969604627757697 ], [ -75.224073622328305, 39.969658914385903 ], [ -75.223121379698597, 39.969756786542803 ], [ -75.221322279922802, 39.969941598612401 ], [ -75.2208257638286, 39.969991190251903 ], [ -75.220187349927002, 39.970056498524301 ], [ -75.217848988857298, 39.970289715123599 ], [ -75.217173812355995, 39.970360460154602 ], [ -75.217439394981994, 39.972443714059899 ], [ -75.217769865909901, 39.972636076166602 ], [ -75.216334465320799, 39.972799907078503 ], [ -75.213889746954905, 39.973063324945699 ], [ -75.212822929265698, 39.973183313245698 ], [ -75.212214779409393, 39.973251709578598 ], [ -75.212173132617195, 39.973146510201303 ], [ -75.212150038950796, 39.973020726890901 ], [ -75.210024282295393, 39.972507556444 ], [ -75.209372241749605, 39.972347937818597 ], [ -75.2086479860195, 39.972168033804103 ], [ -75.208395825782901, 39.972104694659897 ], [ -75.208071393633105, 39.972020619404603 ], [ -75.207747937607195, 39.971933450072903 ], [ -75.207425212642903, 39.971844040798999 ], [ -75.207102972492507, 39.971753245688397 ], [ -75.206780970893405, 39.971661918843999 ], [ -75.206458961602095, 39.971570913465598 ], [ -75.206136699428896, 39.971481085476803 ], [ -75.205980838401501, 39.971438687798702 ], [ -75.205971446410402, 39.971388288270497 ], [ -75.205953325697394, 39.971271812939001 ], [ -75.205819143191306, 39.971230240739999 ], [ -75.205653838508695, 39.971189904645797 ], [ -75.205418130478293, 39.971120503965103 ], [ -75.204993822900704, 39.970996497980003 ], [ -75.204522926082404, 39.970843952847403 ], [ -75.204017000601297, 39.970672293997303 ], [ -75.2036530662416, 39.970542039622103 ], [ -75.203724478195696, 39.970938140714999 ], [ -75.198528951020407, 39.969454610288899 ], [ -75.195766572614303, 39.9686657193851 ], [ -75.195478278950304, 39.968564676852601 ], [ -75.195161656780598, 39.968468908022103 ], [ -75.194842663692199, 39.968376794946401 ], [ -75.194521596753106, 39.968287879303197 ], [ -75.194198754207605, 39.968201702799497 ], [ -75.193874431932997, 39.9681178079936 ], [ -75.193548928221205, 39.968035735698699 ], [ -75.193222538997304, 39.967955027579599 ], [ -75.192895562499899, 39.967875226256801 ], [ -75.192568294634697, 39.9677958743017 ], [ -75.192311754062004, 39.967733661998103 ], [ -75.192268722851793, 39.967531715906901 ], [ -75.192141915690897, 39.9668976611514 ], [ -75.191039570256294, 39.966601834992701 ], [ -75.190597254086299, 39.966505490685599 ], [ -75.189788551101998, 39.966245403611197 ], [ -75.189430081591198, 39.966109685525403 ], [ -75.188989998450793, 39.965919832101697 ], [ -75.188762361293001, 39.965790691920198 ], [ -75.188521495376193, 39.965603886006299 ], [ -75.187934976299502, 39.965083524414702 ], [ -75.187736798147895, 39.9648349119675 ], [ -75.187658191730804, 39.964496210653799 ], [ -75.187554068651096, 39.963940405268303 ], [ -75.187418060330401, 39.963376356054503 ], [ -75.188027859183705, 39.963303418848902 ], [ -75.188488723549298, 39.963257087680901 ], [ -75.189940619321106, 39.963092475841201 ], [ -75.191392686297604, 39.962931103147902 ], [ -75.191479165617693, 39.962929779005897 ], [ -75.1925197593485, 39.962818044312499 ], [ -75.192848431926294, 39.962778994413497 ], [ -75.194198512637399, 39.9626319009624 ], [ -75.1943000366891, 39.962616126115599 ], [ -75.195749786651206, 39.962456856406099 ], [ -75.197199610695407, 39.962296475459098 ], [ -75.199438761198195, 39.962051435972498 ], [ -75.200138944739194, 39.961972120747703 ], [ -75.201181742688604, 39.961813237275003 ], [ -75.201419535962401, 39.961777580748503 ], [ -75.202237100344803, 39.9616528186274 ], [ -75.202268269542003, 39.961953078672998 ], [ -75.202296785849299, 39.962231355641997 ], [ -75.202302422603907, 39.962269820367297 ], [ -75.202303313311702, 39.962276604890199 ], [ -75.202363701941906, 39.962868738294702 ], [ -75.203980936198704, 39.962736783768698 ], [ -75.204309034399103, 39.962711343176402 ], [ -75.204780269357101, 39.962669545091501 ], [ -75.205581483877694, 39.962600171185301 ], [ -75.206890789567197, 39.962494317948298 ], [ -75.207787547933407, 39.962420589880097 ], [ -75.208841933342796, 39.962331641336696 ], [ -75.208978171497293, 39.962320146272901 ], [ -75.209060856165095, 39.962338089219202 ], [ -75.2098173152757, 39.962463039311899 ], [ -75.210492906116599, 39.962580645171599 ], [ -75.210561907892298, 39.962580589376202 ], [ -75.211931229952796, 39.9626714137787 ], [ -75.211981474296707, 39.962669815031198 ], [ -75.213063576357101, 39.962586166609903 ], [ -75.213404439568706, 39.961163109938603 ], [ -75.213545225125401, 39.960599415022401 ], [ -75.213675282121102, 39.960039359810096 ], [ -75.2140215999802, 39.958652635421203 ], [ -75.217003830577099, 39.959024889138298 ], [ -75.218956675611096, 39.959269265278301 ], [ -75.219178716423002, 39.9592973922487 ], [ -75.219985066459301, 39.959395508293298 ], [ -75.2209227074691, 39.959514434662402 ], [ -75.221088488472901, 39.958741030208998 ], [ -75.221247001328706, 39.957993186211603 ], [ -75.221400553044006, 39.957236357868403 ], [ -75.2214956712712, 39.956839799936802 ], [ -75.221562014410296, 39.956470947794998 ], [ -75.221689182237299, 39.955863424333302 ], [ -75.2218000821033, 39.955328934960797 ], [ -75.221925376300902, 39.954732320768798 ], [ -75.222039459761405, 39.954182587105798 ], [ -75.222059375727795, 39.954112027234899 ], [ -75.222194629233101, 39.953423060034702 ], [ -75.222281831625395, 39.953049063923899 ], [ -75.222437708588501, 39.952289918917202 ], [ -75.222591758657202, 39.951528681937297 ], [ -75.222753606768094, 39.950763729702203 ], [ -75.222916886538897, 39.949984516297299 ], [ -75.2230773985045, 39.949220983112497 ], [ -75.2232307283126, 39.948480718439797 ], [ -75.223331919594997, 39.948021117843602 ], [ -75.223317983644307, 39.9479349988354 ], [ -75.224949539767195, 39.947753617163698 ], [ -75.225239083444805, 39.947752668038198 ], [ -75.225402140180194, 39.9477668084306 ], [ -75.226116707134196, 39.947768698139697 ], [ -75.227422015465294, 39.947779799939902 ], [ -75.227628547868093, 39.947779489772699 ], [ -75.229070613962307, 39.947786935088097 ], [ -75.229451376306699, 39.947788897204099 ], [ -75.229804206635293, 39.947797853302397 ], [ -75.2303048402553, 39.947810559618397 ], [ -75.231273235918096, 39.947918162631801 ], [ -75.233607199577705, 39.947360264129998 ], [ -75.234364652372605, 39.947183271274703 ], [ -75.235050817706494, 39.947001685014001 ], [ -75.235752743747895, 39.9468597136743 ], [ -75.235809998177004, 39.946845074150197 ], [ -75.235873478976799, 39.946815345146099 ], [ -75.236140299987397, 39.946742612656799 ], [ -75.237272985338095, 39.946472208588602 ], [ -75.237983025846205, 39.946341006285799 ], [ -75.238731285128395, 39.946195192433201 ], [ -75.239342213361397, 39.946084577351002 ], [ -75.240054954708199, 39.9459266421688 ], [ -75.240269387656397, 39.9458751841508 ], [ -75.241773660956795, 39.945306861522297 ], [ -75.243420772394401, 39.944699569313698 ], [ -75.244442914200704, 39.944342606652803 ], [ -75.245220116147493, 39.9440666701623 ], [ -75.245856065019595, 39.943823293508402 ], [ -75.246636256948193, 39.943550833120199 ], [ -75.247030992481299, 39.943423290487303 ], [ -75.247044549619702, 39.943488001857702 ], [ -75.247053817130194, 39.943568147319503 ], [ -75.247380669573602, 39.944148996701898 ], [ -75.2474239699159, 39.944300424220899 ], [ -75.247511387152699, 39.944415193305502 ], [ -75.2476354328073, 39.944530762306101 ], [ -75.247758960997004, 39.944660427606401 ], [ -75.247900456641304, 39.9447998892513 ], [ -75.248093670868201, 39.944945181071397 ], [ -75.248169919277402, 39.945031491439401 ], [ -75.248215470780295, 39.945121834512598 ], [ -75.248235218728198, 39.945249234791099 ], [ -75.248322639691494, 39.945364004181201 ], [ -75.248416337167399, 39.945474207204498 ], [ -75.248565498115099, 39.945571511947698 ], [ -75.248707863270795, 39.945687478299902 ], [ -75.248897510088298, 39.945846799506697 ], [ -75.249081053356505, 39.946005987305703 ], [ -75.249246110047906, 39.946169474035699 ], [ -75.249429655037005, 39.946328660375599 ], [ -75.249495252702602, 39.946372414436503 ], [ -75.249555090649395, 39.946406636554499 ], [ -75.249615448477996, 39.946426763150598 ], [ -75.249711744013098, 39.946466483056902 ], [ -75.249812588211498, 39.9465486251895 ], [ -75.249919191389594, 39.9466402981949 ], [ -75.249968143750095, 39.946721308268998 ], [ -75.250037600563999, 39.946826279269303 ], [ -75.250117363981502, 39.946983203448497 ], [ -75.250154913381394, 39.947125099876899 ], [ -75.250205017802003, 39.947257863548799 ], [ -75.250230357235793, 39.947399493856999 ], [ -75.250272283167206, 39.947588511041502 ], [ -75.250309833224904, 39.947730407417403 ], [ -75.250341795070099, 39.947858073383301 ], [ -75.2503674807176, 39.947990305746501 ], [ -75.250418277522101, 39.948104275297403 ], [ -75.250476217379301, 39.9481901841311 ], [ -75.250559095635495, 39.948262528605099 ], [ -75.250725543925896, 39.948388423345499 ], [ -75.251065353598904, 39.948701494893101 ], [ -75.251194826657297, 39.948835987953103 ], [ -75.251319060618201, 39.9489468535782 ], [ -75.251443812140394, 39.949043622619001 ], [ -75.251508204337796, 39.949120266882296 ], [ -75.251559003932599, 39.949234235025202 ], [ -75.251569717509796, 39.949441382694701 ], [ -75.251519552736099, 39.949642501250899 ], [ -75.251414439900401, 39.949842422966498 ], [ -75.251311746610298, 39.949976561903 ], [ -75.2512448190474, 39.950134991189202 ], [ -75.251196897962004, 39.9502750253776 ], [ -75.251154737078593, 39.9504245904699 ], [ -75.2511519148986, 39.9505844170261 ], [ -75.251141922045406, 39.950690007208003 ], [ -75.251175615986597, 39.950770685185397 ], [ -75.251269354685903, 39.950963182099699 ], [ -75.251351200414504, 39.9510637197425 ], [ -75.251427459857496, 39.951150027034203 ], [ -75.251493062325807, 39.951193779022603 ], [ -75.251543921503, 39.951223102156 ], [ -75.251587292461906, 39.951289883044801 ], [ -75.251610965398001, 39.951393855779003 ], [ -75.251611312104401, 39.951509076613497 ], [ -75.251628102746494, 39.951634061020002 ], [ -75.251648031740402, 39.951756762185603 ], [ -75.251650509712704, 39.951855571036901 ], [ -75.251646536029995, 39.951963643920998 ], [ -75.251615691674303, 39.952054672299901 ], [ -75.251579088936694, 39.952136170719299 ], [ -75.251513801245196, 39.952249962080401 ], [ -75.251412543519194, 39.9523864831258 ], [ -75.251284300785699, 39.952550631745602 ], [ -75.2511881402162, 39.952673155921502 ], [ -75.251154415778501, 39.952759419189697 ], [ -75.251153839956004, 39.952858161544903 ], [ -75.251180911511398, 39.9529528029544 ], [ -75.251208241174893, 39.953040396120997 ], [ -75.251184711609099, 39.953098666037697 ], [ -75.251151506543493, 39.953170832908199 ], [ -75.251103209754007, 39.9532379678583 ], [ -75.251050333135396, 39.953305003927397 ], [ -75.250924593739995, 39.953401018840999 ], [ -75.250863561517093, 39.9534496266945 ], [ -75.250792401997998, 39.953506299401802 ], [ -75.250650620684794, 39.953623126122899 ], [ -75.250490261825405, 39.953746602671202 ], [ -75.250354325343807, 39.953870610253503 ], [ -75.250139043210297, 39.954075185212098 ], [ -75.250050366683098, 39.954160250723902 ], [ -75.250006128030805, 39.954241581402201 ], [ -75.249956705510698, 39.954339259302799 ], [ -75.249890781531903, 39.954387199651102 ], [ -75.249839948114897, 39.9544401720146 ], [ -75.249800893946599, 39.954505157205197 ], [ -75.249770652313799, 39.9545797389911 ], [ -75.249749741886305, 39.954649822765198 ], [ -75.249762584820104, 39.9547159389912 ], [ -75.249769754837104, 39.954770174546098 ], [ -75.249752070480397, 39.954835625456703 ], [ -75.249697691926798, 39.954984923855399 ], [ -75.249615289348796, 39.955190041425404 ], [ -75.249597862942196, 39.955248444079302 ], [ -75.249559328012097, 39.955299332798297 ], [ -75.2494959360981, 39.955361435853703 ], [ -75.249424596062497, 39.955390447917999 ], [ -75.249359535377494, 39.955414893638498 ], [ -75.249282781693793, 39.955424977618698 ], [ -75.249236470303799, 39.9554380758332 ], [ -75.249201504725704, 39.955474934524403 ], [ -75.249166107917802, 39.955523539940202 ], [ -75.249145715461793, 39.955579526290798 ], [ -75.249124198771099, 39.955666055162503 ], [ -75.249137357224996, 39.955765096962899 ], [ -75.249176638946906, 39.9558600050458 ], [ -75.249219405214902, 39.955943232936001 ], [ -75.249264273662902, 39.956052370486702 ], [ -75.249276597560396, 39.956132583176903 ], [ -75.249236504204902, 39.956225760996603 ], [ -75.249116343344099, 39.956336003419501 ], [ -75.249047450023298, 39.956381527920598 ], [ -75.248990422622896, 39.956436715610899 ], [ -75.248959660310206, 39.956525394490399 ], [ -75.2489280330974, 39.956637566778298 ], [ -75.248949658283294, 39.956755603177101 ], [ -75.249007888343101, 39.9569167607278 ], [ -75.249067131128697, 39.956967429230097 ], [ -75.2491965040266, 39.957021978024798 ], [ -75.249316718397907, 39.957076327038997 ], [ -75.249403351297701, 39.957129943971097 ], [ -75.249501238330097, 39.957198820242702 ], [ -75.249534393477205, 39.957222149642803 ], [ -75.249640408991198, 39.957330268125503 ], [ -75.249780179529907, 39.957434420761501 ], [ -75.250039098475696, 39.957663435898198 ], [ -75.250180713461901, 39.957800545914203 ], [ -75.250244939662494, 39.957881889376203 ], [ -75.250361958238997, 39.958023165490999 ], [ -75.250465009413304, 39.958128866981397 ], [ -75.250561694876396, 39.9582414844472 ], [ -75.250668144565196, 39.958337855238298 ], [ -75.250737873604706, 39.9584357775787 ], [ -75.250795216538805, 39.958538132326403 ], [ -75.250841615917295, 39.958647302510698 ], [ -75.250878021135406, 39.9587374449858 ], [ -75.250884241832097, 39.958817524499501 ], [ -75.2508945804814, 39.958951773880599 ], [ -75.250885450205402, 39.959033869689101 ], [ -75.250852154320299, 39.9591083861405 ], [ -75.250755350185798, 39.959165059838199 ], [ -75.250608660201493, 39.959248862120504 ], [ -75.250456037076106, 39.959327832689098 ], [ -75.250294254577796, 39.959406602597802 ], [ -75.250083363610798, 39.959491356994199 ], [ -75.249827942920803, 39.9595821944921 ], [ -75.249654378891194, 39.9596489506526 ], [ -75.249555038366694, 39.9596914603801 ], [ -75.249445502151701, 39.959761963245803 ], [ -75.249320094419005, 39.959848579379099 ], [ -75.249216231014103, 39.959930961815701 ], [ -75.249125097607305, 39.959999514832496 ], [ -75.248975436873295, 39.960080898765 ], [ -75.248838853264999, 39.960139055328099 ], [ -75.248692678966407, 39.960208758776297 ], [ -75.248549555472707, 39.960278528560998 ], [ -75.248461648576907, 39.960342448247097 ], [ -75.248386440438694, 39.960434860204899 ], [ -75.248337270648406, 39.960525488290003 ], [ -75.2482845281652, 39.9606301470792 ], [ -75.248201254415605, 39.960734139192603 ], [ -75.248060863155303, 39.960895668194098 ], [ -75.247977329137001, 39.961006709247002 ], [ -75.247925191409095, 39.961094921764598 ], [ -75.247894166020501, 39.961190648550499 ], [ -75.247874542688606, 39.961350108757799 ], [ -75.247874308178993, 39.961439452273403 ], [ -75.2478689184221, 39.961502820398501 ], [ -75.247843134515904, 39.961622173759402 ], [ -75.247825012717797, 39.961699371039501 ], [ -75.247810032066894, 39.961774286135302 ], [ -75.247776818008404, 39.961846451988698 ], [ -75.247743776932197, 39.961913919331401 ], [ -75.247710562735193, 39.9619860851653 ], [ -75.247704568240493, 39.962065898510502 ], [ -75.247729506156205, 39.962176953518401 ], [ -75.2477640670688, 39.962234138170899 ], [ -75.247779530393998, 39.962312067903802 ], [ -75.247755673465605, 39.962462030318001 ], [ -75.247693928980198, 39.962811027078402 ], [ -75.247690074028696, 39.962826646385899 ], [ -75.247219443959096, 39.962767265423899 ], [ -75.247197003217295, 39.962758227297101 ], [ -75.246755825589602, 39.962714438842703 ], [ -75.246686249613603, 39.963047512270101 ], [ -75.246427603984102, 39.964285671920202 ], [ -75.246865222814193, 39.964337688218201 ], [ -75.247005538051297, 39.964324080939598 ], [ -75.247112626880906, 39.964303687719401 ], [ -75.247211231675493, 39.964299777682697 ], [ -75.247311133841507, 39.964314079673798 ], [ -75.247402330262105, 39.964350919205103 ], [ -75.247449171685204, 39.964399989862599 ], [ -75.247465213598403, 39.964461390044399 ], [ -75.247467085781594, 39.9645174959822 ], [ -75.247170957408201, 39.965936764177698 ], [ -75.248159590687905, 39.966060414585002 ], [ -75.2487551331904, 39.966135129910697 ], [ -75.249294312801794, 39.966202040100697 ], [ -75.250135010437106, 39.966308148526998 ], [ -75.250220268767507, 39.966301065497298 ], [ -75.250400332278602, 39.966316235354697 ], [ -75.250604272260901, 39.966335137964599 ], [ -75.250937230346096, 39.966375596320098 ], [ -75.251122181045901, 39.966407146072001 ], [ -75.250988338432506, 39.9671243658089 ], [ -75.250921510436299, 39.967436755052503 ], [ -75.250830398839497, 39.967803779407099 ], [ -75.250803233834802, 39.967946522718599 ], [ -75.252012531599703, 39.968083752347397 ], [ -75.253746307936296, 39.9682824591752 ], [ -75.253444140517601, 39.969831779129699 ], [ -75.255106502277101, 39.970043099325302 ], [ -75.254772990100406, 39.971947035019497 ], [ -75.254903791996398, 39.972700028461503 ], [ -75.255010326013902, 39.9732824305229 ], [ -75.255198715072098, 39.9742697731416 ], [ -75.255328043266303, 39.974955301987102 ], [ -75.255434312230193, 39.975532137695801 ], [ -75.255493766649593, 39.975863207391299 ], [ -75.2556647708209, 39.976764881551397 ], [ -75.255927022564606, 39.978129732105401 ], [ -75.255459915069494, 39.9783066618348 ], [ -75.255076505020597, 39.978457893133303 ], [ -75.255026118128598, 39.978477767324001 ], [ -75.254821165183699, 39.9785580755034 ], [ -75.254473581626002, 39.978712488532999 ], [ -75.254255398952196, 39.978844560900001 ], [ -75.253932155768396, 39.979076271379299 ], [ -75.253718807121302, 39.9792870060814 ], [ -75.253499067613205, 39.979542721141797 ], [ -75.253293316704898, 39.979886291997502 ], [ -75.253107396104198, 39.980189764756503 ], [ -75.252860470722595, 39.980499529542399 ], [ -75.252546452609195, 39.980779158028703 ], [ -75.252212337261696, 39.981021599638602 ], [ -75.251777092956402, 39.981253732789298 ], [ -75.251444550907806, 39.981417609555798 ], [ -75.251066457945797, 39.981610194711699 ], [ -75.249750715544295, 39.982272212160296 ], [ -75.248348647001094, 39.982977635245703 ], [ -75.248670875362507, 39.984689423114901 ], [ -75.248994317441102, 39.985118630005601 ], [ -75.248192103656294, 39.985478579316798 ], [ -75.247833985792695, 39.985531392112499 ], [ -75.247524119659801, 39.9856743431693 ], [ -75.247376364194395, 39.9857391462903 ], [ -75.246700162989796, 39.986063834722103 ], [ -75.246442345053893, 39.986183276943997 ], [ -75.245481300487697, 39.986628500796101 ], [ -75.245179831627397, 39.986103597699099 ], [ -75.245105588750704, 39.985999776109203 ], [ -75.2449906777438, 39.985899961050997 ], [ -75.244820156172594, 39.985804262328699 ], [ -75.244672837086995, 39.985728817759799 ], [ -75.244492935472493, 39.985676237073903 ], [ -75.244241262399697, 39.985640333373503 ], [ -75.243887077692804, 39.985593519632303 ], [ -75.243420149039395, 39.9855547517476 ], [ -75.242884276224103, 39.985498016617001 ], [ -75.241262958786606, 39.985324573841801 ], [ -75.240155677492098, 39.985222942804597 ], [ -75.239658847298102, 39.9851681914433 ], [ -75.239630597098397, 39.985165694969503 ], [ -75.238232811731507, 39.9850421540702 ], [ -75.237775984323306, 39.9849871139714 ], [ -75.237393170253995, 39.9848631814898 ], [ -75.237243381302207, 39.984849379467299 ], [ -75.238050445137503, 39.983551753717201 ], [ -75.238615190643102, 39.982611218345198 ], [ -75.238747316881401, 39.982391170327098 ], [ -75.239045405420796, 39.9819600132247 ], [ -75.236165582671902, 39.980979350470399 ], [ -75.235690938582295, 39.980812750061197 ], [ -75.234072180528401, 39.980335297426002 ], [ -75.233962784005797, 39.980383262035801 ], [ -75.232841323096295, 39.979972845829103 ], [ -75.232424253471393, 39.979806571754096 ], [ -75.232100443143196, 39.979703238766803 ], [ -75.230799272951003, 39.9791012852466 ], [ -75.230172897731606, 39.9788037693394 ] ] ] } },
{ "type": "Feature", "properties": { "objectid": 15, "dist_name": "Upper Far Northeast", "abbrev": "UFNE", "Shape__Area": 46331614.40625, "Shape__Length": 37906.733633821299 }, "geometry": { "type": "Polygon", "coordinates": [ [ [ -74.998536419910096, 40.128206043304402 ], [ -74.997886789180498, 40.1278260453619 ], [ -74.997803632662198, 40.1279118538015 ], [ -74.997573931100504, 40.128127703916903 ], [ -74.997451384479106, 40.128259287576903 ], [ -74.994197017449096, 40.131518252656903 ], [ -74.993848535484005, 40.131862760498102 ], [ -74.993674905361203, 40.1317424726628 ], [ -74.993509580721593, 40.131623870353401 ], [ -74.993432790041993, 40.131559630549098 ], [ -74.993357062243902, 40.131469295304299 ], [ -74.993212512613098, 40.131327971021598 ], [ -74.9931026685598, 40.1311932839807 ], [ -74.992998491663698, 40.1310587326711 ], [ -74.992923294673801, 40.130955349851902 ], [ -74.992842609042299, 40.130824263825701 ], [ -74.992781992469901, 40.1307342904122 ], [ -74.992752832808506, 40.130614597199298 ], [ -74.992745629741407, 40.130512844265397 ], [ -74.992773485458798, 40.130432248039 ], [ -74.992815329106406, 40.1303099030686 ], [ -74.992865671979004, 40.130234198931603 ], [ -74.992942458149997, 40.130205565769998 ], [ -74.993048695336299, 40.130196503150501 ], [ -74.993105529015907, 40.130100639179098 ], [ -74.993114262601395, 40.130025388248903 ], [ -74.993102277107198, 40.129901753769502 ], [ -74.993135562469604, 40.129803873709101 ], [ -74.993187971619605, 40.129770302141097 ], [ -74.993279865355404, 40.129742030894803 ], [ -74.993390705921101, 40.129712762089099 ], [ -74.993482776427101, 40.129680140993798 ], [ -74.993526096320196, 40.1296376453788 ], [ -74.993504313561104, 40.129522483096501 ], [ -74.993451133996302, 40.129435590582403 ], [ -74.993418840328602, 40.1291837673961 ], [ -74.993423969902494, 40.129011203755802 ], [ -74.993508006064502, 40.1287810342547 ], [ -74.993661929430701, 40.128761505658197 ], [ -74.993693442734696, 40.128683898317 ], [ -74.993784802884605, 40.1286222377109 ], [ -74.993813717930706, 40.128515545794201 ], [ -74.993796718359306, 40.128468701311697 ], [ -74.993661856698196, 40.128391460602998 ], [ -74.993688762938106, 40.128217968152398 ], [ -74.993669991077098, 40.128121742662302 ], [ -74.993753790037601, 40.127920590510001 ], [ -74.993895547343996, 40.127758556494399 ], [ -74.994006322855697, 40.127684301038997 ], [ -74.994101753407193, 40.127615481511597 ], [ -74.9942384358053, 40.127508469534398 ], [ -74.994409106291101, 40.127286179961899 ], [ -74.994474490481593, 40.127119413036702 ], [ -74.994528190217807, 40.126961073983999 ], [ -74.994545822310101, 40.1266901319879 ], [ -74.994482429227304, 40.126528986550397 ], [ -74.994428127898203, 40.126423202949397 ], [ -74.994351986645199, 40.126226925058504 ], [ -74.994337516696206, 40.126211895551499 ], [ -74.994277621023897, 40.126149682889597 ], [ -74.994154979446705, 40.126097405616797 ], [ -74.993926049741503, 40.126055641068 ], [ -74.993482827355805, 40.1260072883398 ], [ -74.993148846175401, 40.125945590319198 ], [ -74.992877897264293, 40.12591442566 ], [ -74.992637638021705, 40.125918823114098 ], [ -74.992365451927895, 40.125941320047701 ], [ -74.992045696897193, 40.125994600215598 ], [ -74.991703868321096, 40.1260792765231 ], [ -74.991455523828407, 40.1261429747356 ], [ -74.991068015370203, 40.126212040984001 ], [ -74.990783727206093, 40.126276327104101 ], [ -74.990621901302902, 40.126304369995601 ], [ -74.990397050765395, 40.126258969468601 ], [ -74.990295652692794, 40.126238495263003 ], [ -74.990082953287995, 40.1262391957113 ], [ -74.989742539753607, 40.126242635201201 ], [ -74.9895610617302, 40.126242633317801 ], [ -74.989339570582203, 40.126203939553903 ], [ -74.989157560712997, 40.126170547997297 ], [ -74.989060478131194, 40.126117427160302 ], [ -74.989043602576203, 40.126021246253401 ], [ -74.9890139199874, 40.125914599294298 ], [ -74.988978690483194, 40.125804917732303 ], [ -74.988992975062502, 40.125732702585303 ], [ -74.989068461235405, 40.125643092979999 ], [ -74.989074010055404, 40.125576472750701 ], [ -74.989015232062499, 40.125487992835801 ], [ -74.988940224773202, 40.1254266948729 ], [ -74.9887991778686, 40.125315923396499 ], [ -74.988714729794296, 40.125161525140001 ], [ -74.988696260101406, 40.125104486805498 ], [ -74.988522313235606, 40.124743092647499 ], [ -74.988501934883303, 40.124700754339997 ], [ -74.988484411892699, 40.124574083811801 ], [ -74.988391532743805, 40.124278720529702 ], [ -74.988363385417003, 40.124180817186797 ], [ -74.988274926190996, 40.1240785640572 ], [ -74.988209066553495, 40.124024740596603 ], [ -74.988059228826899, 40.123967449548601 ], [ -74.987840694559196, 40.123949140884399 ], [ -74.987708266641206, 40.123905327536903 ], [ -74.987544385551999, 40.123798359851698 ], [ -74.987439639265702, 40.1237147470639 ], [ -74.987386940520295, 40.123672680962699 ], [ -74.987316420543294, 40.123594075691301 ], [ -74.987196565741201, 40.123520089803101 ], [ -74.987046728281399, 40.123486016001799 ], [ -74.986845909838905, 40.123334624926599 ], [ -74.986671177113607, 40.1231693486598 ], [ -74.986548727903696, 40.123066276451802 ], [ -74.986492782754098, 40.123047518113999 ], [ -74.986426272572004, 40.123056078414201 ], [ -74.986245032891802, 40.123143144829399 ], [ -74.986038117240398, 40.123257166423798 ], [ -74.985921320545103, 40.123339977428401 ], [ -74.985676042697406, 40.123490806599001 ], [ -74.985529320442893, 40.1236120788584 ], [ -74.9851344888596, 40.123837673701203 ], [ -74.985000163002098, 40.1239099037806 ], [ -74.984866608250897, 40.123940068941998 ], [ -74.984700124970701, 40.123943322108801 ], [ -74.984554183195101, 40.123906435499599 ], [ -74.984456340963305, 40.123848939293801 ], [ -74.984387890753894, 40.123766028882102 ], [ -74.984359632271705, 40.123671024067399 ], [ -74.984307646980795, 40.123601569591003 ], [ -74.984214465697903, 40.123568854600997 ], [ -74.984080264678596, 40.123568529294701 ], [ -74.983976748661206, 40.123603768928099 ], [ -74.983678483898402, 40.123616910916702 ], [ -74.983545225011397, 40.123639826288297 ], [ -74.983439825363604, 40.1236285837605 ], [ -74.983138690100503, 40.123457358691603 ], [ -74.982907365587707, 40.123335700578401 ], [ -74.982820797327904, 40.123279924910101 ], [ -74.982683071482995, 40.123157616159801 ], [ -74.982612683473604, 40.123029672312498 ], [ -74.982586730049604, 40.122924564752402 ], [ -74.982586215462206, 40.1227983014305 ], [ -74.982603513568804, 40.122745025032401 ], [ -74.9827392718623, 40.122545130559701 ], [ -74.982757990453194, 40.122457060355202 ], [ -74.982724128004506, 40.122360469496698 ], [ -74.982635210168397, 40.122223372748898 ], [ -74.982507125589393, 40.121957631694698 ], [ -74.982448648768298, 40.1219083363872 ], [ -74.982327493184798, 40.1219126759555 ], [ -74.982259627415004, 40.121908140266697 ], [ -74.982192123587794, 40.121848469853397 ], [ -74.9821949654403, 40.121778883199298 ], [ -74.9822531636528, 40.121696116311497 ], [ -74.982380005505206, 40.121529384031199 ], [ -74.982389874665003, 40.121426590141603 ], [ -74.982413672687898, 40.121306716583902 ], [ -74.982456229967696, 40.121236634121601 ], [ -74.982601762191806, 40.121190797723202 ], [ -74.982771310482406, 40.121158599099402 ], [ -74.982932423300198, 40.121101526991403 ], [ -74.9830039579318, 40.121016179228803 ], [ -74.983069239623802, 40.120898755335503 ], [ -74.983082529404399, 40.120804749804002 ], [ -74.983079419591107, 40.1206494016362 ], [ -74.983035005723906, 40.120464037227698 ], [ -74.982984561961104, 40.120356888834998 ], [ -74.982923020805202, 40.120290106017798 ], [ -74.982789365315696, 40.1202302948384 ], [ -74.982715900954204, 40.1201777366405 ], [ -74.982674895256906, 40.120117252514497 ], [ -74.982619785531895, 40.120054978239899 ], [ -74.982516285933201, 40.119997343146999 ], [ -74.982372657206895, 40.1199503514827 ], [ -74.982165823018804, 40.119923606279599 ], [ -74.981982708593705, 40.119917747983301 ], [ -74.981834883350402, 40.119927249647397 ], [ -74.981698972335494, 40.119968963594097 ], [ -74.981588728853097, 40.120030160925602 ], [ -74.981508877255195, 40.1200877349929 ], [ -74.981359803062603, 40.120150899592701 ], [ -74.981205482277602, 40.120180560403398 ], [ -74.981053937588996, 40.120188520809002 ], [ -74.980871119899902, 40.120175411619996 ], [ -74.980726779933093, 40.120145814755602 ], [ -74.980413612195306, 40.120084579984301 ], [ -74.980292707526701, 40.120013464502598 ], [ -74.980105979561102, 40.119858284319399 ], [ -74.9799670238761, 40.119742804897598 ], [ -74.979763502129401, 40.119572625911402 ], [ -74.979713234731094, 40.119507563584598 ], [ -74.979601126724802, 40.119429402961998 ], [ -74.979470541470704, 40.119387075787202 ], [ -74.979284837295907, 40.119352127411403 ], [ -74.979133649849501, 40.119351386850902 ], [ -74.979009603228405, 40.119380322557298 ], [ -74.978892397507707, 40.1194268378974 ], [ -74.978800799099801, 40.119494285675302 ], [ -74.9786891995074, 40.119542386633803 ], [ -74.978604870425997, 40.119547610588299 ], [ -74.978479831552605, 40.119508318285497 ], [ -74.978368249204706, 40.119463545508097 ], [ -74.978244320628704, 40.119489580911001 ], [ -74.977976975614297, 40.119602131514696 ], [ -74.977738261166294, 40.119661678969898 ], [ -74.977647728681504, 40.119703031433097 ], [ -74.977588350426302, 40.119768352726801 ], [ -74.977549623925896, 40.119837075135202 ], [ -74.977521083479701, 40.120026487832597 ], [ -74.977384166381896, 40.120069624112404 ], [ -74.977248084513903, 40.120069245319101 ], [ -74.977224391987406, 40.120061098771103 ], [ -74.977143698582694, 40.120033351889496 ], [ -74.977042448501294, 40.119967059890797 ], [ -74.976930627944299, 40.119928083745002 ], [ -74.976796198060498, 40.119933548922297 ], [ -74.976613074727695, 40.1199741183529 ], [ -74.976400201992604, 40.120048798015503 ], [ -74.976138048254995, 40.120149860326002 ], [ -74.976067395910704, 40.120213458208397 ], [ -74.976030378609394, 40.120286574432598 ], [ -74.976067947936798, 40.120384708568601 ], [ -74.976031464590406, 40.120444776702897 ], [ -74.975932319320506, 40.1204656037349 ], [ -74.975816070173195, 40.1204424829901 ], [ -74.975732754178907, 40.1203998402775 ], [ -74.975733891623406, 40.120325859441103 ], [ -74.975725231636801, 40.120260348353902 ], [ -74.975672961105005, 40.120198138196102 ], [ -74.975567864826601, 40.120179640215497 ], [ -74.975391355474798, 40.120197148596802 ], [ -74.975227708105905, 40.120223674080897 ], [ -74.975102189298397, 40.120219194579697 ], [ -74.974973672409803, 40.120172558223103 ], [ -74.974807220281306, 40.120082923654302 ], [ -74.974689391873397, 40.120006070801601 ], [ -74.974613582050694, 40.119918622589303 ], [ -74.974537648872001, 40.119857292402202 ], [ -74.974428253222698, 40.119805312232501 ], [ -74.974288870080599, 40.119793241784599 ], [ -74.974077076446903, 40.119795384739099 ], [ -74.973609401246506, 40.119814568362202 ], [ -74.973367868470703, 40.119804383530898 ], [ -74.973112410186104, 40.119788057234302 ], [ -74.972992789186506, 40.119801130976199 ], [ -74.9728692143145, 40.1198184630707 ], [ -74.972772610269899, 40.1198233854237 ], [ -74.9726735363774, 40.119796323187103 ], [ -74.972572349276902, 40.119728577038302 ], [ -74.972548525987605, 40.119664150115597 ], [ -74.972507424179099, 40.119560125588102 ], [ -74.972430132368999, 40.119508918883199 ], [ -74.972240610027399, 40.119428880977999 ], [ -74.972057471372693, 40.119308364169498 ], [ -74.971934694815801, 40.1192139747927 ], [ -74.971860124693606, 40.119142517938101 ], [ -74.971786505547101, 40.119047865264598 ], [ -74.971711486993101, 40.1188951318709 ], [ -74.971604466400606, 40.118808379090503 ], [ -74.9714959661558, 40.118734650544702 ], [ -74.971297910458603, 40.118586200196603 ], [ -74.9712084857549, 40.118462141748601 ], [ -74.971142956602094, 40.1183546231183 ], [ -74.971021466056101, 40.118113696759004 ], [ -74.970915597470594, 40.1179297439541 ], [ -74.970844128240898, 40.117759681620903 ], [ -74.970752104356905, 40.117652974010298 ], [ -74.970615296113493, 40.117532123760903 ], [ -74.970452826015105, 40.117391787347898 ], [ -74.970348320167204, 40.1171977082304 ], [ -74.970269457123706, 40.117092769051901 ], [ -74.970180141401201, 40.117012247505102 ], [ -74.970083614455802, 40.116969281131801 ], [ -74.969987787266405, 40.1169553550424 ], [ -74.969917504371196, 40.116963814496998 ], [ -74.969867339319507, 40.116988721854199 ], [ -74.969814987989196, 40.117020832644499 ], [ -74.969739217889298, 40.117024806256197 ], [ -74.969647286241198, 40.117008071726197 ], [ -74.969593596484998, 40.116980652425497 ], [ -74.969480671730594, 40.1169227773118 ], [ -74.969326560217496, 40.116855199970701 ], [ -74.969204007551994, 40.116824664486799 ], [ -74.969087691770298, 40.116849423377197 ], [ -74.968918147759396, 40.116881601842501 ], [ -74.968686928670195, 40.116942762488897 ], [ -74.968441242194302, 40.117034047808701 ], [ -74.9683213126184, 40.1171008020995 ], [ -74.968218019948594, 40.117176666687698 ], [ -74.9681263019678, 40.117223786838302 ], [ -74.968036227658402, 40.117299971055502 ], [ -74.967891911743607, 40.117408218515799 ], [ -74.967733721916602, 40.117532093477003 ], [ -74.9675652740315, 40.117629598891497 ], [ -74.967517573698998, 40.117686491617803 ], [ -74.967485193941599, 40.117807605794702 ], [ -74.967463156281099, 40.117883984287197 ], [ -74.967355149412398, 40.117936514392802 ], [ -74.967123942332407, 40.117951235640803 ], [ -74.966951374693394, 40.118010909974601 ], [ -74.966722752090405, 40.118054716456797 ], [ -74.966534320620099, 40.118086434345798 ], [ -74.966385483822293, 40.118120562040403 ], [ -74.966080886035002, 40.118242341330699 ], [ -74.965921236742901, 40.118309583231301 ], [ -74.965774407179893, 40.118340856402497 ], [ -74.965593688419801, 40.118414843137899 ], [ -74.9654319122358, 40.1184878375783 ], [ -74.965334220295205, 40.118565286046703 ], [ -74.9652619099693, 40.1186230326554 ], [ -74.965149357153706, 40.118671097594202 ], [ -74.964994632971496, 40.118664448058098 ], [ -74.964837085315907, 40.118634511126899 ], [ -74.964734656691803, 40.118597202002199 ], [ -74.964628988854997, 40.118546754196302 ], [ -74.964535484186896, 40.118476284468599 ], [ -74.964489366348104, 40.118402609476703 ], [ -74.9645090796067, 40.1182449102552 ], [ -74.964489237579599, 40.1181297872158 ], [ -74.964418481480195, 40.117988762189597 ], [ -74.964334276828694, 40.1178299963128 ], [ -74.9642820743763, 40.117628471282799 ], [ -74.964207220839199, 40.117403178657803 ], [ -74.964147162931596, 40.1173331097662 ], [ -74.964239077135502, 40.117285458631201 ], [ -74.964287841954899, 40.117276858879201 ], [ -74.964340661432502, 40.117272922159799 ], [ -74.964434762024993, 40.1172771579676 ], [ -74.964610388631399, 40.117302278413597 ], [ -74.964882726530107, 40.117371472345702 ], [ -74.9650897920109, 40.117416914866098 ], [ -74.965169013739299, 40.117431874694603 ], [ -74.9657606830351, 40.117480761943497 ], [ -74.965909105508999, 40.117506525536498 ], [ -74.965998402533202, 40.117524336424403 ], [ -74.966084611620502, 40.117575980677003 ], [ -74.966305258815794, 40.117683695694502 ], [ -74.966424191539105, 40.117724393606103 ], [ -74.966576849765104, 40.117771124945101 ], [ -74.966634332519902, 40.117777732639603 ], [ -74.966688850042502, 40.117773835937598 ], [ -74.966786486726306, 40.117754029227399 ], [ -74.966888105047701, 40.117719973761098 ], [ -74.967156645575201, 40.1175921485709 ], [ -74.967408909622193, 40.117446975271697 ], [ -74.967509579344593, 40.1173946388326 ], [ -74.967651632364394, 40.117285921690197 ], [ -74.967862227223605, 40.117047927339101 ], [ -74.967895666747694, 40.117010137251299 ], [ -74.967945928266204, 40.116965056305801 ], [ -74.968187059505695, 40.116801355459401 ], [ -74.968549196903496, 40.116591517946802 ], [ -74.968768219374297, 40.116464605273997 ], [ -74.968971411814096, 40.116356061514601 ], [ -74.969137792369096, 40.116275318124998 ], [ -74.969420679160095, 40.116108059803501 ], [ -74.969494675265196, 40.116043339359301 ], [ -74.969577076325606, 40.115910339001303 ], [ -74.9700688452957, 40.113198130499399 ], [ -74.9702414255581, 40.1130964550781 ], [ -74.977799315297901, 40.107104607621402 ], [ -74.978963451723203, 40.106178296746698 ], [ -74.979527275615396, 40.105762392807399 ], [ -74.979874010783206, 40.105542967816298 ], [ -74.979810238016398, 40.1054366073908 ], [ -74.980631119666398, 40.104790018468897 ], [ -74.9817092103508, 40.104104621070299 ], [ -74.982664321667798, 40.103551265182602 ], [ -74.983017458306307, 40.103363262196801 ], [ -74.981999342599593, 40.102463264069399 ], [ -74.983938614364106, 40.101146960854003 ], [ -74.985580662720594, 40.100038720912899 ], [ -74.986366474701398, 40.099507284187602 ], [ -74.986553136922097, 40.099375530317097 ], [ -74.987593542536501, 40.100256666006899 ], [ -74.988506728284406, 40.101030031118903 ], [ -74.989140270585807, 40.101596952206101 ], [ -74.992061470737198, 40.104071502490598 ], [ -74.993798193286096, 40.105542560211397 ], [ -74.994046958617901, 40.105854847068997 ], [ -74.994343463560796, 40.106155678914703 ], [ -74.994765041783197, 40.106175262695203 ], [ -74.996397553372105, 40.107529902012097 ], [ -74.996691169856703, 40.107783939024102 ], [ -74.9968314502174, 40.107905308490899 ], [ -74.998900739061398, 40.1064796239434 ], [ -75.0014996321609, 40.104687233364302 ], [ -75.002091936680699, 40.104277855648597 ], [ -75.002259503581698, 40.104162037650902 ], [ -75.003086192762893, 40.103590644166303 ], [ -75.004908726066006, 40.1023303742883 ], [ -75.006092426014007, 40.101522408836999 ], [ -75.008358443830105, 40.099968303410598 ], [ -75.009547850489795, 40.099135982005798 ], [ -75.010241387879901, 40.098635587533998 ], [ -75.0119477650926, 40.097507787856301 ], [ -75.012201873867099, 40.097314061126497 ], [ -75.013065492349995, 40.096655647696302 ], [ -75.013432756030596, 40.096360054649899 ], [ -75.013736621987306, 40.096096729383703 ], [ -75.015031905780702, 40.094821126228197 ], [ -75.015226691324699, 40.094635158142303 ], [ -75.016721339476106, 40.093066655813203 ], [ -75.018600883307698, 40.091117892774101 ], [ -75.020599025742101, 40.089053460383496 ], [ -75.020774946217202, 40.088877787909198 ], [ -75.021617563058797, 40.088003428486203 ], [ -75.022312755592395, 40.087282025796902 ], [ -75.024164634627994, 40.085360232285097 ], [ -75.024775249019996, 40.084727266786302 ], [ -75.024898637260705, 40.084610550407398 ], [ -75.026776747600707, 40.0826686931808 ], [ -75.026986154675399, 40.082424662096898 ], [ -75.028607656406294, 40.080779189944501 ], [ -75.029362738670997, 40.079973636197799 ], [ -75.030246727320502, 40.0790672038314 ], [ -75.031181511369695, 40.078098022788502 ], [ -75.032653300725698, 40.076572006377901 ], [ -75.033458068200801, 40.075741646889497 ], [ -75.033946425144293, 40.075233949785797 ], [ -75.034842043004701, 40.074316118901699 ], [ -75.035991140764594, 40.073134057492702 ], [ -75.036882318577597, 40.072217279310799 ], [ -75.037977639798697, 40.0710867954311 ], [ -75.038952804955997, 40.0700648018612 ], [ -75.039374480230705, 40.069563434077203 ], [ -75.039529235656104, 40.069366659392003 ], [ -75.039902290422702, 40.0687245901333 ], [ -75.039984484700796, 40.068548290099599 ], [ -75.040045281580802, 40.0684178858683 ], [ -75.040347696120506, 40.068589323982799 ], [ -75.041229179559494, 40.069125966809104 ], [ -75.041366980404504, 40.069252126406397 ], [ -75.041536230984704, 40.069449262128103 ], [ -75.0416596401449, 40.069649707054801 ], [ -75.041721134814495, 40.069826743945598 ], [ -75.041780003135798, 40.070069564893799 ], [ -75.041802416146595, 40.070223731976299 ], [ -75.041801470640607, 40.070390517386301 ], [ -75.041771632895305, 40.070565401696797 ], [ -75.0416285227695, 40.070556903639797 ], [ -75.041616492493503, 40.070640802453802 ], [ -75.041538030871195, 40.070821416592402 ], [ -75.041419537657205, 40.071013250385597 ], [ -75.041269649634103, 40.071198261951402 ], [ -75.041064638888699, 40.071375892720098 ], [ -75.040525151978201, 40.071801084865903 ], [ -75.040099787674805, 40.072143816684502 ], [ -75.039750681843202, 40.072420333429001 ], [ -75.041871318592598, 40.075438212935602 ], [ -75.042217904947606, 40.075928265383297 ], [ -75.043121745129696, 40.077175722481698 ], [ -75.043893979738201, 40.077550937683903 ], [ -75.043838561742703, 40.077622158139903 ], [ -75.044663931264793, 40.079105096373802 ], [ -75.045669905851497, 40.080740777430897 ], [ -75.046553323483096, 40.082177112989697 ], [ -75.046726180173806, 40.082334048712497 ], [ -75.046890921321506, 40.082444932682002 ], [ -75.047037303061003, 40.082517166712101 ], [ -75.047531759109503, 40.082756522114799 ], [ -75.050845134296196, 40.0802381711284 ], [ -75.051570868289204, 40.0806295705924 ], [ -75.052329285455002, 40.079868598481099 ], [ -75.052636752341698, 40.079536614712303 ], [ -75.054030283845904, 40.080336769731304 ], [ -75.055022511391599, 40.080904071878798 ], [ -75.055381421125503, 40.081915838444601 ], [ -75.057033991566996, 40.086768849828097 ], [ -75.057025378955203, 40.086776877273699 ], [ -75.056799219351305, 40.086989039814 ], [ -75.056664597170794, 40.087153706603402 ], [ -75.056559393350099, 40.087336423936399 ], [ -75.056467866810607, 40.0875541834289 ], [ -75.056406678713401, 40.087766866422299 ], [ -75.056376287518404, 40.087962909791599 ], [ -75.0563703161788, 40.088113230687902 ], [ -75.056503383541795, 40.089020315011602 ], [ -75.0565229545129, 40.089121893270899 ], [ -75.056723214658007, 40.089371725568903 ], [ -75.057069800096301, 40.089706294066097 ], [ -75.057872964222, 40.090068266568601 ], [ -75.058345595352804, 40.090162173346798 ], [ -75.058820418795605, 40.090200903645197 ], [ -75.059205719500596, 40.090230633457097 ], [ -75.060952898560402, 40.090362082236197 ], [ -75.061360786255705, 40.090389096635697 ], [ -75.063218979507198, 40.090537087957003 ], [ -75.063627027851396, 40.090563434859597 ], [ -75.063690540982293, 40.090574053942902 ], [ -75.063918803566196, 40.090612218575203 ], [ -75.064098127717102, 40.090686400891897 ], [ -75.064358408431204, 40.090817760527798 ], [ -75.0646556333066, 40.090991063802001 ], [ -75.064860000434095, 40.0911999841449 ], [ -75.065269431871499, 40.091600340809698 ], [ -75.066137366390294, 40.092430212998799 ], [ -75.066017210741805, 40.092612265947501 ], [ -75.066358012243398, 40.092934156217297 ], [ -75.066800087540301, 40.093259710481597 ], [ -75.067160938301598, 40.093538775700097 ], [ -75.068081274426703, 40.0942505050009 ], [ -75.068238915353803, 40.094390911052798 ], [ -75.068430543227095, 40.094547301237697 ], [ -75.068498363383, 40.094583066036499 ], [ -75.069457861087997, 40.094420266916501 ], [ -75.067888654159503, 40.0960446786804 ], [ -75.0671763431139, 40.096782016861198 ], [ -75.065672023088894, 40.098339122281899 ], [ -75.063746777644496, 40.1003307267287 ], [ -75.061418763823099, 40.102737980875901 ], [ -75.0603173830646, 40.103876774282703 ], [ -75.059229762899093, 40.105001293000299 ], [ -75.058425917687302, 40.105831981587201 ], [ -75.058293026543595, 40.105924904442404 ], [ -75.055341375559294, 40.107990524699098 ], [ -75.054274698116004, 40.108736954993503 ], [ -75.051312761834396, 40.110805327538202 ], [ -75.049245960195094, 40.1122484917815 ], [ -75.048544067010397, 40.112738572664597 ], [ -75.047941634151499, 40.113158950020001 ], [ -75.043834206822496, 40.116024887909496 ], [ -75.040874574232305, 40.118089716881599 ], [ -75.039045324845702, 40.119365816161299 ], [ -75.038339429299796, 40.119879229447697 ], [ -75.037910446728503, 40.120176647841703 ], [ -75.034614057063493, 40.122461934953698 ], [ -75.031655425261107, 40.1245128513672 ], [ -75.025788718851203, 40.128579047408003 ], [ -75.025357117692295, 40.128898490092404 ], [ -75.024894623874999, 40.129225841255902 ], [ -75.020574017757497, 40.132283705815397 ], [ -75.019634293840596, 40.133206335590799 ], [ -75.017952532995807, 40.134857424191402 ], [ -75.017741127152107, 40.135075378060897 ], [ -75.017115312640996, 40.135720569897899 ], [ -75.014967425035707, 40.137934840177302 ], [ -75.014562405771997, 40.137688766252197 ], [ -75.013870162253994, 40.137267470810002 ], [ -75.012235676857003, 40.136266395091603 ], [ -75.011461067716596, 40.135791950301197 ], [ -75.010623932749098, 40.135279195588303 ], [ -75.010429489751203, 40.135160095343103 ], [ -75.009464935861203, 40.1345792415202 ], [ -75.0090955516321, 40.134364291693998 ], [ -75.008337700622405, 40.133923281158097 ], [ -75.006903519034594, 40.133088668537802 ], [ -75.005960345513202, 40.132540019046601 ], [ -75.003271746475207, 40.130975952444402 ], [ -75.000953453035706, 40.129619386676403 ], [ -74.999741846988101, 40.128915141910703 ], [ -74.998536419910096, 40.128206043304402 ] ] ] } },
{ "type": "Feature", "properties": { "objectid": 16, "dist_name": "Lower Southwest", "abbrev": "LSW", "Shape__Area": 44293541.4140625, "Shape__Length": 34459.740892588525 }, "geometry": { "type": "Polygon", "coordinates": [ [ [ -75.1941663444575, 39.877697914043502 ], [ -75.195429002383094, 39.877107577397503 ], [ -75.197009026898598, 39.876267870142797 ], [ -75.198186922404204, 39.8756896164601 ], [ -75.199430260129603, 39.875017362388697 ], [ -75.200650562348201, 39.874408214635501 ], [ -75.2021043070216, 39.873629260242097 ], [ -75.202990342355605, 39.873124007843501 ], [ -75.205097772056007, 39.871977762709498 ], [ -75.205793952592202, 39.8715796268989 ], [ -75.206658712352393, 39.871089782155899 ], [ -75.20731421216, 39.870674825467198 ], [ -75.207947887913406, 39.870291196370196 ], [ -75.211976618419797, 39.8674718625496 ], [ -75.216039928564399, 39.871124361124302 ], [ -75.216024536176803, 39.871367133514497 ], [ -75.215802977922095, 39.874861417297801 ], [ -75.215790291972297, 39.875061473588197 ], [ -75.215729052104393, 39.876027240145199 ], [ -75.215724691637305, 39.876096445165402 ], [ -75.215724060682007, 39.876113380857703 ], [ -75.215902161413197, 39.876068829574102 ], [ -75.216049605013794, 39.876033941778097 ], [ -75.216205914094502, 39.876000236429697 ], [ -75.216350624508905, 39.875966917728 ], [ -75.216373098463194, 39.875961664457101 ], [ -75.216572538734397, 39.8759158261308 ], [ -75.216702486365193, 39.875885958498102 ], [ -75.216847673644395, 39.8758524758289 ], [ -75.217015658197099, 39.875816324496597 ], [ -75.217518386856597, 39.875754753507699 ], [ -75.217703280404393, 39.875729090426397 ], [ -75.217861711159301, 39.875710190844302 ], [ -75.218036150505398, 39.8756921178054 ], [ -75.218321202108299, 39.875687516676201 ], [ -75.218332164155797, 39.875687670573001 ], [ -75.218796442875401, 39.875681572386398 ], [ -75.218826971817194, 39.875681177273698 ], [ -75.218887503483302, 39.8756829009059 ], [ -75.218923305275695, 39.875678670449602 ], [ -75.219242878478397, 39.875600894337502 ], [ -75.219446191557097, 39.875553153509003 ], [ -75.219623689911799, 39.8755117646594 ], [ -75.219649944964203, 39.875500671974002 ], [ -75.219706650400894, 39.875485445753199 ], [ -75.219737057287006, 39.8754825131901 ], [ -75.219773356943506, 39.875488849589203 ], [ -75.220867175778807, 39.8755795813099 ], [ -75.221042798736093, 39.875595093006602 ], [ -75.221232728033499, 39.875611331010198 ], [ -75.221282635119806, 39.875615618315202 ], [ -75.222085668290305, 39.875683666816897 ], [ -75.222700982059294, 39.875739406464803 ], [ -75.222872354978904, 39.875760017667702 ], [ -75.223069279836594, 39.875783322062397 ], [ -75.223155371779399, 39.875793590859601 ], [ -75.223767725103897, 39.875867184841702 ], [ -75.224655925073904, 39.876032426629301 ], [ -75.224859458763206, 39.876069391257197 ], [ -75.225030376243396, 39.876102718480197 ], [ -75.225954491402405, 39.876275982790702 ], [ -75.226846633043806, 39.876411870279703 ], [ -75.226891962830294, 39.876413664884197 ], [ -75.227120932385404, 39.876445105573403 ], [ -75.2284734620157, 39.876640447119698 ], [ -75.228727347618204, 39.876676672939197 ], [ -75.2289085720071, 39.876701858921699 ], [ -75.229988120940106, 39.876856226456603 ], [ -75.230478584719705, 39.876898111289101 ], [ -75.230646544556507, 39.876910600611701 ], [ -75.2308490633161, 39.876928353528498 ], [ -75.230999149647204, 39.8769422090432 ], [ -75.231058000462696, 39.876947828426999 ], [ -75.231872137940897, 39.877019226113397 ], [ -75.231930847097601, 39.877025674454401 ], [ -75.232312272317401, 39.877065655298701 ], [ -75.232551160942606, 39.877091079786098 ], [ -75.232659618853305, 39.877102443614604 ], [ -75.232816680960994, 39.877120482840702 ], [ -75.232993474033407, 39.877137528972199 ], [ -75.233272837519706, 39.877164035598902 ], [ -75.233958332749594, 39.877186684449903 ], [ -75.234020744380103, 39.877188585489897 ], [ -75.234124053321295, 39.877190252773097 ], [ -75.234304834980605, 39.877145216589298 ], [ -75.234483700460501, 39.877103828541998 ], [ -75.234655286032506, 39.877062790383903 ], [ -75.234686899454999, 39.8770549933339 ], [ -75.235027343674005, 39.876973778938201 ], [ -75.235540760632304, 39.8767609251368 ], [ -75.235798543280595, 39.876588448228901 ], [ -75.235930129452598, 39.876497483053299 ], [ -75.236052659622999, 39.876413062109101 ], [ -75.236372445507897, 39.876196701634498 ], [ -75.236642947105295, 39.875745796910003 ], [ -75.236716311059396, 39.875623471384898 ], [ -75.236775814021001, 39.875484243664502 ], [ -75.236935090034294, 39.875126031329003 ], [ -75.237501981910299, 39.875089629737197 ], [ -75.237593345777, 39.874991187330203 ], [ -75.237538464319897, 39.874921001072003 ], [ -75.237503127027395, 39.874876483815001 ], [ -75.237462684086793, 39.874813419324802 ], [ -75.238112801450001, 39.8746022247363 ], [ -75.238248000586196, 39.8744558790928 ], [ -75.238328211771403, 39.874371615703502 ], [ -75.238379462271396, 39.874310947032399 ], [ -75.238691635435799, 39.873968333744003 ], [ -75.238995512072094, 39.873845614017803 ], [ -75.239174095973596, 39.873618056351198 ], [ -75.239263071064101, 39.873499686217798 ], [ -75.239350313560806, 39.873381233910401 ], [ -75.239406447611998, 39.873308913836503 ], [ -75.239841973093903, 39.873139958666499 ], [ -75.240101563633004, 39.873039253032303 ], [ -75.240107107197602, 39.872867863805503 ], [ -75.240103828452405, 39.872740201218797 ], [ -75.240102187262195, 39.872638672715901 ], [ -75.240104231851404, 39.8726066465942 ], [ -75.240473684304803, 39.8723909524264 ], [ -75.240899941289499, 39.872409234226801 ], [ -75.240940012226602, 39.8724144265516 ], [ -75.241091176687306, 39.872447172971597 ], [ -75.241218455486205, 39.872475190370999 ], [ -75.241373075565306, 39.872510886246502 ], [ -75.241421715115493, 39.872520876387298 ], [ -75.241557882695901, 39.872549516881399 ], [ -75.241748686660799, 39.872594672843597 ], [ -75.242220933132799, 39.872786229196102 ], [ -75.242292032925505, 39.872817682067399 ], [ -75.242570000723902, 39.872964322094099 ], [ -75.242697125277004, 39.873030797875103 ], [ -75.242732324572501, 39.873048634728697 ], [ -75.246736909897706, 39.875077567284698 ], [ -75.246778575365894, 39.875112379160399 ], [ -75.246826870889194, 39.875152730099302 ], [ -75.248432959897499, 39.876494565699602 ], [ -75.251753062879402, 39.876019008788603 ], [ -75.252259072122897, 39.875946520482003 ], [ -75.252727792484706, 39.875975024804603 ], [ -75.253458964144698, 39.876019485310202 ], [ -75.253988682774505, 39.8760516938287 ], [ -75.256130158504405, 39.8761818736659 ], [ -75.257412542986302, 39.876259810568897 ], [ -75.259018340870099, 39.876357382370202 ], [ -75.259725820718799, 39.876400363280297 ], [ -75.261254602315901, 39.876493224151403 ], [ -75.262531781752202, 39.8765707868533 ], [ -75.262541106096506, 39.876587331388002 ], [ -75.264833856284795, 39.880655402156599 ], [ -75.265005252807597, 39.880990881520901 ], [ -75.265114213448001, 39.881664963784601 ], [ -75.264546855124706, 39.882121714255 ], [ -75.264299754531706, 39.882250237070402 ], [ -75.263083579557403, 39.882363838677499 ], [ -75.262264688718005, 39.882579892189099 ], [ -75.261947410019999, 39.882896937509102 ], [ -75.261887358800294, 39.883076758544 ], [ -75.261966640564097, 39.883248231447403 ], [ -75.262434366947105, 39.883642341218298 ], [ -75.264136145034897, 39.884141820544698 ], [ -75.264445906450604, 39.884322965054999 ], [ -75.264640035745501, 39.884741814288802 ], [ -75.264229170521205, 39.885010280452697 ], [ -75.263155023794297, 39.885308687404503 ], [ -75.262731331332503, 39.885562108266598 ], [ -75.262618769279001, 39.885813051994802 ], [ -75.262684659568393, 39.8860340096385 ], [ -75.262805562726498, 39.886091128043198 ], [ -75.263685617890502, 39.886153338810203 ], [ -75.263983280427695, 39.886104952945999 ], [ -75.264285463880995, 39.886201057573402 ], [ -75.264800281029594, 39.886453471779397 ], [ -75.264853326046094, 39.886545128940398 ], [ -75.264935896567906, 39.886681834168598 ], [ -75.265039521248198, 39.8868414808842 ], [ -75.265107099691605, 39.886989103429201 ], [ -75.265137195120303, 39.887164020450399 ], [ -75.265130833406602, 39.887338146117798 ], [ -75.265097719173596, 39.887545421115099 ], [ -75.264980342857896, 39.887762111628803 ], [ -75.264879396706803, 39.8879285660487 ], [ -75.264727613818096, 39.888088295852903 ], [ -75.264598526404598, 39.888226032597601 ], [ -75.264448385564705, 39.888340826670301 ], [ -75.264263016884698, 39.8884211280375 ], [ -75.263998261801504, 39.888477221212703 ], [ -75.263727652276202, 39.888493837036997 ], [ -75.263378272975999, 39.888469392574301 ], [ -75.262978674908894, 39.8884213722461 ], [ -75.262681570503304, 39.888364331505798 ], [ -75.262474940807607, 39.888427303908898 ], [ -75.262295012971293, 39.888558313436903 ], [ -75.262201761390799, 39.888713689250203 ], [ -75.262135620238794, 39.888925867958299 ], [ -75.262097824780199, 39.889161147920397 ], [ -75.2620827241402, 39.889374434558498 ], [ -75.262089652207095, 39.889683763618002 ], [ -75.262103103352004, 39.889914533838997 ], [ -75.262125078924797, 39.890111761496797 ], [ -75.262111416482895, 39.890285729593103 ], [ -75.262104224815005, 39.890482323216297 ], [ -75.262037671853193, 39.890705735504604 ], [ -75.261884019533397, 39.891315137005599 ], [ -75.261856801569195, 39.891460703582098 ], [ -75.261792095206999, 39.891633563548602 ], [ -75.261735297937705, 39.891789730488199 ], [ -75.261607225090401, 39.891899378033898 ], [ -75.261506728734105, 39.891953410605097 ], [ -75.261315288290106, 39.8919998471574 ], [ -75.261100327899001, 39.892090743703903 ], [ -75.260731823347598, 39.892189547765803 ], [ -75.260143531088403, 39.892311684468901 ], [ -75.259930830432907, 39.892340792191497 ], [ -75.259747503471502, 39.892364916456899 ], [ -75.259543121547495, 39.892366096951498 ], [ -75.259351679770305, 39.892412530250198 ], [ -75.259109397613699, 39.892452236185697 ], [ -75.258960266901596, 39.892538938164002 ], [ -75.258779908747997, 39.892681175748898 ], [ -75.258570588390796, 39.892817162243702 ], [ -75.258388993939306, 39.892993100913202 ], [ -75.258214485757804, 39.893174814645 ], [ -75.258024775472407, 39.893373061434403 ], [ -75.257831210520095, 39.8935768462959 ], [ -75.257671900698298, 39.8937420259034 ], [ -75.257435552310795, 39.894017958201502 ], [ -75.256912420096498, 39.8945518606238 ], [ -75.256744990050507, 39.894739347521998 ], [ -75.256667536998194, 39.894861334385602 ], [ -75.256664447895602, 39.894945589033199 ], [ -75.256711992353104, 39.8950421876551 ], [ -75.2567937343008, 39.895201365954499 ], [ -75.256970068807206, 39.895368223812397 ], [ -75.257126792872896, 39.895472818147098 ], [ -75.257276431175796, 39.8955716377857 ], [ -75.2573916066696, 39.895714677979399 ], [ -75.257364583210105, 39.895854626688497 ], [ -75.257278808395, 39.896004540273601 ], [ -75.257149073183797, 39.896159119017398 ], [ -75.256937061897602, 39.896368122692699 ], [ -75.256764188655396, 39.896504898938403 ], [ -75.256452223732097, 39.896852263086899 ], [ -75.256238560275193, 39.897106201638202 ], [ -75.256092792931199, 39.897299780327401 ], [ -75.255984106585501, 39.897477301837199 ], [ -75.255227670361407, 39.898500808759998 ], [ -75.255158533102801, 39.898594868447397 ], [ -75.255097719653193, 39.898661001974098 ], [ -75.255094216283595, 39.8987564901647 ], [ -75.255096383970397, 39.8987657022194 ], [ -75.255119471665793, 39.898863847759301 ], [ -75.255168871359402, 39.898909894076397 ], [ -75.255236440370197, 39.899057522431399 ], [ -75.255341709619103, 39.899172242653201 ], [ -75.255489292994497, 39.899327233461797 ], [ -75.254569395295405, 39.9007283415743 ], [ -75.253714371451196, 39.901667774553097 ], [ -75.253554593393702, 39.9018487692734 ], [ -75.251291105161798, 39.904412698179897 ], [ -75.253492102140598, 39.905597368924802 ], [ -75.252478302423299, 39.906637368566102 ], [ -75.252396135584306, 39.906640842955298 ], [ -75.252154212533796, 39.906669300637503 ], [ -75.251992724021406, 39.9066938892298 ], [ -75.251757061952503, 39.906750590733303 ], [ -75.251630389578807, 39.906820908712199 ], [ -75.2514994504876, 39.906907998322701 ], [ -75.251304864858895, 39.907038671755402 ], [ -75.251058604700901, 39.9071850832403 ], [ -75.250872136571601, 39.907293447774698 ], [ -75.250715874762506, 39.907374363216697 ], [ -75.250446699609, 39.907548380305201 ], [ -75.250319403703799, 39.907635548064398 ], [ -75.250272545860895, 39.907718848360403 ], [ -75.250225066018501, 39.907818999839499 ], [ -75.250206555516201, 39.907925403375202 ], [ -75.250186599330704, 39.908071126198401 ], [ -75.250200219061995, 39.908296280977602 ], [ -75.250194230113607, 39.908459173123603 ], [ -75.250168012859504, 39.908576652085898 ], [ -75.250118467070905, 39.908732972262499 ], [ -75.250046835178495, 39.908894432095401 ], [ -75.250032228045498, 39.908948530765301 ], [ -75.250004583573599, 39.909050911292198 ], [ -75.249934808735404, 39.909161819073901 ], [ -75.249893795958798, 39.909284596626598 ], [ -75.249919873212903, 39.9093694873225 ], [ -75.249993512111303, 39.909448933444203 ], [ -75.250036295752807, 39.909478834187702 ], [ -75.250151550752307, 39.909520697318001 ], [ -75.250281807233705, 39.909551644849302 ], [ -75.250471446146705, 39.9095557795902 ], [ -75.250652551452205, 39.909593456596802 ], [ -75.250883682107897, 39.9096603311461 ], [ -75.251107106743106, 39.909738279824403 ], [ -75.2512286242427, 39.909808386578803 ], [ -75.251298672696706, 39.909888613107903 ], [ -75.251286631212594, 39.910017643825697 ], [ -75.251238119085897, 39.910145880553202 ], [ -75.2511235510067, 39.9102839191656 ], [ -75.251002100516104, 39.910410565083197 ], [ -75.250872323523595, 39.910565137607698 ], [ -75.250721696084199, 39.910691147230402 ], [ -75.250615452162705, 39.910801260410501 ], [ -75.250538176311096, 39.9109176263336 ], [ -75.250401102418195, 39.911072038384702 ], [ -75.250194735443401, 39.9112249394204 ], [ -75.249928435341602, 39.911320318507698 ], [ -75.249750487213902, 39.9113951386636 ], [ -75.249520242736807, 39.911502546606599 ], [ -75.249334999922198, 39.911577206139199 ], [ -75.249163931063507, 39.911663418039602 ], [ -75.248984742619101, 39.911771938626401 ], [ -75.248856818213696, 39.911875955129702 ], [ -75.248764537148205, 39.912003236078498 ], [ -75.248722280661198, 39.9121597147982 ], [ -75.248687111206493, 39.912321969414599 ], [ -75.248599436549497, 39.912522429318898 ], [ -75.248559245996006, 39.9126227383653 ], [ -75.248511141392498, 39.912739739498797 ], [ -75.248433859737403, 39.912856104001598 ], [ -75.2483792875354, 39.912950477908602 ], [ -75.248296158255997, 39.913027364801998 ], [ -75.248213442195393, 39.9130930171739 ], [ -75.248056957196695, 39.9131795457686 ], [ -75.247833583370706, 39.913298343028899 ], [ -75.247603536160497, 39.913400130341799 ], [ -75.247402249599702, 39.9135137866799 ], [ -75.247202412107598, 39.913588125265399 ], [ -75.247118453602297, 39.913687478419 ], [ -75.247075063543093, 39.913778985641599 ], [ -75.247070966116695, 39.9137876286118 ], [ -75.247066209960295, 39.913916818114799 ], [ -75.247119600571395, 39.914052899182302 ], [ -75.247224672601206, 39.9141732427195 ], [ -75.247335879163799, 39.914307709768501 ], [ -75.2474138843112, 39.914427726281303 ], [ -75.247488224494305, 39.914542101815002 ], [ -75.247496820359999, 39.914558645150798 ], [ -75.247554643654894, 39.914591376193101 ], [ -75.247634382155496, 39.914645564224898 ], [ -75.247708426108304, 39.914731096876302 ], [ -75.247717793511598, 39.914846686004097 ], [ -75.247656707307002, 39.914964234236997 ], [ -75.2475568001136, 39.915087928642201 ], [ -75.247488264904206, 39.915222797070598 ], [ -75.247349745277106, 39.915408585552697 ], [ -75.247190204822999, 39.915641118918401 ], [ -75.247139027873999, 39.9157361556829 ], [ -75.247059535251097, 39.915860295336302 ], [ -75.246990788234399, 39.915939214450802 ], [ -75.246922170869794, 39.916014639605898 ], [ -75.2468442200162, 39.916096854459703 ], [ -75.246784611704499, 39.916174225050597 ], [ -75.246754880869005, 39.916241757665802 ], [ -75.246766088428899, 39.916338157190097 ], [ -75.246788937016802, 39.9164575375016 ], [ -75.246837062786696, 39.916568728227297 ], [ -75.246879300539007, 39.9167165040311 ], [ -75.2469419757374, 39.916879586955297 ], [ -75.246942485195603, 39.916880909021401 ], [ -75.246963737961494, 39.916936006471097 ], [ -75.247003124807406, 39.916976201837201 ], [ -75.247041957608303, 39.917000651061201 ], [ -75.2471053257092, 39.917037000083198 ], [ -75.247157416205994, 39.917071354064902 ], [ -75.247190288150406, 39.917103539682699 ], [ -75.247203522270297, 39.917144912920797 ], [ -75.247212027136598, 39.917191427602397 ], [ -75.247195053154798, 39.9172207772246 ], [ -75.247174050087295, 39.917245624932697 ], [ -75.247241222517104, 39.917411681802697 ], [ -75.247306665441698, 39.917624727275197 ], [ -75.247349256792504, 39.917794950703403 ], [ -75.247359952592205, 39.918002098874602 ], [ -75.247349967379606, 39.918439222655699 ], [ -75.247348577131802, 39.9184618892114 ], [ -75.247334697395104, 39.918688126391999 ], [ -75.247335955861402, 39.9188198266963 ], [ -75.247392592802001, 39.919023274414201 ], [ -75.247499198733905, 39.919279541367601 ], [ -75.247586064999098, 39.919408407755199 ], [ -75.247624458721603, 39.919526810754 ], [ -75.247625025917998, 39.919677305971902 ], [ -75.247598070173098, 39.919911847856902 ], [ -75.247582924351903, 39.919991461461102 ], [ -75.247529606767401, 39.920112565198302 ], [ -75.247489186294899, 39.920215140377103 ], [ -75.247478586789299, 39.920337176410399 ], [ -75.247467814246207, 39.920463911847001 ], [ -75.247462970882495, 39.920595478066602 ], [ -75.247470331764902, 39.920727312446601 ], [ -75.247470144761095, 39.920981248559499 ], [ -75.247462582721397, 39.921352588800197 ], [ -75.247487386684099, 39.921508316163496 ], [ -75.247518295381795, 39.921664175849202 ], [ -75.247516156093795, 39.921688244221002 ], [ -75.247507867500204, 39.921781513353302 ], [ -75.247473375302704, 39.921888920206101 ], [ -75.247393915857899, 39.922056479772401 ], [ -75.247291775615906, 39.922176517863498 ], [ -75.247165395274095, 39.922291324501799 ], [ -75.247070394650393, 39.9223833027689 ], [ -75.246937739388102, 39.922502674483802 ], [ -75.246643578457807, 39.922778409483499 ], [ -75.246523126392404, 39.922898047165098 ], [ -75.246364327897197, 39.923063873893803 ], [ -75.246268458627895, 39.9231793448823 ], [ -75.246190206205497, 39.923314012295798 ], [ -75.246160603207898, 39.923454443340098 ], [ -75.246142339500096, 39.923618636088698 ], [ -75.246135589447306, 39.923801890269999 ], [ -75.246131435571002, 39.923914661519298 ], [ -75.246097113187204, 39.924017369453303 ], [ -75.246074477554799, 39.924134440316799 ], [ -75.246033706346196, 39.924246411981002 ], [ -75.245992588780794, 39.924367782434402 ], [ -75.245946579103304, 39.924456126473999 ], [ -75.245868324574005, 39.924590793665502 ], [ -75.245796864725605, 39.9247067973659 ], [ -75.245728110221506, 39.9248322664738 ], [ -75.245695431632598, 39.924874349964703 ], [ -75.245638341055397, 39.924947871131003 ], [ -75.245555021557607, 39.925054211122699 ], [ -75.245440666106006, 39.925173980945303 ], [ -75.245266535579404, 39.925424118838002 ], [ -75.245200484981098, 39.925559051290797 ], [ -75.245129196116906, 39.925670356073198 ], [ -75.245051977551597, 39.925776829002601 ], [ -75.244994278738304, 39.925850810514802 ], [ -75.244870140100005, 39.925904529640903 ], [ -75.244764138293306, 39.925963348056399 ], [ -75.244627966005496, 39.926012101746799 ], [ -75.244521962685397, 39.926070919012602 ], [ -75.244403233079893, 39.926143566767799 ], [ -75.244337871722806, 39.926259703799801 ], [ -75.244303545445902, 39.926362411193601 ], [ -75.244332609582301, 39.926485313746603 ], [ -75.244414588813896, 39.9265811569825 ], [ -75.244509467612701, 39.926658471963002 ], [ -75.244578894334396, 39.926763446279303 ], [ -75.244599496073405, 39.9268673538269 ], [ -75.244586269098804, 39.926976780577398 ], [ -75.244581921677394, 39.927012749646103 ], [ -75.244581616188199, 39.927186740061501 ], [ -75.244553565778403, 39.927284881462299 ], [ -75.244499891836796, 39.927415381703398 ], [ -75.2444282534574, 39.927536083945903 ], [ -75.2443440616576, 39.927665917324802 ], [ -75.244271729848194, 39.927805415265702 ], [ -75.244201129985399, 39.927897924571802 ], [ -75.244123387753902, 39.928018493269299 ], [ -75.244057159111804, 39.928158124457397 ], [ -75.244003414932607, 39.928373269482002 ], [ -75.243987050327604, 39.928485774791802 ], [ -75.243968607992798, 39.928654664805997 ], [ -75.243968820681104, 39.9288145579198 ], [ -75.243973444482506, 39.929186164620603 ], [ -75.243968807561998, 39.929477624714501 ], [ -75.243969884630701, 39.929613851404198 ], [ -75.243984211919198, 39.929722497220297 ], [ -75.244011784001998, 39.929803043967297 ], [ -75.244101082391097, 39.9298661294971 ], [ -75.244191075082, 39.929910418287498 ], [ -75.244280373778494, 39.929973503677502 ], [ -75.244356947000497, 39.930050418704802 ], [ -75.243952615076395, 39.930662327487497 ], [ -75.243815393260107, 39.930739272999602 ], [ -75.243807844489396, 39.9307450527848 ], [ -75.242967079356902, 39.930585746930298 ], [ -75.242329891068394, 39.9304650099048 ], [ -75.240619431781397, 39.930140886010697 ], [ -75.239053683987905, 39.929840393496796 ], [ -75.238471973750507, 39.929486894414801 ], [ -75.237728449982498, 39.929329065587197 ], [ -75.236999382150302, 39.929184454504103 ], [ -75.236289767791803, 39.929054019735702 ], [ -75.235933268653397, 39.928989310494401 ], [ -75.235591498174799, 39.928914706681503 ], [ -75.235481679765599, 39.928886657310898 ], [ -75.235414856380999, 39.928935060369596 ], [ -75.233829913161003, 39.930049754014803 ], [ -75.232364376437303, 39.931083696229699 ], [ -75.232306968912098, 39.931124700772003 ], [ -75.231279673357605, 39.931836916767701 ], [ -75.230251715797095, 39.932560464750701 ], [ -75.229773016720998, 39.932907404133402 ], [ -75.229642733921096, 39.932986938142697 ], [ -75.229323570981293, 39.933213416176002 ], [ -75.229129519409099, 39.933354873726898 ], [ -75.228623988096999, 39.933704938078797 ], [ -75.227254085158194, 39.934670621405502 ], [ -75.225862727362895, 39.933490204516097 ], [ -75.225229382269305, 39.9329632850256 ], [ -75.224595701220295, 39.932419807575599 ], [ -75.223305492263705, 39.931324540873298 ], [ -75.223298468237999, 39.931318579176498 ], [ -75.222727692788098, 39.9308412702485 ], [ -75.222698731339193, 39.930817069066002 ], [ -75.222001124469998, 39.9302341255515 ], [ -75.221515933504406, 39.929836083677102 ], [ -75.2211054443314, 39.929475208910603 ], [ -75.220590618292505, 39.929056326052901 ], [ -75.220551230655801, 39.9290091413691 ], [ -75.219488353901397, 39.928125919007698 ], [ -75.219365540465901, 39.928043813587102 ], [ -75.217677747034799, 39.927347640536702 ], [ -75.216766339502101, 39.926973318770003 ], [ -75.216711040632703, 39.926950606473497 ], [ -75.213310851051901, 39.925516818003999 ], [ -75.212440622604504, 39.925149835516002 ], [ -75.212449483486594, 39.925085234202299 ], [ -75.212465301898902, 39.924945323386503 ], [ -75.212477291571801, 39.924805434161797 ], [ -75.212484972680699, 39.924665755933297 ], [ -75.212487866439901, 39.924526481732897 ], [ -75.212485491829895, 39.924387801839302 ], [ -75.2124773690377, 39.924249905656197 ], [ -75.212462485332694, 39.924112681571202 ], [ -75.212438541426195, 39.923975121833799 ], [ -75.212405925464793, 39.923837551278503 ], [ -75.212365326156601, 39.923700456362603 ], [ -75.212317428762503, 39.923564321664202 ], [ -75.212262923178798, 39.923429632764901 ], [ -75.212202495820605, 39.923296874268601 ], [ -75.212136834230094, 39.923166531705803 ], [ -75.212066609840804, 39.9230390830432 ], [ -75.211990364917995, 39.922913923870098 ], [ -75.211907289600802, 39.922790461408198 ], [ -75.211818123000398, 39.9226687714688 ], [ -75.211723603186698, 39.922548926237397 ], [ -75.211624470427097, 39.922431001554003 ], [ -75.211521463947705, 39.922315069633598 ], [ -75.211415324003397, 39.922201206320402 ], [ -75.211306787435902, 39.922089484682502 ], [ -75.211196410202405, 39.921979901705299 ], [ -75.211081490878399, 39.921871596576899 ], [ -75.210960839844205, 39.921765497103401 ], [ -75.210834357654804, 39.921663138175198 ], [ -75.2107019470903, 39.921566057434298 ], [ -75.210563512119506, 39.921475791646799 ], [ -75.210418954357706, 39.921393877525801 ], [ -75.210268072538796, 39.921320689913003 ], [ -75.210110937240302, 39.921253117381703 ], [ -75.209948528534497, 39.921190704085703 ], [ -75.209781871285003, 39.921133267278698 ], [ -75.209611992555807, 39.921080627873103 ], [ -75.209439920779303, 39.921032601411 ], [ -75.209266680709405, 39.920989007864399 ], [ -75.209093300673999, 39.920949665488202 ], [ -75.208919385164606, 39.920914134838 ], [ -75.208742817314203, 39.920882133834098 ], [ -75.208564128459798, 39.920854254487899 ], [ -75.208383934474696, 39.9208311123122 ], [ -75.208202850156098, 39.920813320096897 ], [ -75.208021490226102, 39.920801492436098 ], [ -75.207840472941001, 39.9207962431054 ], [ -75.207660410737901, 39.920798184854398 ], [ -75.207480993014798, 39.920805734044698 ], [ -75.207301577854395, 39.920816779808803 ], [ -75.207122160660006, 39.920830849919398 ], [ -75.206942740347998, 39.920847472226598 ], [ -75.206763314670198, 39.920866174554803 ], [ -75.206583879079005, 39.9208864837763 ], [ -75.2064044337083, 39.920907926867002 ], [ -75.206224973953098, 39.920930032499598 ], [ -75.206045498754307, 39.920952328524201 ], [ -75.205866004787197, 39.920974340938798 ], [ -75.205686489799703, 39.920995598467698 ], [ -75.205506950409799, 39.921015628909501 ], [ -75.205327384442697, 39.921033959187902 ], [ -75.205147790898295, 39.9210501162529 ], [ -75.204968165206296, 39.921063628777098 ], [ -75.204788506376502, 39.921074023710297 ], [ -75.204607128418203, 39.921080607693199 ], [ -75.204423345508602, 39.921082165352701 ], [ -75.204239035310295, 39.921077460739397 ], [ -75.204056083683696, 39.921065258097798 ], [ -75.203876370587196, 39.9210443233547 ], [ -75.203701779596699, 39.921013419826103 ], [ -75.203533337826201, 39.920971401740303 ], [ -75.203366541243994, 39.920918489847203 ], [ -75.203202118543601, 39.920855725681598 ], [ -75.203042137998693, 39.920784126477898 ], [ -75.202888672504798, 39.920704710485701 ], [ -75.202743789088103, 39.920618495834802 ], [ -75.202609558292394, 39.920526499841998 ], [ -75.2024847953316, 39.9204283628494 ], [ -75.202365603332296, 39.920323090992198 ], [ -75.202252430236499, 39.920211877260897 ], [ -75.202145778080805, 39.920095938374303 ], [ -75.202046150022795, 39.919976491978403 ], [ -75.201954046869204, 39.9198547556677 ], [ -75.201919396262397, 39.919804143808697 ], [ -75.201869969414602, 39.919731947037 ], [ -75.2017961224159, 39.919608341255497 ], [ -75.201754699160205, 39.9194734456144 ], [ -75.201744505367799, 39.919330427675703 ], [ -75.201755342542199, 39.919187540161502 ], [ -75.201778346144195, 39.919050384934401 ], [ -75.201812066471305, 39.918913962525799 ], [ -75.201855103000398, 39.918778048987598 ], [ -75.201905783721102, 39.918643170281598 ], [ -75.201962437740306, 39.918509854197197 ], [ -75.202023395496298, 39.918378593416001 ], [ -75.202087447563798, 39.918248624934499 ], [ -75.202154083026898, 39.918119343631702 ], [ -75.202222832817995, 39.917990620147698 ], [ -75.202293226568202, 39.917862328698703 ], [ -75.202364796385496, 39.917734339952503 ], [ -75.202437073110104, 39.917606527253199 ], [ -75.202509588754495, 39.9174787639719 ], [ -75.202581874198799, 39.917350922554597 ], [ -75.202653459190699, 39.917222874522402 ], [ -75.2027238769208, 39.917094493275698 ], [ -75.202792657108901, 39.916965651238201 ], [ -75.202860058052295, 39.916836419023298 ], [ -75.202927109438207, 39.916707078096202 ], [ -75.202993859832503, 39.916577643952401 ], [ -75.203060341634895, 39.916448126322301 ], [ -75.203126587278703, 39.916318534035803 ], [ -75.203192627926995, 39.916188878597602 ], [ -75.203258496012296, 39.9160591688374 ], [ -75.203324222697404, 39.9159294162599 ], [ -75.203389842752998, 39.915799629746402 ], [ -75.2034553850702, 39.915669818948999 ], [ -75.203520883182904, 39.915539994523797 ], [ -75.203586368320202, 39.915410166174198 ], [ -75.2036518740491, 39.915280343655901 ], [ -75.203717431564598, 39.915150537572899 ], [ -75.203783072095106, 39.915020757628398 ], [ -75.203848828004297, 39.914891014452202 ], [ -75.203914732892102, 39.914761316899302 ], [ -75.204857162905199, 39.913062307978102 ], [ -75.205544748574098, 39.912079666638398 ], [ -75.205951825031605, 39.911602038134902 ], [ -75.206293310215599, 39.9112735604294 ], [ -75.206672444874002, 39.910989724742102 ], [ -75.206961650102102, 39.910840543928003 ], [ -75.207471096460296, 39.910690177816399 ], [ -75.208020417523102, 39.910595484575403 ], [ -75.208737070790804, 39.910504470969002 ], [ -75.209462688207793, 39.910465231322803 ], [ -75.210366516616205, 39.910491289714997 ], [ -75.211969547064399, 39.910737244332203 ], [ -75.212508960070494, 39.910749785575703 ], [ -75.213252893143405, 39.9107131870365 ], [ -75.213793468984704, 39.910633797981497 ], [ -75.214065958850199, 39.910554895450602 ], [ -75.214284181415707, 39.910491705631301 ], [ -75.214587659064193, 39.910340315990297 ], [ -75.214992710090101, 39.910031161760401 ], [ -75.215277236446795, 39.909668148380099 ], [ -75.215462970920399, 39.909147412171102 ], [ -75.215556443142503, 39.908445908860401 ], [ -75.215619464640397, 39.907040039142203 ], [ -75.215620118486598, 39.9060625540668 ], [ -75.215557720417706, 39.905228722789701 ], [ -75.215407813905699, 39.904260495864797 ], [ -75.215194357201, 39.903295436903697 ], [ -75.214899012388997, 39.902347528949498 ], [ -75.2144493972379, 39.901289000233803 ], [ -75.213894460189906, 39.900253538530599 ], [ -75.213240336398002, 39.8992628741224 ], [ -75.212620510680907, 39.898577880330798 ], [ -75.211718576439907, 39.897778156271599 ], [ -75.211667004588307, 39.897732428096603 ], [ -75.211031279872401, 39.897237415289403 ], [ -75.210211084509595, 39.896687563291799 ], [ -75.209066148513401, 39.896004349050202 ], [ -75.208021506556705, 39.895451870005097 ], [ -75.207240606547003, 39.895105019237 ], [ -75.206414038265905, 39.894816880719098 ], [ -75.204867967876098, 39.894430319618898 ], [ -75.200460330274296, 39.893630884096901 ], [ -75.199434583999206, 39.893365557690998 ], [ -75.198418320975904, 39.893034736127902 ], [ -75.197633024866903, 39.892687318495199 ], [ -75.197388287025404, 39.892534020974303 ], [ -75.197083113399003, 39.892342866159296 ], [ -75.196592369714395, 39.891928734356497 ], [ -75.196171888419997, 39.8914577310955 ], [ -75.196069457331404, 39.891342990292998 ], [ -75.1956659530114, 39.8907221554161 ], [ -75.195314388209994, 39.889934651381502 ], [ -75.194989231417793, 39.888838019639103 ], [ -75.194766961786797, 39.887738278281397 ], [ -75.194513091791507, 39.884259002765802 ], [ -75.1941663444575, 39.877697914043502 ] ] ] } },
{ "type": "Feature", "properties": { "objectid": 17, "dist_name": "West Park", "abbrev": "WP", "Shape__Area": 30292349.19140625, "Shape__Length": 39826.178237540829 }, "geometry": { "type": "Polygon", "coordinates": [ [ [ -75.203867204209601, 39.985737102109802 ], [ -75.2038977497362, 39.985710221633703 ], [ -75.203922929351904, 39.985687626220297 ], [ -75.203927890395505, 39.985683173591802 ], [ -75.203957540956594, 39.985655950687701 ], [ -75.203986618630907, 39.985628542976301 ], [ -75.204015039425599, 39.9856009413867 ], [ -75.204042720518501, 39.985573136874201 ], [ -75.204069575542803, 39.985545121216497 ], [ -75.2040955229144, 39.9855168835943 ], [ -75.204120478539807, 39.985488417637796 ], [ -75.204144357324296, 39.985459712450101 ], [ -75.204167077582994, 39.985430759912802 ], [ -75.204188554187496, 39.985401550029401 ], [ -75.204208703078805, 39.985372075529902 ], [ -75.204227440333099, 39.9853423255434 ], [ -75.204244683062001, 39.985312292826002 ], [ -75.204260348512307, 39.985281966532703 ], [ -75.204274350285104, 39.9852513393419 ], [ -75.204286605559901, 39.985220402208697 ], [ -75.204297033924902, 39.985189144340403 ], [ -75.204306154101303, 39.985157570034801 ], [ -75.204314425821593, 39.985125694895203 ], [ -75.204321870850194, 39.985093532018702 ], [ -75.204328507407098, 39.985061095324603 ], [ -75.204334358427104, 39.9850283979357 ], [ -75.204339440926205, 39.984995454645599 ], [ -75.204343776668793, 39.984962278551201 ], [ -75.204347386249097, 39.984928882723302 ], [ -75.204350287853202, 39.984895281981501 ], [ -75.204352504449602, 39.984861488548297 ], [ -75.204354053054203, 39.984827517217099 ], [ -75.204354956567599, 39.984793382011098 ], [ -75.204355233243604, 39.984759095948903 ], [ -75.204354903676105, 39.984724672101699 ], [ -75.204353988391603, 39.984690125340499 ], [ -75.204352508017905, 39.9846554678359 ], [ -75.2043504807407, 39.984620714407498 ], [ -75.204347928290602, 39.984585879052098 ], [ -75.204344870091106, 39.984550974814503 ], [ -75.204341327906306, 39.984516014791602 ], [ -75.204337319955599, 39.9844810129023 ], [ -75.204332865595006, 39.984445983992103 ], [ -75.204327987758802, 39.984410941183597 ], [ -75.204322704733698, 39.984375896595402 ], [ -75.204317037012203, 39.984340865999002 ], [ -75.204311005187705, 39.984305862465199 ], [ -75.204304627513196, 39.984270899012799 ], [ -75.204297926888998, 39.984235989664903 ], [ -75.204290921534096, 39.984201148340397 ], [ -75.204283632041907, 39.984166388110097 ], [ -75.204276078938307, 39.984131723845401 ], [ -75.204268282883902, 39.984097166816497 ], [ -75.204260261996495, 39.984062733643398 ], [ -75.204252038073093, 39.984028436522301 ], [ -75.204243630536695, 39.983994288498302 ], [ -75.204235059912705, 39.983960304442498 ], [ -75.204226345623994, 39.983926497399899 ], [ -75.204217509400095, 39.983892881367503 ], [ -75.204208569493105, 39.983859469364198 ], [ -75.204199546462306, 39.983826275360897 ], [ -75.204190464138904, 39.983793132299702 ], [ -75.204181325244207, 39.983759905090402 ], [ -75.204172121248803, 39.983726602553801 ], [ -75.204162843792204, 39.983693229009297 ], [ -75.204153485515306, 39.983659793303801 ], [ -75.204144039227799, 39.983626299782699 ], [ -75.204134495229994, 39.983592757240999 ], [ -75.204124847468194, 39.983559170950301 ], [ -75.204115086310395, 39.983525547904897 ], [ -75.204105205635301, 39.983491895177103 ], [ -75.204095195844502, 39.983458218861003 ], [ -75.204085050783306, 39.983424526928999 ], [ -75.204074760920705, 39.983390823674597 ], [ -75.204064318897807, 39.9833571179446 ], [ -75.204053717456901, 39.983323415885103 ], [ -75.204042948170098, 39.983289723615897 ], [ -75.204032002575602, 39.983256048157301 ], [ -75.204020873382007, 39.983222396555703 ], [ -75.204009552161494, 39.983188774931001 ], [ -75.203998031656198, 39.983155189429098 ], [ -75.203986304541203, 39.983121647996498 ], [ -75.203974361218201, 39.983088156727298 ], [ -75.203962194395999, 39.983054722667703 ], [ -75.203949796850495, 39.983021351063201 ], [ -75.203937160052703, 39.982988050734797 ], [ -75.2039242768126, 39.9829548260278 ], [ -75.203911138600901, 39.982921685762904 ], [ -75.203897736989902, 39.982888636060203 ], [ -75.203884064755798, 39.982855682165102 ], [ -75.203870113369504, 39.982822832898599 ], [ -75.203855876777396, 39.982790093532202 ], [ -75.203841344211199, 39.982757470133798 ], [ -75.203826509482397, 39.982724971576197 ], [ -75.203811365400995, 39.9826926022048 ], [ -75.203795902267601, 39.982660370814102 ], [ -75.203780112858496, 39.982628282649998 ], [ -75.203763989882404, 39.982596344758299 ], [ -75.203747524911606, 39.982564563259203 ], [ -75.203730710621002, 39.9825329460989 ], [ -75.203713537446305, 39.982501498471102 ], [ -75.203695999232906, 39.982470228348198 ], [ -75.203678086382595, 39.982439141823903 ], [ -75.203659792774502, 39.982408245970397 ], [ -75.203641109980794, 39.9823775469075 ], [ -75.203622029540099, 39.982347051655402 ], [ -75.203602543024502, 39.982316766333703 ], [ -75.203582644313101, 39.982286698014597 ], [ -75.2035623249444, 39.982256853717999 ], [ -75.203541575320301, 39.982227239537998 ], [ -75.203520389319806, 39.9821978625463 ], [ -75.203498758515195, 39.982168728862803 ], [ -75.203476674411107, 39.982139846407897 ], [ -75.203454130954199, 39.982111220452801 ], [ -75.203431215643903, 39.982082766442403 ], [ -75.203408036380594, 39.982054386759501 ], [ -75.203384595471206, 39.982026082355901 ], [ -75.203360896460694, 39.9819978524093 ], [ -75.203336942792305, 39.981969698797698 ], [ -75.203312737977299, 39.981941621599098 ], [ -75.203288286696903, 39.981913620917098 ], [ -75.203263590121395, 39.981885696777397 ], [ -75.203238654102506, 39.981857849309897 ], [ -75.203213480947099, 39.981830079466498 ], [ -75.203188072962107, 39.981802388199299 ], [ -75.203162436032798, 39.981774774737701 ], [ -75.203136572499901, 39.981747239133398 ], [ -75.203110485806803, 39.9817197832649 ], [ -75.203084179498305, 39.981692406309499 ], [ -75.203057658255304, 39.981665108371097 ], [ -75.203030923181004, 39.981637891275803 ], [ -75.203003980160503, 39.981610754253303 ], [ -75.2029768303304, 39.981583698229599 ], [ -75.202949479575906, 39.981556722434 ], [ -75.202921928999899, 39.981529828693098 ], [ -75.202894184487505, 39.981503016236204 ], [ -75.202866248345501, 39.981476286015301 ], [ -75.202838124084906, 39.981449638108401 ], [ -75.202809814046304, 39.981423072567097 ], [ -75.202781324047194, 39.981396590421603 ], [ -75.202752656428302, 39.981370191723499 ], [ -75.202723814666697, 39.981343877450897 ], [ -75.202694802306794, 39.981317646781399 ], [ -75.202665622825904, 39.981291500692997 ], [ -75.202636279734705, 39.981265439263503 ], [ -75.202606776510393, 39.981239463471098 ], [ -75.202577116697299, 39.981213572493097 ], [ -75.202547303738896, 39.981187768208002 ], [ -75.2025173411797, 39.981162049793298 ], [ -75.202487232496694, 39.981136418227003 ], [ -75.202456981200598, 39.981110873586999 ], [ -75.202426590768596, 39.9810854168514 ], [ -75.202396064745102, 39.981060047197701 ], [ -75.2023654066071, 39.981034765604001 ], [ -75.202334618695104, 39.981009572122197 ], [ -75.202303706826697, 39.9809844677822 ], [ -75.202272673376001, 39.980959451735799 ], [ -75.202241521786206, 39.980934525861201 ], [ -75.202210254397897, 39.980909690210297 ], [ -75.202178877095903, 39.980884944012701 ], [ -75.202147391016894, 39.980860288194499 ], [ -75.202115801978096, 39.980835723785901 ], [ -75.202084111183595, 39.9808112499122 ], [ -75.202052323246704, 39.980786868478098 ], [ -75.202020442882301, 39.980762578686999 ], [ -75.201988471260293, 39.980738380565001 ], [ -75.201956413028199, 39.980714275116 ], [ -75.201924271662605, 39.980690263318102 ], [ -75.201892049537804, 39.980666344323197 ], [ -75.201859752471194, 39.980642519161101 ], [ -75.201827382803202, 39.980618787883998 ], [ -75.201794942874102, 39.9805951505435 ], [ -75.201762438467597, 39.980571609070203 ], [ -75.201729870821296, 39.980548161689498 ], [ -75.201697244548598, 39.980524810305702 ], [ -75.201664563193802, 39.980501554096598 ], [ -75.201631830233794, 39.980478394040098 ], [ -75.2015990491455, 39.980455331114598 ], [ -75.201566223473193, 39.980432364497702 ], [ -75.201533355523495, 39.9804094951416 ], [ -75.201500449977203, 39.980386723150097 ], [ -75.201467510311105, 39.980364049501603 ], [ -75.201434540035805, 39.9803414742738 ], [ -75.201401542695805, 39.980318996644598 ], [ -75.201368503977704, 39.980296623503897 ], [ -75.201335311392398, 39.980274387492997 ], [ -75.201301947251096, 39.980252291822602 ], [ -75.201268412757997, 39.9802303356186 ], [ -75.201234712695197, 39.980208516283803 ], [ -75.201200848368003, 39.980186830243198 ], [ -75.201166824491096, 39.980165276700298 ], [ -75.201132643506199, 39.980143853006098 ], [ -75.201098309059105, 39.9801225556375 ], [ -75.201063823523995, 39.980101383746103 ], [ -75.201029190512898, 39.980080334709001 ], [ -75.200994413637801, 39.980059405903198 ], [ -75.200959495340399, 39.980038594679797 ], [ -75.200924439198801, 39.980017899316202 ], [ -75.200889248825206, 39.979997317189401 ], [ -75.200853925491003, 39.979976845624599 ], [ -75.2008184739109, 39.979956483825397 ], [ -75.200782897764398, 39.979936227368299 ], [ -75.200747198255399, 39.979916075379002 ], [ -75.200711380166197, 39.979896025260501 ], [ -75.2006754459386, 39.9798760743641 ], [ -75.200639399150703, 39.979856220967001 ], [ -75.200603242244298, 39.979836462420401 ], [ -75.200566980001597, 39.979816796127501 ], [ -75.200530612523806, 39.979797219387201 ], [ -75.200494145695899, 39.979777731429401 ], [ -75.200457581993504, 39.979758328704797 ], [ -75.200420925028396, 39.979739008590599 ], [ -75.200384176038398, 39.979719769312197 ], [ -75.200347339772094, 39.979700609173001 ], [ -75.200310418704703, 39.979681524623899 ], [ -75.200273417551202, 39.9796625148686 ], [ -75.200236337616801, 39.979643576331902 ], [ -75.200199182479594, 39.9796247072913 ], [ -75.200161954615098, 39.979605904197697 ], [ -75.200124658704496, 39.979587167155103 ], [ -75.2000872972568, 39.979568491713898 ], [ -75.200049873850304, 39.9795498761519 ], [ -75.200012390926901, 39.979531317819998 ], [ -75.199974852030806, 39.979512815896101 ], [ -75.1999372596716, 39.979494365930599 ], [ -75.199899617359804, 39.9794759680018 ], [ -75.199861928808701, 39.979457616785901 ], [ -75.199824196324997, 39.979439313235297 ], [ -75.1997864247585, 39.979421052952397 ], [ -75.199748614176698, 39.979402834136998 ], [ -75.199710770532207, 39.979384654218102 ], [ -75.199672896266605, 39.979366510547003 ], [ -75.199634993754302, 39.979348402275498 ], [ -75.199597066640905, 39.979330325880397 ], [ -75.199559117334601, 39.979312279613303 ], [ -75.1995211506174, 39.979294260877403 ], [ -75.199483168931394, 39.979276267023998 ], [ -75.199445174718207, 39.9792582954043 ], [ -75.199407171522196, 39.979240345195997 ], [ -75.199369161785199, 39.979222413750399 ], [ -75.199331150323502, 39.9792044975705 ], [ -75.199293139544807, 39.979186594907901 ], [ -75.199255133027506, 39.979168704039999 ], [ -75.199217132076996, 39.979150821391798 ], [ -75.199179142578004, 39.979132946193197 ], [ -75.199141164665903, 39.979115074843101 ], [ -75.199103204259202, 39.979097205671103 ], [ -75.199065262629702, 39.979079336002499 ], [ -75.199027344559497, 39.979061463240598 ], [ -75.198989451252601, 39.979043586511096 ], [ -75.198951587525201, 39.979025702317102 ], [ -75.198913755785199, 39.979007808910197 ], [ -75.198875959678503, 39.978989902767502 ], [ -75.198838200409099, 39.978971983014702 ], [ -75.198800483963296, 39.978954046180803 ], [ -75.198762794587395, 39.978936106331901 ], [ -75.198725034113195, 39.978918251386098 ], [ -75.198687188024806, 39.978900493634697 ], [ -75.198649257593701, 39.978882830402803 ], [ -75.198611247602003, 39.978865259093702 ], [ -75.198573159355306, 39.978847776132298 ], [ -75.198534994057297, 39.978830380644297 ], [ -75.198496756558001, 39.978813068232498 ], [ -75.198458448094996, 39.978795837122099 ], [ -75.198420069973807, 39.978778683738199 ], [ -75.198381626976598, 39.978761605484102 ], [ -75.198343120341093, 39.978744600585202 ], [ -75.198304552542993, 39.978727665492301 ], [ -75.1982659259901, 39.9787107984572 ], [ -75.198227243191994, 39.978693995030198 ], [ -75.198188507693004, 39.978677254389403 ], [ -75.198149719662197, 39.978660572033299 ], [ -75.198110883847903, 39.978643946265599 ], [ -75.198072001521695, 39.978627374411197 ], [ -75.198033075125494, 39.978610853821699 ], [ -75.197994107134903, 39.978594380947797 ], [ -75.197955101161995, 39.978577953166898 ], [ -75.197916057274298, 39.978561568678501 ], [ -75.197876981424201, 39.978545224911798 ], [ -75.197837872610606, 39.978528917339403 ], [ -75.197798735548204, 39.978512645165502 ], [ -75.197759571542406, 39.978496404814599 ], [ -75.197720383068798, 39.978480192737997 ], [ -75.197681173671995, 39.978464008113498 ], [ -75.197641943487, 39.978447847339901 ], [ -75.197602698500205, 39.978431706946502 ], [ -75.197563438779298, 39.978415585132502 ], [ -75.1975241667662, 39.978399479249497 ], [ -75.197484886106594, 39.9783833857744 ], [ -75.197445598072306, 39.978367302032503 ], [ -75.197406305071297, 39.978351226275201 ], [ -75.197367010749602, 39.978335154979703 ], [ -75.197327717549001, 39.978319085497297 ], [ -75.197288426741196, 39.978303015153301 ], [ -75.197249140734201, 39.978286942199098 ], [ -75.197209864378095, 39.9782708622378 ], [ -75.197170596570203, 39.9782547734426 ], [ -75.197131342126895, 39.978238672316898 ], [ -75.197092103422094, 39.978222558012298 ], [ -75.1970528817954, 39.978206426053603 ], [ -75.197013680858802, 39.978190273818299 ], [ -75.196974503020598, 39.978174099557897 ], [ -75.196935349552206, 39.978157900597701 ], [ -75.196896224133596, 39.978141672514603 ], [ -75.196857129139005, 39.978125414460401 ], [ -75.196818065907905, 39.978109121959797 ], [ -75.196779037984598, 39.9780927941908 ], [ -75.196740047878905, 39.978076426704298 ], [ -75.196701097964905, 39.978060018652101 ], [ -75.196662189582099, 39.978043565558899 ], [ -75.196623326308796, 39.978027065702598 ], [ -75.196584510620895, 39.978010515534002 ], [ -75.196545743756104, 39.977993913278901 ], [ -75.196507030497003, 39.977977256340601 ], [ -75.1964683710126, 39.977960540218 ], [ -75.196429768847594, 39.977943764088998 ], [ -75.1963912264778, 39.977926924404699 ], [ -75.196352746344999, 39.977910018516503 ], [ -75.196314330857504, 39.977893044676001 ], [ -75.196275982524995, 39.977875998434101 ], [ -75.196237703789294, 39.977858877142097 ], [ -75.1961994958546, 39.977841679926001 ], [ -75.1961613635372, 39.977824403288999 ], [ -75.196123308176496, 39.977807042755799 ], [ -75.1960853309767, 39.977789597452499 ], [ -75.196047436720093, 39.977772064782499 ], [ -75.196009625508296, 39.977754442044997 ], [ -75.195971902191502, 39.977736724843098 ], [ -75.195934268007605, 39.977718911402398 ], [ -75.195896725364705, 39.977700999974701 ], [ -75.195859275568594, 39.977682986984902 ], [ -75.195821924605696, 39.9776648689624 ], [ -75.195784671373602, 39.977646644080799 ], [ -75.195747519484499, 39.977628309717403 ], [ -75.195710472550601, 39.977609863249903 ], [ -75.195673530673602, 39.977591301977597 ], [ -75.195636698703495, 39.977572621503299 ], [ -75.195599977810701, 39.977553821853498 ], [ -75.195563370538693, 39.977534897678602 ], [ -75.195526880432197, 39.977515848156699 ], [ -75.195490549240802, 39.977496621958899 ], [ -75.195454467384195, 39.977477119284401 ], [ -75.195418630046404, 39.9774573436301 ], [ -75.195383031037906, 39.977437303868797 ], [ -75.195347663101202, 39.977417006145899 ], [ -75.195312522386999, 39.9773964593861 ], [ -75.195277599229598, 39.9773756714836 ], [ -75.195242889847606, 39.977354649562301 ], [ -75.195208386915397, 39.977333401568401 ], [ -75.195174083107304, 39.977311935448 ], [ -75.195139973471896, 39.977290258299199 ], [ -75.1951060506495, 39.977268378968397 ], [ -75.195072308484797, 39.977246305427798 ], [ -75.195038740889899, 39.9772240438488 ], [ -75.195005340505205, 39.9772016030781 ], [ -75.194972102379197, 39.977178990213403 ], [ -75.194939017982094, 39.977156214075201 ], [ -75.1949060835327, 39.977133281787303 ], [ -75.1948732905349, 39.977110201269902 ], [ -75.194840634003299, 39.977086980521001 ], [ -75.194808106645993, 39.977063626586499 ], [ -75.194775701103495, 39.977040148312703 ], [ -75.194743413628203, 39.977016551923299 ], [ -75.194711235690093, 39.976992846238602 ], [ -75.194679161133905, 39.976969039230497 ], [ -75.194647183837603, 39.976945137971001 ], [ -75.194615297611804, 39.976921151332398 ], [ -75.194583495198302, 39.976897085460102 ], [ -75.194551771577807, 39.976872949252503 ], [ -75.194520120628695, 39.976848749781396 ], [ -75.194488532650695, 39.976824495841001 ], [ -75.194457005032703, 39.976800194581202 ], [ -75.194425529278604, 39.976775853921801 ], [ -75.194394099266503, 39.976751480934801 ], [ -75.194362708807105, 39.976727084492197 ], [ -75.194331352948495, 39.976702671691903 ], [ -75.194300021990799, 39.976678251328202 ], [ -75.194268712220193, 39.976653828724103 ], [ -75.194237415038899, 39.976629414500401 ], [ -75.194206126733405, 39.976605013980503 ], [ -75.194174838739798, 39.976580636884599 ], [ -75.194143546106304, 39.976556290310597 ], [ -75.194112241541106, 39.976531981304099 ], [ -75.194080918854397, 39.976507718737302 ], [ -75.194049570754203, 39.9764835096558 ], [ -75.194018192255101, 39.976459362057597 ], [ -75.193986776030997, 39.976435283888698 ], [ -75.193955317130204, 39.976411282246602 ], [ -75.193923826099805, 39.976387325831098 ], [ -75.193892440804305, 39.976363174441097 ], [ -75.193865428825205, 39.976342065847298 ], [ -75.193861225057901, 39.976338781744701 ], [ -75.193830224835693, 39.976314139756099 ], [ -75.193799486044895, 39.976289242290001 ], [ -75.193769054592806, 39.976264083161098 ], [ -75.193738977624406, 39.976238654409897 ], [ -75.193709301080801, 39.976212948950902 ], [ -75.193680070834901, 39.976186961499103 ], [ -75.193651334031699, 39.976160684095198 ], [ -75.193623135441896, 39.9761341096278 ], [ -75.193595522142203, 39.976107231937902 ], [ -75.193568541243494, 39.976080043966498 ], [ -75.193542236346104, 39.976052538576099 ], [ -75.193516656866805, 39.976024709660201 ], [ -75.193491846439699, 39.975996549181197 ], [ -75.193467853311404, 39.975968051006397 ], [ -75.193444722252096, 39.975939208024698 ], [ -75.193422273364902, 39.975910070289203 ], [ -75.193400121046395, 39.9758807391324 ], [ -75.193378259106893, 39.975851223426702 ], [ -75.193356688513006, 39.975821528599802 ], [ -75.193335409027299, 39.975791660953803 ], [ -75.1933144239228, 39.975761626868596 ], [ -75.193293731825804, 39.9757314317199 ], [ -75.193273334872998, 39.975701080961599 ], [ -75.193253233963304, 39.975670581821802 ], [ -75.193233431267103, 39.975639938854101 ], [ -75.193213926513295, 39.975609159260699 ], [ -75.193194720634295, 39.975578249369697 ], [ -75.1931758158007, 39.975547213734401 ], [ -75.193157211741095, 39.975516059557201 ], [ -75.193138910592197, 39.975484792291702 ], [ -75.193120913320499, 39.975453417365799 ], [ -75.193103220824597, 39.975421942007699 ], [ -75.193085832900806, 39.975390371619 ], [ -75.193070758387407, 39.975362429772801 ], [ -75.193068752855893, 39.975358711679597 ], [ -75.193051980418502, 39.975326969391602 ], [ -75.1930355165549, 39.975295150182703 ], [ -75.193019363401703, 39.975263259506903 ], [ -75.193003520721305, 39.9752313036659 ], [ -75.192987989446294, 39.975199288987703 ], [ -75.192972772883195, 39.975167220952201 ], [ -75.192957869624195, 39.9751351058352 ], [ -75.192943187754594, 39.975102958707801 ], [ -75.192928560402805, 39.975070794772897 ], [ -75.192913982786706, 39.975038616626897 ], [ -75.192899454940203, 39.975006423369599 ], [ -75.192884974488905, 39.974974215849201 ], [ -75.192870540228895, 39.974941994939797 ], [ -75.192856153397898, 39.974909758867 ], [ -75.192841811553905, 39.974877510279498 ], [ -75.192827514764801, 39.974845247376699 ], [ -75.192813261792395, 39.974812971933098 ], [ -75.192799050330507, 39.974780682996297 ], [ -75.192784882685302, 39.974748381518701 ], [ -75.192770755312395, 39.974716068322401 ], [ -75.192756668245806, 39.974683742507203 ], [ -75.192742621451401, 39.974651404973301 ], [ -75.1927286114189, 39.9746190556424 ], [ -75.192714640488504, 39.974586694566803 ], [ -75.192700706251898, 39.9745543234948 ], [ -75.192686808777097, 39.974521940625898 ], [ -75.1926729456559, 39.9744895477086 ], [ -75.192659116922201, 39.9744571438424 ], [ -75.192645321338006, 39.974424730801999 ], [ -75.192631558937194, 39.974392307686998 ], [ -75.192617827379394, 39.974359874445298 ], [ -75.192604127766998, 39.9743274329036 ], [ -75.192590457793699, 39.9742949821092 ], [ -75.192576817459198, 39.974262522062503 ], [ -75.192563204389501, 39.9742300536114 ], [ -75.192549619754701, 39.974197576781997 ], [ -75.192536061180604, 39.974165092422403 ], [ -75.192522528700906, 39.974132599632398 ], [ -75.192509021077996, 39.974100100186298 ], [ -75.192495537175404, 39.974067593157997 ], [ -75.192482076993102, 39.974035078547303 ], [ -75.192468638123003, 39.974002558102697 ], [ -75.192455221769293, 39.973970030949999 ], [ -75.192441825591402, 39.973937497036999 ], [ -75.192428449521799, 39.973904958164198 ], [ -75.192415092424199, 39.973872413405402 ], [ -75.192401751958101, 39.973839862708303 ], [ -75.1923884304301, 39.973807307025503 ], [ -75.1923751243297, 39.9737747462786 ], [ -75.192361833623096, 39.973742181367797 ], [ -75.192348558310002, 39.973709612293298 ], [ -75.192335296084394, 39.973677038102601 ], [ -75.192322046878203, 39.973644460596198 ], [ -75.192308809555399, 39.973611878847798 ], [ -75.192295584048097, 39.973579294657902 ], [ -75.192282369219996, 39.973546707100198 ], [ -75.192269162730994, 39.973514116122402 ], [ -75.192255965683202, 39.9734815235513 ], [ -75.192242775804402, 39.973448927534101 ], [ -75.192229592992803, 39.973416330771599 ], [ -75.192216416146096, 39.973383731437103 ], [ -75.192203245230303, 39.973351130431098 ], [ -75.192190077871402, 39.973318528601503 ], [ -75.1921769141032, 39.973285925048103 ], [ -75.192163752721797, 39.9732533206451 ], [ -75.192150593693199, 39.973220716292701 ], [ -75.192137435881307, 39.973188111064601 ], [ -75.192124276877905, 39.973155506709098 ], [ -75.192111117887194, 39.973122902352102 ], [ -75.192097957739094, 39.973090297967403 ], [ -75.192084794059397, 39.973057694403302 ], [ -75.192071626814098, 39.973025092559801 ], [ -75.192058456037401, 39.9729924915368 ], [ -75.192045280559, 39.972959891308101 ], [ -75.192032099107095, 39.972927294548597 ], [ -75.192018910613299, 39.972894698531199 ], [ -75.192005713839905, 39.972862105030501 ], [ -75.191992508786697, 39.972829514046403 ], [ -75.191979294249805, 39.972796926453 ], [ -75.191966070263106, 39.972764341350199 ], [ -75.191952834452593, 39.972731759585997 ], [ -75.191939586818094, 39.972699181160401 ], [ -75.191926327326001, 39.972666606973597 ], [ -75.191913053635801, 39.972634036973702 ], [ -75.191899764577698, 39.972601471134197 ], [ -75.191886461287794, 39.972568910381703 ], [ -75.191873141459894, 39.972536353763601 ], [ -75.191859803856005, 39.972503803054501 ], [ -75.191846449680199, 39.9724712573801 ], [ -75.191833075388402, 39.972438717562397 ], [ -75.191819682150594, 39.972406183627598 ], [ -75.191806268796796, 39.972373655549497 ], [ -75.191792834123007, 39.972341134202203 ], [ -75.191779375822904, 39.972308618633299 ], [ -75.191765894998994, 39.972276110669597 ], [ -75.191752391651207, 39.972243610310699 ], [ -75.191738862269204, 39.9722111174787 ], [ -75.1917190968407, 39.972152851044299 ], [ -75.191708168107596, 39.972119682767897 ], [ -75.1916974320919, 39.972086434993102 ], [ -75.191686878093293, 39.972053111986298 ], [ -75.191676495411102, 39.972019718014302 ], [ -75.191666273344893, 39.971986257343303 ], [ -75.1916562023642, 39.971952734266097 ], [ -75.191646271802597, 39.971919152148999 ], [ -75.191636472061901, 39.9718855170849 ], [ -75.191626791339303, 39.971851831513902 ], [ -75.191617221206798, 39.971818101555101 ], [ -75.191607749861703, 39.971784329648401 ], [ -75.191598366535999, 39.971750521860699 ], [ -75.191589061767104, 39.971716680684303 ], [ -75.1915798259909, 39.971682811311901 ], [ -75.191570648506897, 39.971648918009997 ], [ -75.191561518615103, 39.971615005045102 ], [ -75.191552425615001, 39.971581076683599 ], [ -75.191543358806399, 39.971547137191997 ], [ -75.191534309829294, 39.971513190888899 ], [ -75.191525266813201, 39.971479242014901 ], [ -75.191516219058201, 39.971445294836201 ], [ -75.191507157033996, 39.9714113536455 ], [ -75.191498071244297, 39.971377421835001 ], [ -75.191488949751303, 39.971343505445603 ], [ -75.191479784262697, 39.971309606995497 ], [ -75.1914705616704, 39.9712757324994 ], [ -75.1914612736485, 39.971241885375598 ], [ -75.191451909530798, 39.9712080689904 ], [ -75.191442458583197, 39.971174288510497 ], [ -75.191432910071896, 39.9711405491025 ], [ -75.191423255704706, 39.971106853284603 ], [ -75.191413482373804, 39.971073207071399 ], [ -75.191403582957093, 39.9710396130072 ], [ -75.191393543210594, 39.971006076180402 ], [ -75.191383357114603, 39.970972600961701 ], [ -75.191373010459003, 39.970939191539401 ], [ -75.191362494849997, 39.970905853132102 ], [ -75.1913518008257, 39.970872588231998 ], [ -75.191340916482304, 39.970839401979397 ], [ -75.191329831119702, 39.970806298641001 ], [ -75.191318536378404, 39.970773282535198 ], [ -75.191307020388393, 39.970740357902301 ], [ -75.191295273586107, 39.970707529934998 ], [ -75.191283285339395, 39.9706748010992 ], [ -75.1912710449147, 39.970642176561498 ], [ -75.191258542782293, 39.9706096606144 ], [ -75.191245768242396, 39.970577257524198 ], [ -75.191232710595202, 39.970544971557203 ], [ -75.191219360311095, 39.970512807005903 ], [ -75.191205706690397, 39.970480768136603 ], [ -75.1911917390334, 39.970448859215701 ], [ -75.191177447810404, 39.970417084535399 ], [ -75.191162821151707, 39.970385448336202 ], [ -75.191147851867797, 39.970353954962398 ], [ -75.191132525748799, 39.970322608602302 ], [ -75.191116834401399, 39.970291414474403 ], [ -75.191100768363796, 39.970260375070602 ], [ -75.191084316902305, 39.970229495557398 ], [ -75.191067468147494, 39.970198780175103 ], [ -75.191050212569607, 39.970168233215901 ], [ -75.191032540639199, 39.970137858972102 ], [ -75.191014441622698, 39.970107662610303 ], [ -75.190995823849804, 39.970077652897899 ], [ -75.190976405119002, 39.970047860482403 ], [ -75.190956183056997, 39.970018286211499 ], [ -75.190935178691703, 39.969988931454701 ], [ -75.190913414322495, 39.969959794906799 ], [ -75.190890913317403, 39.969930877989597 ], [ -75.190867696737698, 39.969902181172401 ], [ -75.190843785678993, 39.969873704024202 ], [ -75.190819204712696, 39.969845447092503 ], [ -75.190793976036602, 39.9698174117731 ], [ -75.190768119609601, 39.969789596708502 ], [ -75.190741658833105, 39.969762002420502 ], [ -75.190714615904596, 39.969734630304501 ], [ -75.190687013089303, 39.969707479955801 ], [ -75.190658873788195, 39.969680551895898 ], [ -75.190630217926497, 39.9696538456678 ], [ -75.190601068871402, 39.969627362693501 ], [ -75.190571447717801, 39.969601102541901 ], [ -75.190541379036702, 39.9695750657609 ], [ -75.190510882719195, 39.969549252793698 ], [ -75.190479982200003, 39.969523663261803 ], [ -75.190448699676296, 39.9694982985609 ], [ -75.190417056242495, 39.9694731582603 ], [ -75.190385075299702, 39.969448242881697 ], [ -75.190352779078694, 39.969423552920702 ], [ -75.190320188673894, 39.969399087946599 ], [ -75.190287327486104, 39.969374848481202 ], [ -75.190254216576093, 39.969350834994103 ], [ -75.190220879344295, 39.969327048007102 ], [ -75.190187336851295, 39.969303487989897 ], [ -75.190153612531603, 39.969280154564103 ], [ -75.190119726241903, 39.969257049073398 ], [ -75.190085703790402, 39.9692341702916 ], [ -75.190051563863605, 39.969211519536401 ], [ -75.190017331031797, 39.969189097355901 ], [ -75.189983026389598, 39.969166903319703 ], [ -75.189948672167205, 39.969144937923701 ], [ -75.1899142905948, 39.969123201663699 ], [ -75.189879905106693, 39.969101694161701 ], [ -75.189845536695302, 39.969080417688097 ], [ -75.189811206522606, 39.969059370011898 ], [ -75.189776862851801, 39.969038587821402 ], [ -75.189742096829605, 39.969018262017499 ], [ -75.189706861145595, 39.968998405059402 ], [ -75.189671174130396, 39.968978996632501 ], [ -75.189635055284398, 39.968960016448399 ], [ -75.1895985252104, 39.9689414460452 ], [ -75.189561602239095, 39.968923265108302 ], [ -75.189524305871004, 39.9689054533494 ], [ -75.189486656708695, 39.968887992306598 ], [ -75.189448671946906, 39.968870860739202 ], [ -75.189410373392306, 39.968854039311204 ], [ -75.189371779307606, 39.968837509508603 ], [ -75.189332910431503, 39.968821249268998 ], [ -75.189293783822507, 39.968805240952399 ], [ -75.189254420151698, 39.968789464296698 ], [ -75.189214840123597, 39.968773898139503 ], [ -75.189175060797197, 39.968758524841299 ], [ -75.189135102877103, 39.9687433232396 ], [ -75.189094985830195, 39.968728273946603 ], [ -75.189054729157306, 39.9687133566743 ], [ -75.189014351155393, 39.968698552008497 ], [ -75.188973873597604, 39.968683841513901 ], [ -75.188933313712496, 39.968669203049799 ], [ -75.188892692069302, 39.968654619055101 ], [ -75.188852027032894, 39.968640068315402 ], [ -75.188811339240502, 39.968625531469002 ], [ -75.188770648158993, 39.9686109891284 ], [ -75.188729970949595, 39.968596420953403 ], [ -75.188689330623305, 39.968581806734399 ], [ -75.188648744273394, 39.968567127931898 ], [ -75.188608231367198, 39.968552365158203 ], [ -75.188567812643697, 39.968537496351303 ], [ -75.188527506332207, 39.968522503898001 ], [ -75.188487333104106, 39.968507367536603 ], [ -75.188447310120594, 39.968492066927297 ], [ -75.188407459189094, 39.968476582734702 ], [ -75.188367798606905, 39.968460895545498 ], [ -75.188328347909405, 39.968444984171597 ], [ -75.188289126496201, 39.968428831026301 ], [ -75.188250155106402, 39.968412414047499 ], [ -75.188211450799699, 39.968395715596301 ], [ -75.188172935877304, 39.968378808721802 ], [ -75.188134296761504, 39.968361997271103 ], [ -75.188095518970698, 39.9683452926337 ], [ -75.188056619292297, 39.968328684372302 ], [ -75.188017610003797, 39.968312157443698 ], [ -75.187978506756707, 39.968295700484198 ], [ -75.187939322930504, 39.968279300277302 ], [ -75.187900074210503, 39.9682629445591 ], [ -75.187860773942504, 39.968246621013201 ], [ -75.187821435539703, 39.968230315523101 ], [ -75.187782074687902, 39.968214015824898 ], [ -75.187742705868601, 39.968197710528798 ], [ -75.187703342461305, 39.968181386418401 ], [ -75.187663999049505, 39.968165029403202 ], [ -75.187624690115101, 39.968148628093701 ], [ -75.187585430207406, 39.968132169299501 ], [ -75.187546233842198, 39.968115640730801 ], [ -75.187507114365204, 39.9680990300715 ], [ -75.187468087529993, 39.968082323257498 ], [ -75.187429166648201, 39.968065508872897 ], [ -75.187390366303504, 39.968048572827499 ], [ -75.1873516997737, 39.968031504605797 ], [ -75.187313182846395, 39.9680142892433 ], [ -75.187274830003503, 39.967996915350703 ], [ -75.187236654624598, 39.9679793697116 ], [ -75.187198671225403, 39.967961640036499 ], [ -75.187160894355898, 39.967943713135199 ], [ -75.187123338531606, 39.967925576718201 ], [ -75.187086018268502, 39.967907218495597 ], [ -75.187048945810304, 39.967888624325198 ], [ -75.187012139114799, 39.967869783796097 ], [ -75.186975609323795, 39.9678506809393 ], [ -75.186939372021001, 39.967831306192103 ], [ -75.186903441790406, 39.967811645464302 ], [ -75.186867833147801, 39.967791686466398 ], [ -75.186832559472805, 39.967771415982398 ], [ -75.186797635281494, 39.967750821722802 ], [ -75.186763075123494, 39.967729890497701 ], [ -75.186728893480705, 39.967708610918002 ], [ -75.186695104970894, 39.967686967993203 ], [ -75.186661685446694, 39.9676649810066 ], [ -75.186628401929497, 39.967642834866503 ], [ -75.186595212076298, 39.967620565568502 ], [ -75.186562113479397, 39.967598174860903 ], [ -75.186529108444802, 39.967575663696302 ], [ -75.1864961968367, 39.967553035675699 ], [ -75.186463377485197, 39.967530290773098 ], [ -75.186430652662395, 39.967507430841401 ], [ -75.186398021096394, 39.967484458555397 ], [ -75.186365483923495, 39.9674613748412 ], [ -75.186333039905605, 39.967438181473597 ], [ -75.186300690144904, 39.9674148802793 ], [ -75.1862684357435, 39.967391473084703 ], [ -75.186236276667501, 39.967367960790497 ], [ -75.186204211678998, 39.967344345170901 ], [ -75.186172241846094, 39.967320628952997 ], [ -75.186140367134797, 39.967296813037102 ], [ -75.186108588681194, 39.967272898349599 ], [ -75.186076905179505, 39.967248888465498 ], [ -75.186045317799696, 39.967224783411098 ], [ -75.186013827609798, 39.967200585913197 ], [ -75.185982432235903, 39.96717629682 ], [ -75.185951133916205, 39.967151918884497 ], [ -75.185919932650506, 39.967127452106901 ], [ -75.185888828303106, 39.9671029000882 ], [ -75.185857822043999, 39.967078262854599 ], [ -75.185826911431107, 39.967053543054703 ], [ -75.185796099940504, 39.9670287416672 ], [ -75.185765385130296, 39.9670038613407 ], [ -75.185734769306507, 39.966978903027801 ], [ -75.185704251197095, 39.966953869403198 ], [ -75.185673830836095, 39.966928759566699 ], [ -75.185643510393703, 39.9669035780719 ], [ -75.185613288699699, 39.966878324892797 ], [ -75.185583164482196, 39.966853002703999 ], [ -75.185553141217099, 39.966827612484401 ], [ -75.185523216462698, 39.966802156882402 ], [ -75.185493391388704, 39.966776635924298 ], [ -75.185463665893195, 39.966751052310897 ], [ -75.185434041078196, 39.9667254078689 ], [ -75.185404516875707, 39.966699704398899 ], [ -75.185375092081699, 39.966673942775103 ], [ -75.185345768968105, 39.966648124850401 ], [ -75.185316545092903, 39.9666222532733 ], [ -75.185287423932195, 39.966596329022501 ], [ -75.185258403111902, 39.9665703529461 ], [ -75.1852294836998, 39.966544327771203 ], [ -75.185200666798195, 39.966518255324303 ], [ -75.185171951202705, 39.966492136479701 ], [ -75.185143338015493, 39.966465973064103 ], [ -75.185114827134399, 39.966439767778297 ], [ -75.185086418559493, 39.966413520622403 ], [ -75.185058112188599, 39.966387234297301 ], [ -75.185029909089707, 39.966360911529897 ], [ -75.185001809296807, 39.966334551420097 ], [ -75.184973812673803, 39.966308157568903 ], [ -75.184945919186703, 39.966281730876503 ], [ -75.184918131073204, 39.966255274096298 ], [ -75.184890444823395, 39.966228787149802 ], [ -75.184862863845197, 39.966202272816197 ], [ -75.184835386900602, 39.966175732869999 ], [ -75.184808055924407, 39.966149142119598 ], [ -75.184781246434397, 39.9661222620838 ], [ -75.184755024546803, 39.966095047388599 ], [ -75.184729365011805, 39.966067515490003 ], [ -75.184704238035806, 39.9660396801386 ], [ -75.184679617267093, 39.966011556963799 ], [ -75.184655475115903, 39.965983163369003 ], [ -75.184631784162505, 39.9659545122569 ], [ -75.184608515647398, 39.9659256210048 ], [ -75.184585643252802, 39.9658965043417 ], [ -75.184563139423204, 39.9658671787709 ], [ -75.184540975500795, 39.9658376589691 ], [ -75.184519125168293, 39.965807959665199 ], [ -75.1844975596658, 39.965778098236598 ], [ -75.184476252675907, 39.965748089412003 ], [ -75.184455175507196, 39.965717948768301 ], [ -75.184434301807997, 39.965687691934598 ], [ -75.184413602920998, 39.965657333587401 ], [ -75.184393051290797, 39.9656268902297 ], [ -75.184372620565696, 39.965596377490698 ], [ -75.184352282054604, 39.965565810946998 ], [ -75.184332008270104, 39.965535205301101 ], [ -75.184311771656894, 39.965504577056201 ], [ -75.1842915447276, 39.965473940914698 ], [ -75.184271301097098, 39.965443313405899 ], [ -75.184251010972105, 39.965412708279601 ], [ -75.184230649069406, 39.965382143891702 ], [ -75.184210186799802, 39.965351633117898 ], [ -75.184189595404305, 39.965321193335299 ], [ -75.184168848599697, 39.965290838372098 ], [ -75.184147919966904, 39.965260585657802 ], [ -75.184126779712997, 39.965230448942101 ], [ -75.184105401418904, 39.965200445654197 ], [ -75.184083757631598, 39.965170589596298 ], [ -75.184061820796202, 39.965140897271198 ], [ -75.184039589708803, 39.965111369552702 ], [ -75.184017350212997, 39.965081847948497 ], [ -75.183995181192401, 39.965052290073203 ], [ -75.183973075490997, 39.965022699370898 ], [ -75.183951023579198, 39.964993080133503 ], [ -75.1839290183011, 39.964963435805203 ], [ -75.183907053637, 39.964933770756197 ], [ -75.183885120091006, 39.964904088378297 ], [ -75.183863210473405, 39.964874393015798 ], [ -75.1838413175944, 39.964844689012999 ], [ -75.183819434332193, 39.964814978913502 ], [ -75.183797551157198, 39.964785267009297 ], [ -75.183775662049499, 39.964755557670898 ], [ -75.183753758683494, 39.964725854316001 ], [ -75.183731835005204, 39.964696162215297 ], [ -75.183709880417297, 39.964666482933701 ], [ -75.183687888865805, 39.964636821741898 ], [ -75.183665853161102, 39.964607182984203 ], [ -75.183643766181504, 39.964577569204202 ], [ -75.183621618397197, 39.964547984693702 ], [ -75.183599403754798, 39.964518434723502 ], [ -75.183577113996293, 39.964488920910703 ], [ -75.183554740694305, 39.964459449373997 ], [ -75.183543094791006, 39.964444193359199 ], [ -75.183532277897001, 39.964430022682997 ], [ -75.183509716108901, 39.964400644229499 ], [ -75.183487049276195, 39.964371319283998 ], [ -75.1834707316238, 39.9643503535736 ], [ -75.183746693885098, 39.964287626911201 ], [ -75.184314594408704, 39.964113986963198 ], [ -75.185212753809196, 39.963766964063304 ], [ -75.185651530240506, 39.9636360204372 ], [ -75.186440372629306, 39.963490308184198 ], [ -75.187418060330401, 39.963376356054503 ], [ -75.187554068651096, 39.963940405268303 ], [ -75.187658191730804, 39.964496210653799 ], [ -75.187736798147895, 39.9648349119675 ], [ -75.187934976299502, 39.965083524414702 ], [ -75.188521495376193, 39.965603886006299 ], [ -75.188762361293001, 39.965790691920198 ], [ -75.188989998450793, 39.965919832101697 ], [ -75.189430081591198, 39.966109685525403 ], [ -75.189788551101998, 39.966245403611197 ], [ -75.190597254086299, 39.966505490685599 ], [ -75.191039570256294, 39.966601834992701 ], [ -75.192141915690897, 39.9668976611514 ], [ -75.192268722851793, 39.967531715906901 ], [ -75.192311754062004, 39.967733661998103 ], [ -75.192568294634697, 39.9677958743017 ], [ -75.192895562499899, 39.967875226256801 ], [ -75.193222538997304, 39.967955027579599 ], [ -75.193548928221205, 39.968035735698699 ], [ -75.193874431932997, 39.9681178079936 ], [ -75.194198754207605, 39.968201702799497 ], [ -75.194521596753106, 39.968287879303197 ], [ -75.194842663692199, 39.968376794946401 ], [ -75.195161656780598, 39.968468908022103 ], [ -75.195478278950304, 39.968564676852601 ], [ -75.195766572614303, 39.9686657193851 ], [ -75.198528951020407, 39.969454610288899 ], [ -75.203724478195696, 39.970938140714999 ], [ -75.2036530662416, 39.970542039622103 ], [ -75.204017000601297, 39.970672293997303 ], [ -75.204522926082404, 39.970843952847403 ], [ -75.204993822900704, 39.970996497980003 ], [ -75.205418130478293, 39.971120503965103 ], [ -75.205653838508695, 39.971189904645797 ], [ -75.205819143191306, 39.971230240739999 ], [ -75.205953325697394, 39.971271812939001 ], [ -75.205971446410402, 39.971388288270497 ], [ -75.205980838401501, 39.971438687798702 ], [ -75.206136699428896, 39.971481085476803 ], [ -75.206458961602095, 39.971570913465598 ], [ -75.206780970893405, 39.971661918843999 ], [ -75.207102972492507, 39.971753245688397 ], [ -75.207425212642903, 39.971844040798999 ], [ -75.207747937607195, 39.971933450072903 ], [ -75.208071393633105, 39.972020619404603 ], [ -75.208395825782901, 39.972104694659897 ], [ -75.2086479860195, 39.972168033804103 ], [ -75.209372241749605, 39.972347937818597 ], [ -75.210024282295393, 39.972507556444 ], [ -75.212150038950796, 39.973020726890901 ], [ -75.212173132617195, 39.973146510201303 ], [ -75.212214779409393, 39.973251709578598 ], [ -75.212822929265698, 39.973183313245698 ], [ -75.213889746954905, 39.973063324945699 ], [ -75.216334465320799, 39.972799907078503 ], [ -75.217769865909901, 39.972636076166602 ], [ -75.217439394981994, 39.972443714059899 ], [ -75.217173812355995, 39.970360460154602 ], [ -75.217848988857298, 39.970289715123599 ], [ -75.220187349927002, 39.970056498524301 ], [ -75.2208257638286, 39.969991190251903 ], [ -75.221322279922802, 39.969941598612401 ], [ -75.223121379698597, 39.969756786542803 ], [ -75.224073622328305, 39.969658914385903 ], [ -75.2246327576634, 39.969604627757697 ], [ -75.224897552433006, 39.969577285827299 ], [ -75.225375465091005, 39.969526874559101 ], [ -75.225618710883793, 39.970488280380003 ], [ -75.225836708938303, 39.971373734638902 ], [ -75.225844163675902, 39.971439822824102 ], [ -75.226569555291405, 39.971353097687498 ], [ -75.227233653815304, 39.9712831179137 ], [ -75.227991288966393, 39.971199061423 ], [ -75.2287381195205, 39.971116733052803 ], [ -75.228884255202601, 39.971910211795198 ], [ -75.229029096259396, 39.972653627665203 ], [ -75.229151117415, 39.973306920725101 ], [ -75.229268952438105, 39.973935144207303 ], [ -75.229356400777206, 39.974427702826901 ], [ -75.229434432844101, 39.974837848491497 ], [ -75.229564133688697, 39.975525007751799 ], [ -75.229857854307795, 39.977078760385702 ], [ -75.230029476170003, 39.978019668053101 ], [ -75.230172897731606, 39.9788037693394 ], [ -75.230799272951003, 39.9791012852466 ], [ -75.232100443143196, 39.979703238766803 ], [ -75.232424253471393, 39.979806571754096 ], [ -75.232841323096295, 39.979972845829103 ], [ -75.233962784005797, 39.980383262035801 ], [ -75.234072180528401, 39.980335297426002 ], [ -75.235690938582295, 39.980812750061197 ], [ -75.236165582671902, 39.980979350470399 ], [ -75.239045405420796, 39.9819600132247 ], [ -75.238747316881401, 39.982391170327098 ], [ -75.238615190643102, 39.982611218345198 ], [ -75.238050445137503, 39.983551753717201 ], [ -75.237243381302207, 39.984849379467299 ], [ -75.237393170253995, 39.9848631814898 ], [ -75.237775984323306, 39.9849871139714 ], [ -75.238232811731507, 39.9850421540702 ], [ -75.239630597098397, 39.985165694969503 ], [ -75.239658847298102, 39.9851681914433 ], [ -75.240155677492098, 39.985222942804597 ], [ -75.241262958786606, 39.985324573841801 ], [ -75.242884276224103, 39.985498016617001 ], [ -75.243420149039395, 39.9855547517476 ], [ -75.243887077692804, 39.985593519632303 ], [ -75.244241262399697, 39.985640333373503 ], [ -75.244492935472493, 39.985676237073903 ], [ -75.244672837086995, 39.985728817759799 ], [ -75.244820156172594, 39.985804262328699 ], [ -75.2449906777438, 39.985899961050997 ], [ -75.245105588750704, 39.985999776109203 ], [ -75.245179831627397, 39.986103597699099 ], [ -75.245481300487697, 39.986628500796101 ], [ -75.246442345053893, 39.986183276943997 ], [ -75.246700162989796, 39.986063834722103 ], [ -75.247376364194395, 39.9857391462903 ], [ -75.247524119659801, 39.9856743431693 ], [ -75.247833985792695, 39.985531392112499 ], [ -75.248192103656294, 39.985478579316798 ], [ -75.248994317441102, 39.985118630005601 ], [ -75.248670875362507, 39.984689423114901 ], [ -75.248348647001094, 39.982977635245703 ], [ -75.249750715544295, 39.982272212160296 ], [ -75.251066457945797, 39.981610194711699 ], [ -75.251444550907806, 39.981417609555798 ], [ -75.251777092956402, 39.981253732789298 ], [ -75.252212337261696, 39.981021599638602 ], [ -75.252546452609195, 39.980779158028703 ], [ -75.252860470722595, 39.980499529542399 ], [ -75.253107396104198, 39.980189764756503 ], [ -75.253293316704898, 39.979886291997502 ], [ -75.253499067613205, 39.979542721141797 ], [ -75.253718807121302, 39.9792870060814 ], [ -75.253932155768396, 39.979076271379299 ], [ -75.254255398952196, 39.978844560900001 ], [ -75.254473581626002, 39.978712488532999 ], [ -75.254821165183699, 39.9785580755034 ], [ -75.255026118128598, 39.978477767324001 ], [ -75.255076505020597, 39.978457893133303 ], [ -75.255459915069494, 39.9783066618348 ], [ -75.255927022564606, 39.978129732105401 ], [ -75.2556647708209, 39.976764881551397 ], [ -75.255493766649593, 39.975863207391299 ], [ -75.255434312230193, 39.975532137695801 ], [ -75.255328043266303, 39.974955301987102 ], [ -75.255198715072098, 39.9742697731416 ], [ -75.255010326013902, 39.9732824305229 ], [ -75.254903791996398, 39.972700028461503 ], [ -75.254772990100406, 39.971947035019497 ], [ -75.255106502277101, 39.970043099325302 ], [ -75.253444140517601, 39.969831779129699 ], [ -75.253746307936296, 39.9682824591752 ], [ -75.252012531599703, 39.968083752347397 ], [ -75.250803233834802, 39.967946522718599 ], [ -75.250830398839497, 39.967803779407099 ], [ -75.250921510436299, 39.967436755052503 ], [ -75.250988338432506, 39.9671243658089 ], [ -75.251122181045901, 39.966407146072001 ], [ -75.250937230346096, 39.966375596320098 ], [ -75.250604272260901, 39.966335137964599 ], [ -75.250400332278602, 39.966316235354697 ], [ -75.250220268767507, 39.966301065497298 ], [ -75.250135010437106, 39.966308148526998 ], [ -75.249294312801794, 39.966202040100697 ], [ -75.2487551331904, 39.966135129910697 ], [ -75.248159590687905, 39.966060414585002 ], [ -75.247170957408201, 39.965936764177698 ], [ -75.247467085781594, 39.9645174959822 ], [ -75.247465213598403, 39.964461390044399 ], [ -75.247449171685204, 39.964399989862599 ], [ -75.247402330262105, 39.964350919205103 ], [ -75.247311133841507, 39.964314079673798 ], [ -75.247211231675493, 39.964299777682697 ], [ -75.247112626880906, 39.964303687719401 ], [ -75.247005538051297, 39.964324080939598 ], [ -75.246865222814193, 39.964337688218201 ], [ -75.246427603984102, 39.964285671920202 ], [ -75.246686249613603, 39.963047512270101 ], [ -75.246755825589602, 39.962714438842703 ], [ -75.247197003217295, 39.962758227297101 ], [ -75.247219443959096, 39.962767265423899 ], [ -75.247690074028696, 39.962826646385899 ], [ -75.247661604442598, 39.962941994803302 ], [ -75.247607449708994, 39.963001947770302 ], [ -75.247491248773699, 39.963128734473898 ], [ -75.247421395497696, 39.963200101093598 ], [ -75.247400912744197, 39.963258436823899 ], [ -75.247407216280394, 39.963336167717003 ], [ -75.247437513487995, 39.963426177189397 ], [ -75.247482296290997, 39.963537665091501 ], [ -75.247566859017397, 39.9636476690062 ], [ -75.247687022070593, 39.963786665628199 ], [ -75.247781176605102, 39.9638851215215 ], [ -75.2479056920631, 39.963988943501903 ], [ -75.248059558707595, 39.964083999021597 ], [ -75.248617685952595, 39.964361865069399 ], [ -75.248969985939993, 39.964503568349201 ], [ -75.249467344792507, 39.964730727562497 ], [ -75.249851592291705, 39.964917799928898 ], [ -75.249914327460999, 39.964956787787898 ], [ -75.249991809903307, 39.965010204652103 ], [ -75.2500575136349, 39.965051607795601 ], [ -75.250136033736695, 39.965076831737697 ], [ -75.250224320047806, 39.9650858090992 ], [ -75.250316264014998, 39.965078406778296 ], [ -75.250449543300405, 39.965027230147903 ], [ -75.250607940755899, 39.964957791448001 ], [ -75.250760230613196, 39.964888218599 ], [ -75.250916062354094, 39.964846938121397 ], [ -75.251050665937299, 39.964842815958001 ], [ -75.251104760450403, 39.964867507252599 ], [ -75.2512036181799, 39.964921387912398 ], [ -75.251285825117805, 39.965012527630797 ], [ -75.251344385346599, 39.965081990771203 ], [ -75.251338912147204, 39.965147707856097 ], [ -75.251343031991397, 39.965201877724702 ], [ -75.251371490141096, 39.965258928287099 ], [ -75.251373486387195, 39.965260716076202 ], [ -75.251430655542194, 39.965311945261703 ], [ -75.251499672166901, 39.965346365841697 ], [ -75.2516059319302, 39.965365138947298 ], [ -75.2517101760684, 39.965355651750698 ], [ -75.2518146805008, 39.965339117174999 ], [ -75.251925117119001, 39.9653274139283 ], [ -75.252096706562895, 39.9653146903253 ], [ -75.252337512511005, 39.965289365504901 ], [ -75.252638031767006, 39.9652606376292 ], [ -75.252846087551703, 39.965253409787401 ], [ -75.252974757211106, 39.965244453039602 ], [ -75.253079432687002, 39.965223218778497 ], [ -75.253224146562403, 39.965193449352398 ], [ -75.253317330774607, 39.9652354494702 ], [ -75.253410774155896, 39.965270400398197 ], [ -75.253585044324296, 39.965309461437201 ], [ -75.253715385177898, 39.965338161948999 ], [ -75.253939258648401, 39.965399463156302 ], [ -75.254048831804695, 39.965411252215702 ], [ -75.254143484204405, 39.965413311176697 ], [ -75.254225373622603, 39.965346904646701 ], [ -75.254304121715407, 39.965282781317399 ], [ -75.254340038950104, 39.965220077922602 ], [ -75.254382839045604, 39.965136362680703 ], [ -75.254459138387205, 39.965055726714198 ], [ -75.254546701695105, 39.965001200389104 ], [ -75.254634696371994, 39.964934926369402 ], [ -75.254741355631097, 39.9648596536654 ], [ -75.254940130304902, 39.964772275425403 ], [ -75.255115401602396, 39.9647008459674 ], [ -75.255269532074394, 39.964664224916 ], [ -75.255411017590305, 39.964639085749198 ], [ -75.255546741952301, 39.964604415733099 ], [ -75.255689089857995, 39.9645557818613 ], [ -75.255814066856701, 39.964480906410799 ], [ -75.255855053323998, 39.964446528153204 ], [ -75.255894107415997, 39.964381540918097 ], [ -75.255969627862001, 39.964322048604203 ], [ -75.256085271919204, 39.964251672266698 ], [ -75.256195413360999, 39.964164716950002 ], [ -75.256283750282407, 39.964089044637802 ], [ -75.256385421393304, 39.963983095104901 ], [ -75.256588822425996, 39.9638111685422 ], [ -75.256689630385793, 39.963728713109496 ], [ -75.256748847881894, 39.963697081405201 ], [ -75.256819503726106, 39.9636868606514 ], [ -75.256902199206706, 39.963681603725 ], [ -75.256984118742494, 39.9636974914051 ], [ -75.257129381162102, 39.963735916816503 ], [ -75.257253701831402, 39.963762130962998 ], [ -75.257338588943398, 39.963780434439997 ], [ -75.257421284497696, 39.963775177139603 ], [ -75.257489317720498, 39.963753141997103 ], [ -75.257545741013502, 39.963714395347701 ], [ -75.257632782963, 39.963673963112797 ], [ -75.257707352993194, 39.963640313740697 ], [ -75.257790911396498, 39.963611561820301 ], [ -75.257861479662907, 39.963603689207503 ], [ -75.257936776201504, 39.963633540028702 ], [ -75.257995945309403, 39.963686553620803 ], [ -75.258016603176003, 39.963748136172697 ], [ -75.258015433999205, 39.963863323792403 ], [ -75.258016455464002, 39.9640020720895 ], [ -75.257994344129202, 39.964105048762796 ], [ -75.2579644519205, 39.964170235658102 ], [ -75.257946428271097, 39.964245085748402 ], [ -75.257947067656701, 39.964310934871598 ], [ -75.257977896313804, 39.964386846010598 ], [ -75.258010706035407, 39.964408720130102 ], [ -75.258061577915498, 39.964438040365103 ], [ -75.258122039296495, 39.964455812744198 ], [ -75.258192178679806, 39.964459687594399 ], [ -75.2582746164816, 39.964461477903903 ], [ -75.258341960743394, 39.964458238122702 ], [ -75.258409046532705, 39.964462045626803 ], [ -75.258472044683401, 39.9644939805831 ], [ -75.258512980425607, 39.964544246363801 ], [ -75.2585496574643, 39.964627338166103 ], [ -75.258593709075399, 39.9647176439234 ], [ -75.258640493878204, 39.9647750904969 ], [ -75.258686417176406, 39.964856031436803 ], [ -75.258708775190996, 39.964912947597 ], [ -75.258715694921804, 39.964974231705 ], [ -75.258718355987995, 39.965068340954403 ], [ -75.258714774408503, 39.965249312291498 ], [ -75.258702512884398, 39.965333692113802 ], [ -75.258712744808093, 39.965387994299299 ], [ -75.258740779590198, 39.965456790702198 ], [ -75.258768814462101, 39.965525586197799 ], [ -75.258800418806899, 39.965580352411003 ], [ -75.258841613905105, 39.965623569847203 ], [ -75.258892314728797, 39.965657589130601 ], [ -75.258976860078803, 39.965685288429299 ], [ -75.259080156064599, 39.965701638634798 ], [ -75.259217468802504, 39.9657069710968 ], [ -75.2593366351702, 39.965707206332702 ], [ -75.259403205413705, 39.965725110609803 ], [ -75.259425994968097, 39.965770279883898 ], [ -75.259430207473599, 39.965822098851802 ], [ -75.259430331448598, 39.965902046218801 ], [ -75.259452777743704, 39.965956612548801 ], [ -75.259554351660398, 39.966019951108699 ], [ -75.259651024112998, 39.966050264692697 ], [ -75.259780940695293, 39.966090705112101 ], [ -75.259911114644893, 39.966124096230502 ], [ -75.260067046412701, 39.966205073225403 ], [ -75.260312301034404, 39.966266825793603 ], [ -75.2604928283627, 39.9663229667594 ], [ -75.260586004351296, 39.966282653629101 ], [ -75.260664078643899, 39.966279056001 ], [ -75.260753089497598, 39.966289806853801 ], [ -75.260831423313405, 39.966279158206397 ], [ -75.2609355990258, 39.966251431460002 ], [ -75.261028902617198, 39.966207593379302 ], [ -75.261118271249202, 39.966146030334897 ], [ -75.261163858350798, 39.966090573200603 ], [ -75.261218608864795, 39.966035314809602 ], [ -75.261286134792499, 39.966006792796001 ], [ -75.261389147707305, 39.966010791231199 ], [ -75.261447670310702, 39.966040283051299 ], [ -75.261482706668403, 39.966085140867499 ], [ -75.261550004287102, 39.9661254077485 ], [ -75.261664195738206, 39.966168454799501 ], [ -75.261739011796095, 39.966191244181402 ], [ -75.261814343171295, 39.966199933423098 ], [ -75.261895289162396, 39.966180521836399 ], [ -75.262015822041107, 39.966144328153597 ], [ -75.262095509789305, 39.966096666617503 ], [ -75.262105898534003, 39.966063376947702 ], [ -75.262119094513295, 39.966016036881904 ], [ -75.262141259155101, 39.965974182777302 ], [ -75.262165133722803, 39.965948241140801 ], [ -75.262245208411798, 39.965890003999597 ], [ -75.2622756532772, 39.965860537778099 ], [ -75.262345028659496, 39.965793387582202 ], [ -75.262385647885594, 39.965748406178697 ], [ -75.262424620426302, 39.965685749532902 ], [ -75.2624605932713, 39.965642431503902 ], [ -75.262514114992896, 39.965620660808199 ], [ -75.262562024749798, 39.965626990950703 ], [ -75.262620176500306, 39.965635307237001 ], [ -75.262681635474806, 39.965647223453303 ], [ -75.262768420667499, 39.965656160373797 ], [ -75.262839751786302, 39.965648886844903 ], [ -75.262921083996801, 39.965618899031199 ], [ -75.262963476230894, 39.965588067124997 ], [ -75.263031710753395, 39.9655401558107 ], [ -75.263095234412106, 39.965495670618402 ], [ -75.263146659713598, 39.965468561797898 ], [ -75.263197181671998, 39.965466129431697 ], [ -75.263253865344197, 39.965483233341999 ], [ -75.263310034093607, 39.965514437322703 ], [ -75.2633864945212, 39.965554900795503 ], [ -75.263470150146105, 39.965586701282803 ], [ -75.263533319523802, 39.965614528595999 ], [ -75.263617555897994, 39.965630465267303 ], [ -75.263698049134504, 39.9656233906491 ], [ -75.263773203444501, 39.965605615495001 ], [ -75.2638572130722, 39.965565101150702 ], [ -75.263931544318396, 39.965538489202103 ], [ -75.263992518541201, 39.965501003914802 ], [ -75.264019004412802, 39.965466298729403 ], [ -75.264059299848697, 39.965430129505897 ], [ -75.264134403655405, 39.965382366385597 ], [ -75.264244383696905, 39.965321247541901 ], [ -75.264375301276203, 39.965251762415598 ], [ -75.264498507750901, 39.965205041118203 ], [ -75.2645563522359, 39.965190418758802 ], [ -75.264645814802705, 39.965188829274503 ], [ -75.264760279767401, 39.965193071867198 ], [ -75.264921701209602, 39.965198332264599 ], [ -75.265061426453101, 39.965201358423499 ], [ -75.265255740545101, 39.965216150468201 ], [ -75.265390369627994, 39.9652331771142 ], [ -75.265451054041804, 39.965266241945898 ], [ -75.265530163394104, 39.9653596798629 ], [ -75.265569460342405, 39.965413448392198 ], [ -75.2656589930465, 39.9655353344031 ], [ -75.265747007464796, 39.965636020592598 ], [ -75.265807920857199, 39.965725535170499 ], [ -75.265860188841202, 39.965800752192301 ], [ -75.265924167910498, 39.965869167104898 ], [ -75.266051266802194, 39.9659354201805 ], [ -75.266196448515402, 39.965977369423101 ], [ -75.266316626429102, 39.966013485754203 ], [ -75.266398637519103, 39.966027608059697 ], [ -75.266547528035204, 39.966030830756502 ], [ -75.266710290317903, 39.966030826122299 ], [ -75.266797849665906, 39.966018608963502 ], [ -75.266912509388206, 39.966017563001799 ], [ -75.267026523760904, 39.966034141561899 ], [ -75.267140911768607, 39.9660718958554 ], [ -75.267217762777307, 39.966101781282902 ], [ -75.267295615282293, 39.966166967329499 ], [ -75.267367240580896, 39.966214379082203 ], [ -75.267387885327395, 39.966224729404601 ], [ -75.2674775486946, 39.966269683352103 ], [ -75.267534428495296, 39.966281497864003 ], [ -75.267600855960097, 39.966282935029902 ], [ -75.267673318838405, 39.966307433716899 ], [ -75.267781787256396, 39.966350350777198 ], [ -75.267912582779999, 39.966409626083099 ], [ -75.268132764725195, 39.9665008213126 ], [ -75.268395129804105, 39.966598220831898 ], [ -75.268462818371901, 39.966627907236798 ], [ -75.268516635171906, 39.966660821859598 ], [ -75.268570194504605, 39.9667007865052 ], [ -75.268703899389195, 39.966805985758498 ], [ -75.268774945760597, 39.966869260340701 ], [ -75.268849738426994, 39.966955545963003 ], [ -75.268919627597, 39.9670505452494 ], [ -75.269019127006999, 39.967244965158798 ], [ -75.269047103096, 39.967294960272298 ], [ -75.269082143947202, 39.967339815741603 ], [ -75.269126863432305, 39.967370770132298 ], [ -75.269160772041801, 39.967383850373601 ], [ -75.269208683627994, 39.967390178641402 ], [ -75.269274790425499, 39.967400426725 ], [ -75.269359223432005, 39.967411071869201 ], [ -75.269446848415399, 39.9673970908526 ], [ -75.269500048660504, 39.967384129713103 ], [ -75.269551215382705, 39.967364068974703 ], [ -75.269616253989398, 39.967340779824397 ], [ -75.2696718094397, 39.9673261053902 ], [ -75.269742948530407, 39.967324114883901 ], [ -75.269804410281196, 39.967336027285299 ], [ -75.269858807423901, 39.967353078438997 ], [ -75.269921659324197, 39.967389715023302 ], [ -75.269963572374394, 39.967434719647898 ], [ -75.270005164957894, 39.967488536171203 ], [ -75.270033450873598, 39.967561468692601 ], [ -75.270057270977006, 39.967662527141002 ], [ -75.270075121451498, 39.9677387623653 ], [ -75.270100678917501, 39.967792232283102 ], [ -75.270143274761693, 39.967881349400301 ], [ -75.270194455432801, 39.967986527387197 ], [ -75.270300381163494, 39.968193432954102 ], [ -75.270391636819099, 39.968331226688399 ], [ -75.270404093503998, 39.968366774839801 ], [ -75.270415264699494, 39.9684375732745 ], [ -75.2704248526165, 39.968488934783899 ], [ -75.270450603630096, 39.968537117308898 ], [ -75.270503522247793, 39.968594706630299 ], [ -75.270572668396298, 39.968647354188398 ], [ -75.2706016754708, 39.968669148712202 ], [ -75.270653847248695, 39.968684387247301 ], [ -75.270720471301303, 39.968680534418297 ], [ -75.270775770277396, 39.9686729104031 ], [ -75.270840681088004, 39.968653145135903 ], [ -75.270914948647899, 39.968628291405103 ], [ -75.270988894583397, 39.968612249517399 ], [ -75.271045969932601, 39.9686187740732 ], [ -75.271112078169594, 39.968629021998403 ], [ -75.271171186084302, 39.968642646012903 ], [ -75.271243459804396, 39.968672430659602 ], [ -75.271330688034496, 39.968700774172802 ], [ -75.271410476756799, 39.968713080668898 ], [ -75.271492813668999, 39.968718387440902 ], [ -75.271593476012995, 39.968724089970301 ], [ -75.271700689806195, 39.968738752747903 ], [ -75.271805161394596, 39.968765704192499 ], [ -75.271865275748894, 39.968814628528598 ], [ -75.271925194973207, 39.968868840098999 ], [ -75.271988604389804, 39.968953114474402 ], [ -75.272026067585699, 39.968994493940599 ], [ -75.272089307934095, 39.969020553802999 ], [ -75.272199186115003, 39.969056441366398 ], [ -75.272346476397701, 39.969103720513701 ], [ -75.272507896152007, 39.969140720677302 ], [ -75.272627698539495, 39.969187405056601 ], [ -75.272729431455801, 39.9692266435964 ], [ -75.272817869621903, 39.9692532479446 ], [ -75.272960514504405, 39.969302190125603 ], [ -75.273056339994199, 39.969314841642301 ], [ -75.273188185274194, 39.969314160264297 ], [ -75.273282555221598, 39.969303849227501 ], [ -75.273418286784903, 39.969290903482303 ], [ -75.273494137126306, 39.969285484940201 ], [ -75.273572022605407, 39.969287165875699 ], [ -75.273684011266596, 39.969296638343401 ], [ -75.273812034556997, 39.969306456724901 ], [ -75.273914731983496, 39.969319256716602 ], [ -75.274015396590997, 39.969324957147002 ], [ -75.274152903978006, 39.969326160062202 ], [ -75.274328306763607, 39.969325534230201 ], [ -75.274490156270502, 39.969319324258102 ], [ -75.274810008253695, 39.969302411233002 ], [ -75.2748927635851, 39.969296258653102 ], [ -75.275029093289504, 39.969298318080497 ], [ -75.275087250877306, 39.969306628074399 ], [ -75.275199711081299, 39.969334629845598 ], [ -75.275269375257693, 39.969373175348501 ], [ -75.275322682700704, 39.969420186877201 ], [ -75.275365731320093, 39.9695128398984 ], [ -75.275397524548495, 39.969584082464699 ], [ -75.275458322807907, 39.969787362561704 ], [ -75.275496357844901, 39.969938998402199 ], [ -75.275570045039203, 39.970134619608103 ], [ -75.275609341407602, 39.970220135103297 ], [ -75.275654569295597, 39.970268736357198 ], [ -75.275707213676597, 39.970302504249098 ], [ -75.275821239691894, 39.970319075021202 ], [ -75.276007428179796, 39.970321325315403 ], [ -75.276189256104203, 39.970333183086602 ], [ -75.276247477742004, 39.9703397297259 ], [ -75.276305185896803, 39.970360377365402 ], [ -75.276373770458903, 39.9703971338608 ], [ -75.276414009498197, 39.9704253425218 ], [ -75.276440751743095, 39.970477954371901 ], [ -75.2764698159543, 39.970529735105899 ], [ -75.276510264634695, 39.970599399779402 ], [ -75.276614692760802, 39.970785099022798 ], [ -75.276642579622205, 39.9708377363919 ], [ -75.276658540821003, 39.970871594293797 ], [ -75.276670649452498, 39.970916835965198 ], [ -75.276677288374799, 39.970954903240703 ], [ -75.276664454548794, 39.970992550795799 ], [ -75.276639181520693, 39.9710255208185 ], [ -75.276590139311594, 39.971065916156597 ], [ -75.2765314260064, 39.971104338886001 ], [ -75.276473792804794, 39.971144548994197 ], [ -75.276488287561705, 39.971187195032797 ], [ -75.276526708903603, 39.971233885069097 ], [ -75.276584953745001, 39.971271301501801 ], [ -75.276691288018895, 39.971263009629403 ], [ -75.276762719769494, 39.971253084236601 ], [ -75.276827953298607, 39.971224503703297 ], [ -75.276899330358503, 39.971184589631399 ], [ -75.277075553525194, 39.971114302367198 ], [ -75.277138014526599, 39.9710988910455 ], [ -75.277200186774905, 39.971091411127396 ], [ -75.277268974366606, 39.971091129326901 ], [ -75.277341134373998, 39.971092684279803 ], [ -75.277424299379703, 39.971106824289102 ], [ -75.277493751340501, 39.971119786700797 ], [ -75.277543572533503, 39.9711367346044 ], [ -75.277579422826307, 39.971159556802 ], [ -75.277612919131201, 39.971184091492098 ], [ -75.277659806640401, 39.971218616476001 ], [ -75.277689385311405, 39.971256295864698 ], [ -75.277707509880202, 39.971293728465902 ], [ -75.277715325826094, 39.971330939865503 ], [ -75.277691552708305, 39.9713542406447 ], [ -75.277649644704994, 39.971371858321298 ], [ -75.277598668628102, 39.971386635317003 ], [ -75.277553644715596, 39.971395367004497 ], [ -75.277526723610407, 39.971410662264901 ], [ -75.277511000039894, 39.971433254386803 ], [ -75.277506536967906, 39.971461381508099 ], [ -75.277507544983393, 39.971496681209203 ], [ -75.277516730939695, 39.971527747708102 ], [ -75.277532596463104, 39.971564250500997 ], [ -75.277556801550901, 39.971592112356902 ], [ -75.277594590353303, 39.971624677193397 ], [ -75.277642880290799, 39.971652176798202 ], [ -75.277678185120394, 39.971669016393001 ], [ -75.277768068531401, 39.971687772463 ], [ -75.277889330071801, 39.971702398615498 ], [ -75.277969765326702, 39.971723353900401 ], [ -75.278021502902902, 39.971760509562799 ], [ -75.278299265132702, 39.971937090285699 ], [ -75.2783554983926, 39.9720223992325 ], [ -75.278452035357802, 39.972115784091301 ], [ -75.278539734584101, 39.972194561899101 ], [ -75.278611832805694, 39.972273003639003 ], [ -75.278659314870794, 39.9723413044075 ], [ -75.278700032686004, 39.972423876098901 ], [ -75.278727044890303, 39.972539790791302 ], [ -75.278762296278899, 39.972643870111703 ], [ -75.278778923195901, 39.972701894657 ], [ -75.278783243050398, 39.972754849224899 ], [ -75.2787859895693, 39.972851018867402 ], [ -75.278797662738896, 39.972959395346102 ], [ -75.278812716367796, 39.973060636761403 ], [ -75.278833663349999, 39.973171615864104 ], [ -75.278861812709707, 39.973256318841699 ], [ -75.278918657988001, 39.973324821111603 ], [ -75.278954532637798, 39.973368843482298 ], [ -75.278973232560006, 39.973455746767598 ], [ -75.279001555695501, 39.973535648507102 ], [ -75.279049726652104, 39.973627991314302 ], [ -75.279084554693796, 39.973700824337797 ], [ -75.279111393381896, 39.973821541013798 ], [ -75.279126448839406, 39.973922782410597 ], [ -75.279173759101695, 39.9739958841663 ], [ -75.279243960603907, 39.974040646437203 ], [ -75.279361146458797, 39.974081613496502 ], [ -75.279468621927705, 39.974131983057802 ], [ -75.279603745818306, 39.974194961419798 ], [ -75.2798081128646, 39.9743291112081 ], [ -75.279957356147804, 39.974433239989601 ], [ -75.280029457211498, 39.974511680808803 ], [ -75.280047597298093, 39.974549615171398 ], [ -75.280087504923401, 39.974633068943199 ], [ -75.280133419899798, 39.974744585138303 ], [ -75.280195373318193, 39.974844432803202 ], [ -75.280306753991795, 39.975000893317798 ], [ -75.279430616103596, 39.975445834757203 ], [ -75.2776778926183, 39.976347180685799 ], [ -75.276381591522593, 39.977013776099099 ], [ -75.275664891266004, 39.977334258872297 ], [ -75.273574789397898, 39.978268835500799 ], [ -75.272268824114093, 39.978849542614 ], [ -75.271339104264101, 39.979262935062302 ], [ -75.269272213249295, 39.980179608426603 ], [ -75.267893864037205, 39.980790876858201 ], [ -75.267486814878097, 39.980971388578098 ], [ -75.265593673626896, 39.981810900755299 ], [ -75.264384794256998, 39.982346949764903 ], [ -75.263716286577505, 39.9826433737475 ], [ -75.262186238488994, 39.983490335601402 ], [ -75.260731324362794, 39.984290141533101 ], [ -75.259511411335893, 39.984960731753098 ], [ -75.258890524900195, 39.985302024753203 ], [ -75.258729337414593, 39.985390625989901 ], [ -75.258569540081496, 39.985521172942498 ], [ -75.258502736091998, 39.985575748909298 ], [ -75.256839608549797, 39.986808673053098 ], [ -75.256298406773993, 39.987209865783399 ], [ -75.2561209122197, 39.987321090738703 ], [ -75.255699221099306, 39.987518731296802 ], [ -75.2540024418971, 39.9883139621585 ], [ -75.251469772964697, 39.989501667914098 ], [ -75.2508233806345, 39.989804781709303 ], [ -75.250252029751906, 39.990073310100399 ], [ -75.250090372667898, 39.990149286407799 ], [ -75.249191486853704, 39.990571741091699 ], [ -75.248013009837294, 39.991125578852099 ], [ -75.245686196471496, 39.992219024968101 ], [ -75.2416531152506, 39.994114108645498 ], [ -75.239026913157801, 39.9953450405091 ], [ -75.235287919385399, 39.997097368829898 ], [ -75.234310621959096, 39.9975530427675 ], [ -75.233230782612395, 39.9980565117176 ], [ -75.232153113613904, 39.998558950778701 ], [ -75.230889529418207, 39.999148045988797 ], [ -75.229455226592094, 39.999820262514 ], [ -75.228741667330596, 40.000155487672799 ], [ -75.228377660659206, 40.0003264925259 ], [ -75.227517928358296, 40.000730373701501 ], [ -75.226416493267706, 40.001247783413802 ], [ -75.223631736066295, 40.002555871099702 ], [ -75.220698284264998, 40.003933676911601 ], [ -75.219226470079406, 40.004624920504803 ], [ -75.218347687188498, 40.005037628125102 ], [ -75.214572154246099, 40.006810621254097 ], [ -75.213757192136001, 40.007155123714902 ], [ -75.213047529765603, 40.007455107130603 ], [ -75.210768586467793, 40.008560546750502 ], [ -75.2097467351457, 40.009056186541102 ], [ -75.208922221299801, 40.009456098424899 ], [ -75.208300822014905, 40.009750693487 ], [ -75.208029316854905, 40.009879406749 ], [ -75.207317037290295, 40.010217076076898 ], [ -75.207254812421596, 40.010249163034203 ], [ -75.207288943640705, 40.010328962922898 ], [ -75.207299429769094, 40.010402501571598 ], [ -75.207293960041099, 40.010460099523598 ], [ -75.207286794945006, 40.010535557431901 ], [ -75.207263939043202, 40.010776262993197 ], [ -75.207253603059499, 40.0108851039775 ], [ -75.207240460788796, 40.011023506854499 ], [ -75.206994053730398, 40.011205279544399 ], [ -75.206625971120999, 40.011476807393102 ], [ -75.206164656513806, 40.011817107140899 ], [ -75.2061333696426, 40.011797847002001 ], [ -75.206098664555, 40.0117765298154 ], [ -75.206063923185198, 40.0117552433491 ], [ -75.206029143056696, 40.011733991152099 ], [ -75.206000501152005, 40.011716537523803 ], [ -75.205994325306705, 40.011712774150503 ], [ -75.2059594662541, 40.011691596767797 ], [ -75.205924564727994, 40.011670458978003 ], [ -75.205889619355304, 40.011649366156703 ], [ -75.205854626623605, 40.011628318225902 ], [ -75.205819587568797, 40.0116073188127 ], [ -75.205784498577202, 40.011586370539902 ], [ -75.205749358376806, 40.011565476082097 ], [ -75.2057141645587, 40.011544637188301 ], [ -75.205678915850598, 40.011523856532797 ], [ -75.205643612117797, 40.011503137717 ], [ -75.205608249814006, 40.011482481562901 ], [ -75.205572827633503, 40.011461891645702 ], [ -75.205561486137597, 40.011455332388998 ], [ -75.2055373431335, 40.0114413706142 ], [ -75.205501796280103, 40.011420919368597 ], [ -75.205466183392403, 40.011400542332296 ], [ -75.205430505573602, 40.011380241331601 ], [ -75.205394758039205, 40.011360018963501 ], [ -75.205358940721794, 40.011339877028398 ], [ -75.205323051178397, 40.011319818175103 ], [ -75.205287086932501, 40.011299845952799 ], [ -75.205251049087494, 40.0112799621877 ], [ -75.205214932892503, 40.011260168576399 ], [ -75.205178739349506, 40.011240469646303 ], [ -75.205142463775502, 40.011220865293303 ], [ -75.205106106001594, 40.011201360018802 ], [ -75.205069665960195, 40.011181955623002 ], [ -75.205033137696205, 40.011162654677001 ], [ -75.204996523483501, 40.011143459033001 ], [ -75.204959820845403, 40.011124372240197 ], [ -75.204923030085794, 40.0111053861961 ], [ -75.204886172355998, 40.011086468032403 ], [ -75.2048492489956, 40.011067613273703 ], [ -75.2048122599371, 40.0110488237205 ], [ -75.204775206452396, 40.011030096698001 ], [ -75.2047380896785, 40.011011433132097 ], [ -75.204700909581604, 40.010992833923197 ], [ -75.204663668570504, 40.010974297322697 ], [ -75.2046263666454, 40.010955823330299 ], [ -75.204589003738604, 40.010937413746603 ], [ -75.204551581122104, 40.010919065896701 ], [ -75.204514101103598, 40.010900780732698 ], [ -75.204476562546105, 40.0108825573285 ], [ -75.204438967723405, 40.010864397536103 ], [ -75.204401316736806, 40.010846298654997 ], [ -75.204363609518694, 40.010828262485603 ], [ -75.204325848478106, 40.010810287279199 ], [ -75.204288034718104, 40.010792374862099 ], [ -75.204250167135598, 40.010774523408003 ], [ -75.204212248071897, 40.010756732968602 ], [ -75.204174277493095, 40.010739004444197 ], [ -75.204136256637597, 40.0107213360602 ], [ -75.204098186642199, 40.010703728742698 ], [ -75.204060067540695, 40.010686181591403 ], [ -75.204021900469897, 40.010668695532502 ], [ -75.203983686634302, 40.010651269691699 ], [ -75.203945427204701, 40.010633904094803 ], [ -75.203907121010104, 40.010616598715899 ], [ -75.203868771596504, 40.010599352732498 ], [ -75.203830377793196, 40.010582166118802 ], [ -75.203791941907795, 40.010565039826602 ], [ -75.2037534628369, 40.010547972029698 ], [ -75.203714942854504, 40.010530964580298 ], [ -75.203676383232605, 40.010514014803597 ], [ -75.203637782732898, 40.010497124474199 ], [ -75.203599144867496, 40.010480293669701 ], [ -75.203560467362294, 40.010463520538003 ], [ -75.203521753695796, 40.010446806056898 ], [ -75.2034830050724, 40.010430149352203 ], [ -75.203444219116804, 40.010413551272201 ], [ -75.203405398238004, 40.010397010068303 ], [ -75.203366544709695, 40.010380527592801 ], [ -75.203327657395107, 40.010364102919603 ], [ -75.203288738669201, 40.010347735200199 ], [ -75.203249788532005, 40.010331424434703 ], [ -75.203210806983407, 40.010315170622903 ], [ -75.203171796331105, 40.010298974717202 ], [ -75.203132756642503, 40.010282834916801 ], [ -75.203093672292496, 40.010266761687198 ], [ -75.203054528962099, 40.010250761918897 ], [ -75.203015327787895, 40.010234836537897 ], [ -75.202976071178995, 40.010218983795497 ], [ -75.202936757998302, 40.010203202765602 ], [ -75.202897389416506, 40.010187493474 ], [ -75.202857966638106, 40.010171855046501 ], [ -75.202818492004297, 40.010156287534798 ], [ -75.202778965582795, 40.010140789138397 ], [ -75.202739387373299, 40.010125359857298 ], [ -75.202699758580394, 40.0101099988172 ], [ -75.202660081579197, 40.0100947051696 ], [ -75.202620356369593, 40.010079478914598 ], [ -75.202580584156095, 40.010064319177701 ], [ -75.202540764938604, 40.010049225959101 ], [ -75.202500899989104, 40.010034196583803 ], [ -75.202460991581404, 40.010019232904099 ], [ -75.202421038645994, 40.010004332193503 ], [ -75.202381043490604, 40.009989495404 ], [ -75.202341007353297, 40.009974720761001 ], [ -75.202300930200394, 40.0099600091648 ], [ -75.202260812133105, 40.009945357914503 ], [ -75.202220656663499, 40.0099307670881 ], [ -75.202180463791507, 40.009916236685498 ], [ -75.202140232380103, 40.009901765780398 ], [ -75.2020999659415, 40.009887354450697 ], [ -75.2020596645431, 40.009873000896 ], [ -75.202019329389401, 40.0098587042418 ], [ -75.201978960480204, 40.009844464488197 ], [ -75.201938558986399, 40.009830281661102 ], [ -75.201898127316696, 40.009816154011801 ], [ -75.201857664334199, 40.0098020806143 ], [ -75.201817172346594, 40.009788062420597 ], [ -75.201776652591903, 40.009774097656198 ], [ -75.201736105070296, 40.009760186321003 ], [ -75.201695531019894, 40.009746326640503 ], [ -75.201654930406804, 40.009732519514998 ], [ -75.201614305640007, 40.009718763195799 ], [ -75.201573657890194, 40.009705057708899 ], [ -75.201532987224894, 40.009691401253903 ], [ -75.201492293610201, 40.009677794730798 ], [ -75.2014515806258, 40.009664236417301 ], [ -75.201410847101002, 40.009650726287099 ], [ -75.201370094240204, 40.009637263466203 ], [ -75.201329323247805, 40.0096238470801 ], [ -75.201288527864506, 40.009610487801901 ], [ -75.201247680982206, 40.009597221070003 ], [ -75.201206783805404, 40.009584046010197 ], [ -75.201165837639607, 40.009570959047203 ], [ -75.2011248437571, 40.009557957506303 ], [ -75.201083803463504, 40.009545037812401 ], [ -75.201042721543004, 40.009532197368699 ], [ -75.201001595789506, 40.009519432522097 ], [ -75.200960431054497, 40.009506738875203 ], [ -75.200919227405706, 40.0094941146276 ], [ -75.200877987285807, 40.009481557130499 ], [ -75.2008367132389, 40.009469061034103 ], [ -75.200795405332599, 40.009456624538103 ], [ -75.200754066009793, 40.009444244993503 ], [ -75.200712697780702, 40.009431917951098 ], [ -75.200671300780499, 40.009419639809799 ], [ -75.200629878588899, 40.009407408847203 ], [ -75.200588432511907, 40.009395221487999 ], [ -75.200546963889096, 40.009383073257098 ], [ -75.200505473958799, 40.009370962379897 ], [ -75.200463966368403, 40.009358885333398 ], [ -75.200422440116199, 40.0093468375903 ], [ -75.200380899952506, 40.009334817453997 ], [ -75.200339346012697, 40.009322821323501 ], [ -75.200297779602593, 40.009310845623801 ], [ -75.200256204335901, 40.0092988877322 ], [ -75.200214620381601, 40.009286943147302 ], [ -75.200173030148605, 40.009275010120497 ], [ -75.200131436113907, 40.0092630851031 ], [ -75.200089838446303, 40.009251163593603 ], [ -75.200048239521095, 40.009239244743704 ], [ -75.200006641882695, 40.009227323204001 ], [ -75.199965046837093, 40.009215395399401 ], [ -75.199923455588802, 40.0092034604559 ], [ -75.199881870682106, 40.009191513023602 ], [ -75.199840293355507, 40.009179551328302 ], [ -75.199798726085703, 40.009167571820903 ], [ -75.199757170212493, 40.009155570026202 ], [ -75.199715626974395, 40.009143544169703 ], [ -75.199674098848007, 40.009131490702302 ], [ -75.199632588310195, 40.009119406075101 ], [ -75.199591095496302, 40.009107286687197 ], [ -75.199549623986101, 40.009095130816 ], [ -75.199508173982693, 40.00908293306 ], [ -75.199466746724497, 40.009070691644901 ], [ -75.199425346995795, 40.009058403973803 ], [ -75.199383973828901, 40.009046064619199 ], [ -75.1993426295994, 40.009033672733104 ], [ -75.199301316851503, 40.009021222965799 ], [ -75.199260036823802, 40.009008713542997 ], [ -75.199218790788507, 40.0089961417899 ], [ -75.199177581290101, 40.008983502356998 ], [ -75.199136409567103, 40.008970793470098 ], [ -75.199095278130201, 40.008958010679699 ], [ -75.199054189354797, 40.008945153137702 ], [ -75.199013149872599, 40.008932200268397 ], [ -75.198972165875603, 40.0089191431994 ], [ -75.198931233648807, 40.008905987254302 ], [ -75.198890350681907, 40.008892736882302 ], [ -75.198849516738207, 40.008879398385297 ], [ -75.1988087246242, 40.008865976108403 ], [ -75.198767974103404, 40.008852476353503 ], [ -75.198727262665201, 40.008838903569902 ], [ -75.198686586560896, 40.008825263981301 ], [ -75.1986459432798, 40.008811562037103 ], [ -75.198605330277601, 40.008797803086701 ], [ -75.198564744976196, 40.0087839933799 ], [ -75.198524182523599, 40.008770137313903 ], [ -75.198483642716894, 40.008756240290197 ], [ -75.198443121807003, 40.008742308532703 ], [ -75.198402617283506, 40.0087283464904 ], [ -75.198362125431203, 40.008714359487001 ], [ -75.198321643705796, 40.008700352871998 ], [ -75.198281170699602, 40.008686332921002 ], [ -75.1982407015945, 40.008672303131 ], [ -75.198200236119803, 40.008658270703997 ], [ -75.198159768218801, 40.008644240911501 ], [ -75.198119297756307, 40.008630217354501 ], [ -75.198078820983199, 40.008616206256498 ], [ -75.198038334184204, 40.008602212941298 ], [ -75.197997835985603, 40.0085882427841 ], [ -75.197957323809106, 40.008574302034702 ], [ -75.197916794007, 40.008560394215998 ], [ -75.197876242830404, 40.008546525551601 ], [ -75.197835670076103, 40.008532701443201 ], [ -75.197795069687302, 40.0085189271621 ], [ -75.197754441461001, 40.008505208109597 ], [ -75.197713782852702, 40.008491549635401 ], [ -75.197673088976202, 40.008477957036703 ], [ -75.197632358457597, 40.008464435689 ], [ -75.197591587615605, 40.008450990015497 ], [ -75.197550773871697, 40.008437626265803 ], [ -75.197509915851995, 40.0084243498154 ], [ -75.197469008704104, 40.008411165061297 ], [ -75.197428050986503, 40.0083980791795 ], [ -75.197413137128095, 40.008393357903898 ], [ -75.197387039051605, 40.008385095692901 ], [ -75.197345970354604, 40.0083722199509 ], [ -75.1973048434877, 40.008359458229101 ], [ -75.197263653564804, 40.0083468158249 ], [ -75.197222398075098, 40.008334297187403 ], [ -75.197181079698296, 40.008321893366102 ], [ -75.197139698738894, 40.008309596258599 ], [ -75.1970982588781, 40.008297401441702 ], [ -75.197056762558702, 40.0082853062667 ], [ -75.197015212291305, 40.008273306284302 ], [ -75.196973610620304, 40.008261396144903 ], [ -75.196931958885401, 40.008249571373398 ], [ -75.196890260666507, 40.008237830247197 ], [ -75.196848519746297, 40.008226165642498 ], [ -75.196806735055702, 40.008214574832202 ], [ -75.196764912583404, 40.0082030543456 ], [ -75.196723052532406, 40.008191598781103 ], [ -75.196681158584198, 40.008180203715597 ], [ -75.196639233215393, 40.008168865599899 ], [ -75.196597277732096, 40.008157580859198 ], [ -75.196555295849393, 40.008146344170001 ], [ -75.196513288873604, 40.008135151957298 ], [ -75.196471260519701, 40.008123998897702 ], [ -75.1964292132308, 40.008112882342502 ], [ -75.196387148346602, 40.008101797816302 ], [ -75.196345068411901, 40.008090739969902 ], [ -75.196302977040204, 40.008079706180503 ], [ -75.196260876742301, 40.008068691998901 ], [ -75.196218768925903, 40.008057691149403 ], [ -75.196176656, 40.0080467018836 ], [ -75.196134541680095, 40.008035718878098 ], [ -75.196092427272106, 40.008024738557801 ], [ -75.196050316491494, 40.008013755599499 ], [ -75.196008210610401, 40.008002767328399 ], [ -75.195966112173707, 40.007991768395101 ], [ -75.195924024828898, 40.007980755276698 ], [ -75.195881948779103, 40.007969722571801 ], [ -75.195839889945603, 40.007958668609902 ], [ -75.195797847428906, 40.007947586163297 ], [ -75.195755824842493, 40.007936472609103 ], [ -75.195713825868097, 40.007925323524297 ], [ -75.195671851811795, 40.007914135333998 ], [ -75.195629905184603, 40.007902903589098 ], [ -75.195587989701707, 40.007891622966099 ], [ -75.195546105464899, 40.007880290764497 ], [ -75.195504256189494, 40.0078689016608 ], [ -75.195462445523503, 40.0078574521321 ], [ -75.195420674806797, 40.0078459377035 ], [ -75.195378945379602, 40.007834353899703 ], [ -75.195337262060406, 40.007822697223801 ], [ -75.195295625052495, 40.007810962274498 ], [ -75.195254039140494, 40.007799146455298 ], [ -75.1952125056645, 40.007787245290999 ], [ -75.195171025998704, 40.007775253406201 ], [ -75.1951296049277, 40.007763168204399 ], [ -75.195088242688598, 40.0077509833839 ], [ -75.195046942895502, 40.0077386963222 ], [ -75.195005708059298, 40.007726302570198 ], [ -75.194964540690904, 40.007713797678797 ], [ -75.194923443267399, 40.007701178099197 ], [ -75.194882418333705, 40.007688438481999 ], [ -75.194841467162206, 40.0076755761527 ], [ -75.194800593502507, 40.007662584887697 ], [ -75.194759799797794, 40.007649462038501 ], [ -75.194719087388293, 40.007636203129898 ], [ -75.194678459955895, 40.007622803738897 ], [ -75.194637919977495, 40.007609260316798 ], [ -75.194597473815193, 40.007595559490198 ], [ -75.194557216541597, 40.007581541194099 ], [ -75.194517175776099, 40.007567156488399 ], [ -75.194477343986804, 40.0075524187205 ], [ -75.194437713539998, 40.0075373439389 ], [ -75.194398274528496, 40.007521946339502 ], [ -75.194359020489102, 40.007506241996602 ], [ -75.1943199415484, 40.007490244205599 ], [ -75.194281031209499, 40.007473969941302 ], [ -75.194242280803294, 40.0074574316248 ], [ -75.194203680354505, 40.007440645252501 ], [ -75.194165223434098, 40.007423625998399 ], [ -75.194126901271105, 40.0074063889844 ], [ -75.194088705128706, 40.0073889484324 ], [ -75.194050627406995, 40.007371319490403 ], [ -75.194012659368894, 40.00735351638 ], [ -75.193974792209801, 40.007335555123397 ], [ -75.193937019567898, 40.007317449094202 ], [ -75.193899331433997, 40.007299215188702 ], [ -75.193861721446197, 40.007280866780498 ], [ -75.193824179662997, 40.007262418965396 ], [ -75.193786697347306, 40.007243885965003 ], [ -75.193749266831006, 40.007225284727802 ], [ -75.193711881752407, 40.007206628627202 ], [ -75.193674530999004, 40.007187932733103 ], [ -75.193637208141098, 40.007169212219203 ], [ -75.193599904441598, 40.007150481307299 ], [ -75.193562611129394, 40.007131755119097 ], [ -75.193525320570103, 40.007113049702703 ], [ -75.1934880240604, 40.007094378379598 ], [ -75.193450713999894, 40.007075756297397 ], [ -75.193413381617304, 40.007057198578003 ], [ -75.193376018141507, 40.007038720343097 ], [ -75.193338617142501, 40.007020336766701 ], [ -75.193301167541705, 40.007002062018103 ], [ -75.193263552609395, 40.006983884487603 ], [ -75.1932257319298, 40.006965757323698 ], [ -75.193192037150794, 40.006949671809501 ], [ -75.193187773961199, 40.006947636099397 ], [ -75.193149751844601, 40.006929476492303 ], [ -75.193111736379606, 40.006911234127699 ], [ -75.193073797229005, 40.006892863704799 ], [ -75.1930360063633, 40.006874320875099 ], [ -75.192998433377497, 40.006855562138703 ], [ -75.192961150275906, 40.0068365422471 ], [ -75.192924227892107, 40.0068172159258 ], [ -75.192887736924106, 40.006797541501498 ], [ -75.192851748273398, 40.006777471899603 ], [ -75.192816331535099, 40.006756963620397 ], [ -75.192804663472998, 40.006749919151602 ], [ -75.192781559850303, 40.006735972342 ], [ -75.192747502881801, 40.006714452764697 ], [ -75.192714230190902, 40.006692362289002 ], [ -75.192681814986301, 40.0066696547931 ], [ -75.192650326930803, 40.006646284976902 ], [ -75.192619819703097, 40.006622134203297 ], [ -75.192590255314897, 40.006597184507697 ], [ -75.192561570381699, 40.006571501153203 ], [ -75.192533702723296, 40.0065451485289 ], [ -75.192506590091398, 40.006518192824203 ], [ -75.192480049545395, 40.006490202887299 ], [ -75.192454376367905, 40.006462733225597 ], [ -75.192429148540199, 40.0064343589572 ], [ -75.192404424540797, 40.006405642712103 ], [ -75.192380140984497, 40.0063766497532 ], [ -75.192356234486496, 40.006347445343103 ], [ -75.192332641661693, 40.006318094744501 ], [ -75.192309301500501, 40.006288662371801 ], [ -75.192286149413306, 40.006259214361698 ], [ -75.192263124356501, 40.006229816028899 ], [ -75.192240160603902, 40.006200532583499 ], [ -75.192217194956598, 40.006171393251996 ], [ -75.192194190017403, 40.006142208890701 ], [ -75.192171203911897, 40.006112929437101 ], [ -75.192148301433804, 40.006083545522898 ], [ -75.192125549786397, 40.006054046031402 ], [ -75.192103014967699, 40.006024420719797 ], [ -75.192093897362895, 40.006012225180598 ], [ -75.192080764180602, 40.0059946584717 ], [ -75.192058862286501, 40.005964748118103 ], [ -75.192037376453897, 40.005934679442802 ], [ -75.192016371510107, 40.005904442177297 ], [ -75.191995915794195, 40.005874026131501 ], [ -75.191976075405606, 40.005843418362403 ], [ -75.191956915103205, 40.005812610402202 ], [ -75.191938502089101, 40.0057815911345 ], [ -75.1919209023945, 40.0057503494169 ], [ -75.191904182050493, 40.005718874106897 ], [ -75.191888408190806, 40.005687155888801 ], [ -75.191873578439001, 40.005655195611098 ], [ -75.191859040330101, 40.0056231138866 ], [ -75.191844624966393, 40.005590946596399 ], [ -75.191830346328203, 40.0055586958539 ], [ -75.191816216087801, 40.005526362820497 ], [ -75.191802247020703, 40.005493950483803 ], [ -75.191788449594597, 40.005461460878998 ], [ -75.191774840130904, 40.005428896172198 ], [ -75.191761426756003, 40.005396258346302 ], [ -75.191748224586604, 40.005363550441302 ], [ -75.191735244124203, 40.005330773592298 ], [ -75.191722500485398, 40.005297930839397 ], [ -75.191710003001106, 40.0052650232914 ], [ -75.191697765617207, 40.005232053962402 ], [ -75.191685801142796, 40.005199024939699 ], [ -75.191674120011399, 40.005165939158999 ], [ -75.191662737441305, 40.0051327969596 ], [ -75.191651662627606, 40.005099603051498 ], [ -75.191640910822301, 40.005066356873698 ], [ -75.191630492391198, 40.005033063162301 ], [ -75.1916204213816, 40.004999722230401 ], [ -75.191610708227202, 40.004966337013698 ], [ -75.191601366907406, 40.004932909625801 ], [ -75.191592409060206, 40.004899442128199 ], [ -75.191583846289902, 40.004865937482599 ], [ -75.191575693780294, 40.004832396928499 ], [ -75.191567960794401, 40.004798823375403 ], [ -75.191560661311399, 40.004765218937003 ], [ -75.191553807003103, 40.004731584774497 ], [ -75.191547410610497, 40.004697924776004 ], [ -75.191541276465301, 40.004664239085997 ], [ -75.191535150198206, 40.004630531045898 ], [ -75.191529036559601, 40.004596798959497 ], [ -75.191522938959594, 40.004563045605899 ], [ -75.191516860977899, 40.004529269262797 ], [ -75.191510807195399, 40.0044954727354 ], [ -75.191504781123996, 40.004461656101803 ], [ -75.191498787446207, 40.0044278194665 ], [ -75.191492829639799, 40.004393963808099 ], [ -75.191486911183006, 40.004360090105003 ], [ -75.191481036791998, 40.004326197561198 ], [ -75.191475209876998, 40.004292288955902 ], [ -75.191469435120496, 40.004258364393401 ], [ -75.191463714897594, 40.004224423025697 ], [ -75.191458054959597, 40.004190467683998 ], [ -75.191452457681606, 40.0041564975201 ], [ -75.191446928882897, 40.004122513564901 ], [ -75.191441470870501, 40.004088516770601 ], [ -75.191436088327094, 40.004054507241797 ], [ -75.1914307847304, 40.0040204859569 ], [ -75.191425564728902, 40.003986453920596 ], [ -75.191420431800495, 40.003952412111403 ], [ -75.191415389524806, 40.003918358806999 ], [ -75.191410443619105, 40.003884297738999 ], [ -75.191405595287904, 40.003850228033102 ], [ -75.191400850350206, 40.003816150720198 ], [ -75.191396212317699, 40.003782065878397 ], [ -75.191391684668304, 40.003747974486402 ], [ -75.191387273220997, 40.003713877574697 ], [ -75.191382979146397, 40.003679775169601 ], [ -75.191378808263295, 40.003645668301701 ], [ -75.191374764049499, 40.003611557949597 ], [ -75.191370851153494, 40.003577445117898 ], [ -75.191367071950296, 40.0035433289585 ], [ -75.191363431054199, 40.003509211376297 ], [ -75.191359933181502, 40.003475091575503 ], [ -75.191356581742099, 40.003440972335099 ], [ -75.191353379111007, 40.003406852806997 ], [ -75.1913503322438, 40.0033727349483 ], [ -75.191347443549304, 40.003338617010598 ], [ -75.191344716403407, 40.003304502673302 ], [ -75.191342155556399, 40.003270390240203 ], [ -75.191339765622502, 40.003236281616203 ], [ -75.191337548908805, 40.0032021777537 ], [ -75.191335510131395, 40.003168077856998 ], [ -75.191333653938699, 40.0031339829305 ], [ -75.1913319826037, 40.003099894826903 ], [ -75.191330501979195, 40.003065813676798 ], [ -75.191329214406295, 40.003031739532403 ], [ -75.191328124533101, 40.002997673398099 ], [ -75.191327237007798, 40.002963616278798 ], [ -75.191326555342002, 40.002929568252597 ], [ -75.191326081808896, 40.0028955311722 ], [ -75.191325823465604, 40.002861504293897 ], [ -75.191325781448498, 40.002827488544099 ], [ -75.191325961576496, 40.002793484953401 ], [ -75.191326366190495, 40.002759493574104 ], [ -75.191326999904604, 40.002725516311102 ], [ -75.1913278674011, 40.002691553268598 ], [ -75.1913289721913, 40.002657604524899 ], [ -75.191330294510294, 40.002623666035497 ], [ -75.191331783292, 40.002589724949097 ], [ -75.1913334337858, 40.002555782961899 ], [ -75.1913352437182, 40.002521838221199 ], [ -75.191337209543093, 40.002487891548903 ], [ -75.191339330055698, 40.002453943819297 ], [ -75.191341602948597, 40.002419994079801 ], [ -75.191344023505195, 40.0023860431263 ], [ -75.191346592861905, 40.0023520918853 ], [ -75.191349306404007, 40.002318138451699 ], [ -75.191352160551503, 40.002284184547797 ], [ -75.191355155270401, 40.002250231073901 ], [ -75.191358288320899, 40.0022162752771 ], [ -75.1913615549187, 40.002182319753601 ], [ -75.191364952722495, 40.002148364451301 ], [ -75.191368481765807, 40.00211440847 ], [ -75.191372137332195, 40.002080452605497 ], [ -75.191375918250998, 40.002046496831802 ], [ -75.1913798221468, 40.002012541996798 ], [ -75.191383845541495, 40.001978587122103 ], [ -75.191387986059794, 40.0019446330557 ], [ -75.191392241360404, 40.001910679745301 ], [ -75.191396610238499, 40.001876728065298 ], [ -75.191401088079601, 40.0018427761106 ], [ -75.191405674781606, 40.001808826582099 ], [ -75.1914103669003, 40.001774877600901 ], [ -75.191415160856195, 40.001740930889198 ], [ -75.191420055512296, 40.001706985520798 ], [ -75.191425048493301, 40.001673042343697 ], [ -75.191430136287394, 40.001639101279501 ], [ -75.191435316553097, 40.001605162276199 ], [ -75.191440588119903, 40.001571225307501 ], [ -75.191445948646205, 40.001537290321401 ], [ -75.191451393381996, 40.001503359013803 ], [ -75.191456922394707, 40.001469429584397 ], [ -75.191462530934203, 40.001435503729198 ], [ -75.191468219034206, 40.001401580548098 ], [ -75.191473981978206, 40.001367660836898 ], [ -75.1914798197663, 40.001333744595399 ], [ -75.191485726545395, 40.001299831693402 ], [ -75.191491702315304, 40.001265922130798 ], [ -75.191497744700897, 40.001232016755701 ], [ -75.191503851360906, 40.001198115515798 ], [ -75.191510017612799, 40.001164218306798 ], [ -75.191516243422598, 40.001130326028999 ], [ -75.191522525312493, 40.001096437703801 ], [ -75.191528860941204, 40.001062553279098 ], [ -75.191535247899594, 40.001028674503097 ], [ -75.191541682743605, 40.000994799497001 ], [ -75.1915481653716, 40.000960930961703 ], [ -75.191554691168903, 40.000927066992297 ], [ -75.191561258964896, 40.000893207562598 ], [ -75.191567865145998, 40.000859355295098 ], [ -75.191574508643299, 40.000825507463098 ], [ -75.191581185877297, 40.000791665788697 ], [ -75.191587894506696, 40.000757830219797 ], [ -75.1915946333948, 40.000723999829901 ], [ -75.1916013989281, 40.000690177241601 ], [ -75.191608187696502, 40.000656359675901 ], [ -75.191614999598301, 40.000622549833501 ], [ -75.191621830019002, 40.000588745809601 ], [ -75.191628677720303, 40.000554949378497 ], [ -75.1916355403946, 40.000521159587898 ], [ -75.191642414530406, 40.000487376359501 ], [ -75.191649298889303, 40.000453601467598 ], [ -75.191656190027302, 40.000419833033597 ], [ -75.191663085535396, 40.000386072805803 ], [ -75.191669984243106, 40.000352320757997 ], [ -75.191676881502104, 40.000318575885601 ], [ -75.1916837772783, 40.000284839088998 ], [ -75.191690666855706, 40.000251111163998 ], [ -75.191697550268003, 40.000217391210299 ], [ -75.191704422799305, 40.000183680024001 ], [ -75.191711283278806, 40.000149977578801 ], [ -75.191718129365597, 40.000116283822699 ], [ -75.191724987948604, 40.000082600255801 ], [ -75.191731938694204, 40.000048926851498 ], [ -75.191738982705104, 40.000015265436502 ], [ -75.191746119981005, 39.999981616010601 ], [ -75.1917533459075, 39.999947976669098 ], [ -75.191760660450299, 39.999914348312103 ], [ -75.191768060131807, 39.999880729961198 ], [ -75.191775543781205, 39.9998471215902 ], [ -75.191783109057098, 39.999813523146898 ], [ -75.191790753618506, 39.999779934579202 ], [ -75.191798476328501, 39.9997463549606 ], [ -75.191806273641404, 39.999712785113303 ], [ -75.191814144454497, 39.999679223210599 ], [ -75.191822086358599, 39.9996456710007 ], [ -75.1918271828347, 39.999624332501 ], [ -75.191830097080299, 39.999612126631 ], [ -75.191838175449107, 39.999578590075501 ], [ -75.191846319123599, 39.9995450612819 ], [ -75.191854525762693, 39.999511540198 ], [ -75.191862793025194, 39.999478026771598 ], [ -75.191871118569793, 39.999444520950703 ], [ -75.191879501293897, 39.999411020908497 ], [ -75.191887937617807, 39.999377528367297 ], [ -75.1918964287797, 39.999344041552703 ], [ -75.191904968892999, 39.999310561234502 ], [ -75.191913557991498, 39.9992770865124 ], [ -75.191922192563496, 39.999243617308203 ], [ -75.191930872608907, 39.999210153621803 ], [ -75.191939594616002, 39.999176695374999 ], [ -75.191948356277507, 39.9991432416154 ], [ -75.191957156422902, 39.999109792316901 ], [ -75.191965992676998, 39.999076348327499 ], [ -75.1919748627665, 39.999042907794603 ], [ -75.191983765521002, 39.999009470692002 ], [ -75.191992697394696, 39.998976037841899 ], [ -75.192001657250998, 39.998942608317698 ], [ -75.192010641612001, 39.998909181141101 ], [ -75.192019650443996, 39.998875757212197 ], [ -75.192028681405702, 39.998842336478901 ], [ -75.192037732223895, 39.998808917088503 ], [ -75.192046799318902, 39.998775500763301 ], [ -75.192055882758794, 39.998742085702801 ], [ -75.192064977861307, 39.998708671802497 ], [ -75.192074085762897, 39.998675259989 ], [ -75.192083201815507, 39.998641849257503 ], [ -75.192092326018994, 39.998608439607999 ], [ -75.192101453725002, 39.9985750300361 ], [ -75.192110586070399, 39.998541621467901 ], [ -75.192119718440694, 39.998508211998697 ], [ -75.192128849597594, 39.998474803402999 ], [ -75.192137977267805, 39.998441393828003 ], [ -75.192147099076294, 39.998407984121798 ], [ -75.192156215091003, 39.998374572483897 ], [ -75.192165320561898, 39.998341160610501 ], [ -75.192174414352294, 39.998307747575303 ], [ -75.1921834953597, 39.998274331551698 ], [ -75.192192559970707, 39.998240915162199 ], [ -75.192201607116402, 39.9982074956799 ], [ -75.192210634421997, 39.998174073953003 ], [ -75.192219639546494, 39.998140649929397 ], [ -75.192228621353195, 39.998107222682499 ], [ -75.192237576330498, 39.998073792134299 ], [ -75.192246503307899, 39.998040358258699 ], [ -75.192255401115105, 39.9980069210295 ], [ -75.192264265069895, 39.997973480342502 ], [ -75.192273096410702, 39.997940034423301 ], [ -75.192281890387505, 39.997906584968 ], [ -75.192290645897899, 39.997873130150097 ], [ -75.192299360566807, 39.997839670817598 ], [ -75.192308033223796, 39.997806206944603 ], [ -75.192316661595697, 39.997772736678201 ], [ -75.192325243307593, 39.997739260866801 ], [ -75.192341564815393, 39.997706882837598 ], [ -75.192357443520294, 39.997675001306298 ], [ -75.192373174519503, 39.997643059718698 ], [ -75.192388765769493, 39.997611064559202 ], [ -75.192404230044303, 39.9975790188155 ], [ -75.192419575402297, 39.997546926271198 ], [ -75.192434813379293, 39.997514791688403 ], [ -75.192449954374197, 39.997482618902801 ], [ -75.192465008786598, 39.997450411750201 ], [ -75.192479985810806, 39.997418174940499 ], [ -75.1924948970846, 39.997385910535002 ], [ -75.192509751734704, 39.997353625044298 ], [ -75.192524560194101, 39.997321321403597 ], [ -75.192539334032503, 39.997289003474897 ], [ -75.192554082444602, 39.997256675968003 ], [ -75.192568815829304, 39.997224342718702 ], [ -75.192583544585801, 39.997192007562603 ], [ -75.1925982791129, 39.997159674335499 ], [ -75.192613029775998, 39.997127347773301 ], [ -75.192627805803298, 39.997095031685603 ], [ -75.192642619935, 39.997062729960298 ], [ -75.192657480229002, 39.997030446380997 ], [ -75.192672397050202, 39.996998185683402 ], [ -75.192687382002106, 39.9969659508292 ], [ -75.192702444245299, 39.9969337474284 ], [ -75.192717595383002, 39.996901578442497 ], [ -75.1927328446437, 39.996869447681199 ], [ -75.192748202358302, 39.996837360780503 ], [ -75.192763680164006, 39.996805319801602 ], [ -75.192779286050893, 39.996773330328601 ], [ -75.192795031622197, 39.996741395322999 ], [ -75.192810927208797, 39.996709520420801 ], [ -75.192826983277499, 39.996677707657099 ], [ -75.192843209022499, 39.996645961741798 ], [ -75.192859615945295, 39.996614288337099 ], [ -75.192876214512495, 39.996582689477997 ], [ -75.192893013918194, 39.996551169874301 ], [ -75.192910025732004, 39.9965197333877 ], [ -75.192927257977502, 39.996488384701799 ], [ -75.192944723394305, 39.996457127704403 ], [ -75.192962431244595, 39.996425965304702 ], [ -75.1929803930297, 39.996394903164898 ], [ -75.192998616807301, 39.996363945068403 ], [ -75.193017114180506, 39.996333093976403 ], [ -75.193035895479994, 39.996302355525202 ], [ -75.193054971172302, 39.996271731749502 ], [ -75.193074350383796, 39.9962412291598 ], [ -75.193094044751305, 39.996210849816997 ], [ -75.193114063469096, 39.996180598430797 ], [ -75.193134382498698, 39.996150460049499 ], [ -75.193154874219701, 39.996120370561897 ], [ -75.193175525959703, 39.996090324279599 ], [ -75.1931963354114, 39.996060320250002 ], [ -75.193217301302596, 39.996030361147902 ], [ -75.193238423666898, 39.996000446072799 ], [ -75.193259701231895, 39.995970577699403 ], [ -75.193281130553999, 39.995940754148798 ], [ -75.193302713838193, 39.995910979074097 ], [ -75.193324447640705, 39.995881250596597 ], [ -75.193346330655402, 39.995851572290903 ], [ -75.193368362949798, 39.995821942356699 ], [ -75.193390542114997, 39.995792362542097 ], [ -75.193412868116994, 39.9957628337473 ], [ -75.193435339785196, 39.9957333559463 ], [ -75.193457953506197, 39.995703931761298 ], [ -75.193480711688693, 39.995674559443998 ], [ -75.193503610719404, 39.995645241616899 ], [ -75.193526649427696, 39.995615978253802 ], [ -75.193549827745699, 39.995586771154997 ], [ -75.1935731445366, 39.995557619394297 ], [ -75.193596597425497, 39.995528523819601 ], [ -75.193620185140205, 39.995499487105498 ], [ -75.193643907714204, 39.995470508351801 ], [ -75.193667763943296, 39.995441588432399 ], [ -75.193691751418498, 39.995412729095797 ], [ -75.193715868969093, 39.995383930315697 ], [ -75.193740116595293, 39.995355192092099 ], [ -75.193764493024602, 39.995326517099599 ], [ -75.193788997120294, 39.9952979044117 ], [ -75.193796013473204, 39.995289770497997 ], [ -75.193813625337199, 39.9952693548505 ], [ -75.193838378743806, 39.995240871142698 ], [ -75.193863256237407, 39.995212451461597 ], [ -75.193888256579598, 39.9951840975816 ], [ -75.193913377361596, 39.995155811251102 ], [ -75.193938617446804, 39.995127591543501 ], [ -75.1939639767334, 39.995099441159702 ], [ -75.1939894540848, 39.995071359172996 ], [ -75.194015047126001, 39.9950433464317 ], [ -75.194040755822996, 39.995015403836 ], [ -75.194066577767202, 39.9949875331341 ], [ -75.194092512958306, 39.994959734325803 ], [ -75.194118559021703, 39.994932008259298 ], [ -75.194144715923201, 39.994904355834898 ], [ -75.194170982492395, 39.994876777026199 ], [ -75.194197356320501, 39.9948492735816 ], [ -75.194223837373499, 39.9948218464014 ], [ -75.1942504233444, 39.994794494532997 ], [ -75.194277114131495, 39.994767220677197 ], [ -75.194303908564194, 39.994740024807797 ], [ -75.194330804267807, 39.994712907772801 ], [ -75.194357801242106, 39.994685869572301 ], [ -75.194384897078393, 39.994658911954403 ], [ -75.194412090606306, 39.994632034893201 ], [ -75.194439384098999, 39.9946052402411 ], [ -75.194466798760203, 39.9945785248661 ], [ -75.194494345158304, 39.9945518881024 ], [ -75.194522019951194, 39.994525325370397 ], [ -75.194549819627198, 39.994498836592001 ], [ -75.194577740742801, 39.994472419888197 ], [ -75.194605782195197, 39.994446073432599 ], [ -75.194633938199701, 39.994419795294199 ], [ -75.194662208857906, 39.994393582772197 ], [ -75.1946905883174, 39.994367435736102 ], [ -75.194719074338906, 39.9943413514331 ], [ -75.1947476646491, 39.994315328010501 ], [ -75.194776355804294, 39.994289363589502 ], [ -75.194805144360899, 39.9942634562913 ], [ -75.194834026841306, 39.994237605137599 ], [ -75.194863002176604, 39.9942118074013 ], [ -75.194892064548299, 39.994186062051902 ], [ -75.1949212129215, 39.994160365462299 ], [ -75.194950442580193, 39.994134718428498 ], [ -75.194979752489701, 39.994109117323198 ], [ -75.195009138001694, 39.994083561142098 ], [ -75.195038596877097, 39.994058047132199 ], [ -75.195068125638201, 39.9940325743149 ], [ -75.195097721978001, 39.994007141738003 ], [ -75.195127381350105, 39.993981745696097 ], [ -75.195157101447293, 39.9939563852368 ], [ -75.195186878826206, 39.9939310584815 ], [ -75.195216712383896, 39.9939057636035 ], [ -75.195246596335707, 39.993880498671999 ], [ -75.195276529545197, 39.993855262760597 ], [ -75.195306507465901, 39.993830052164199 ], [ -75.195336527756893, 39.993804866830601 ], [ -75.195366588145006, 39.993779704907197 ], [ -75.195396684049996, 39.993754563589 ], [ -75.195426813198594, 39.993729441023298 ], [ -75.195456972113305, 39.993704336231701 ], [ -75.195487159691496, 39.993679247387703 ], [ -75.195517369011895, 39.993654171634098 ], [ -75.195547601278903, 39.993629108096897 ], [ -75.1955778495375, 39.993604054819102 ], [ -75.1956081138553, 39.993579010000097 ], [ -75.195638389652302, 39.993553970835301 ], [ -75.195668673416804, 39.993528937246197 ], [ -75.195698964114101, 39.993503905605898 ], [ -75.195729255891706, 39.993478875784099 ], [ -75.195759547680893, 39.993453845054098 ], [ -75.195789836038003, 39.9934288115371 ], [ -75.195820117519403, 39.9934037733547 ], [ -75.1958503886475, 39.993378729528303 ], [ -75.195880648353494, 39.9933536773312 ], [ -75.195910890819107, 39.9933286157328 ], [ -75.195941114975298, 39.993303542006601 ], [ -75.1959713173447, 39.993278455174 ], [ -75.196001493346998, 39.993253352430202 ], [ -75.196031641845707, 39.9932282328488 ], [ -75.196061760567602, 39.993203094577296 ], [ -75.196091842557607, 39.993177935659098 ], [ -75.196121889088005, 39.993152753419302 ], [ -75.196151894340204, 39.993127546827601 ], [ -75.1961818560073, 39.993102314931598 ], [ -75.196211770713305, 39.9930770540523 ], [ -75.196241636117406, 39.993051764137597 ], [ -75.196271448809796, 39.993026442408699 ], [ -75.196301206551297, 39.993001086112798 ], [ -75.196330904626095, 39.992975696046003 ], [ -75.196360540862798, 39.992950267654997 ], [ -75.196390112920298, 39.992924800887799 ], [ -75.196419616184798, 39.992899293839798 ], [ -75.196449048416795, 39.992873743758203 ], [ -75.196478406138894, 39.992848149664603 ], [ -75.196507687111904, 39.992822508806398 ], [ -75.196536886687696, 39.992796820179102 ], [ -75.196566003763806, 39.992771081956398 ], [ -75.196595034930397, 39.992745291359299 ], [ -75.196623975505801, 39.9927194482838 ], [ -75.196652824454802, 39.992693549102903 ], [ -75.196681577095902, 39.992667593712603 ], [ -75.196710231223605, 39.992641578459803 ], [ -75.196738783326495, 39.992615503266499 ], [ -75.196767231165495, 39.992589365379999 ], [ -75.196795570126497, 39.9925631628956 ], [ -75.196823799106696, 39.992536893987001 ], [ -75.196851913458303, 39.992510557649801 ], [ -75.196879910942201, 39.992484151131201 ], [ -75.196907788080694, 39.992457673453103 ], [ -75.196935541464299, 39.992431121836603 ], [ -75.196963169956305, 39.992404495355601 ], [ -75.196990667772496, 39.992377792079303 ], [ -75.197018033843804, 39.9923510092813 ], [ -75.197045273853306, 39.992324151592904 ], [ -75.197072416452798, 39.9922972358697 ], [ -75.197099461608403, 39.992270263011903 ], [ -75.197126413968107, 39.992243234024002 ], [ -75.197153274668494, 39.992216149832302 ], [ -75.197180043641893, 39.992189012237397 ], [ -75.197206725570197, 39.992161821343601 ], [ -75.197233320351899, 39.992134579851502 ], [ -75.197259830361602, 39.992107286913097 ], [ -75.197286257872605, 39.992079944380997 ], [ -75.197312603987697, 39.992052554081802 ], [ -75.197338871047904, 39.992025116067602 ], [ -75.197365060189696, 39.991997631264802 ], [ -75.197391174822997, 39.9919701024522 ], [ -75.197417214981499, 39.991942528729702 ], [ -75.197443182904706, 39.99191491285 ], [ -75.197469080967394, 39.991887253965203 ], [ -75.197494911408896, 39.991859554827997 ], [ -75.197520675365794, 39.991831816364702 ], [ -75.197546374008596, 39.991804038601401 ], [ -75.197572010747194, 39.991776224317 ], [ -75.197597585615199, 39.991748372611298 ], [ -75.197623102056397, 39.991720485362897 ], [ -75.197648561173693, 39.991692564398498 ], [ -75.1976739653078, 39.991664609769998 ], [ -75.197699315561493, 39.991636623303997 ], [ -75.197724614241906, 39.991608605952997 ], [ -75.197749862485594, 39.991580558643101 ], [ -75.197775063769996, 39.991552482352802 ], [ -75.197800218027595, 39.991524378882602 ], [ -75.197825327632899, 39.991496247384298 ], [ -75.197850395962107, 39.991468091537001 ], [ -75.197875421878393, 39.991439910414599 ], [ -75.197900409995995, 39.9914117059215 ], [ -75.197925361417504, 39.991383479884398 ], [ -75.197950277347303, 39.991355231429097 ], [ -75.197975158854504, 39.991326963282297 ], [ -75.198000010586597, 39.991298676448501 ], [ -75.198024831373402, 39.991270370901603 ], [ -75.198049624624701, 39.991242049420499 ], [ -75.198074391544694, 39.991213711130897 ], [ -75.198099134372796, 39.9911853587857 ], [ -75.198123855483601, 39.991156991536698 ], [ -75.198148555912297, 39.991128613011 ], [ -75.198173236862999, 39.991100222334197 ], [ -75.198197901779494, 39.991071821385098 ], [ -75.198222550627904, 39.991043411063799 ], [ -75.198247186851702, 39.991014993249003 ], [ -75.198271811621396, 39.990986567966601 ], [ -75.198296427244003, 39.990958136168899 ], [ -75.198321034856093, 39.990929698782303 ], [ -75.198345637867405, 39.990901258585602 ], [ -75.198370235107603, 39.990872815552699 ], [ -75.198394831224405, 39.990844370688102 ], [ -75.198419426184003, 39.990815924891798 ], [ -75.198444023463907, 39.990787479142199 ], [ -75.198468622996302, 39.990759035240004 ], [ -75.198493228258698, 39.990730594163203 ], [ -75.198517841558001, 39.990702156864302 ], [ -75.198542461689996, 39.990673724217402 ], [ -75.198567094472907, 39.990645297253003 ], [ -75.198591738668696, 39.990616877745403 ], [ -75.198616396618206, 39.990588465746796 ], [ -75.198641071764797, 39.990560063135597 ], [ -75.198665764074804, 39.990531670811997 ], [ -75.198690477025593, 39.9905032897545 ], [ -75.198715211753793, 39.990474920889199 ], [ -75.198739969361995, 39.990446566042699 ], [ -75.198764752190996, 39.990418225266801 ], [ -75.198789562547901, 39.990389899514099 ], [ -75.198814402671999, 39.990361591537102 ], [ -75.198839272596999, 39.990333300435701 ], [ -75.198864174562203, 39.990305028962503 ], [ -75.198889112078902, 39.990276777195703 ], [ -75.1989140862498, 39.990248546961602 ], [ -75.198939098245404, 39.990220338286399 ], [ -75.198964149168205, 39.9901921529964 ], [ -75.198989243666105, 39.990163992096001 ], [ -75.199014380534805, 39.990135856459403 ], [ -75.199039564388201, 39.990107747991097 ], [ -75.199064794089793, 39.990079665764803 ], [ -75.199090073015398, 39.990051613459599 ], [ -75.199115403539693, 39.990023590227104 ], [ -75.199140787935704, 39.989995597919901 ], [ -75.199166224999203, 39.9899676374121 ], [ -75.1991917193441, 39.989939710608397 ], [ -75.1992172721408, 39.989911817534598 ], [ -75.199242885696194, 39.989883959143 ], [ -75.199268561113101, 39.989856137259999 ], [ -75.199294299527907, 39.989828352811898 ], [ -75.199320104418106, 39.989800606777003 ], [ -75.199345965452807, 39.9897728935196 ], [ -75.199371823225903, 39.9897451729762 ], [ -75.199397669747299, 39.9897174395633 ], [ -75.199423504949394, 39.989689695081502 ], [ -75.199449333446296, 39.989661941435301 ], [ -75.199475156340498, 39.989634180451198 ], [ -75.199500974836397, 39.989606411254798 ], [ -75.199526792309896, 39.989578637525497 ], [ -75.199552608760797, 39.989550859262998 ], [ -75.1995784276329, 39.989523078345897 ], [ -75.199604250062706, 39.9894952957005 ], [ -75.199630078289402, 39.9894675140795 ], [ -75.199655914654002, 39.989439733535001 ], [ -75.199681760258997, 39.989411955893502 ], [ -75.199707618548103, 39.989384183033501 ], [ -75.199733489521194, 39.989356414954898 ], [ -75.199759376588105, 39.989328654436498 ], [ -75.199785280885294, 39.9893009024047 ], [ -75.1998112058902, 39.989273159837602 ], [ -75.199837151535107, 39.989245428535703 ], [ -75.199863120093298, 39.989217710351603 ], [ -75.199889115075607, 39.989190005363099 ], [ -75.199915136380994, 39.989162316271198 ], [ -75.199941187520196, 39.989134643153697 ], [ -75.199967269562407, 39.989106988737397 ], [ -75.199993384814505, 39.989079353974603 ], [ -75.200019534413101, 39.9890517397914 ], [ -75.200045721801501, 39.989024148066399 ], [ -75.200071949286894, 39.988996579751898 ], [ -75.200098215631101, 39.988969036622102 ], [ -75.200124526652402, 39.988941519707502 ], [ -75.200150881112506, 39.988914030782396 ], [ -75.200177283625493, 39.9888865717515 ], [ -75.200203734191305, 39.988859142614501 ], [ -75.200230235082998, 39.988831745224097 ], [ -75.200256789744202, 39.9888043814586 ], [ -75.201995548639204, 39.987257816947597 ], [ -75.202026619118996, 39.987233404730503 ], [ -75.202057713613399, 39.987209007454801 ], [ -75.2020888309182, 39.987184625994502 ], [ -75.202119966487203, 39.987160256644799 ], [ -75.202151119183796, 39.987135898479401 ], [ -75.202182286734796, 39.987111549645803 ], [ -75.202213464526395, 39.9870872082396 ], [ -75.2022446514557, 39.987062872434201 ], [ -75.2022758451822, 39.9870385421778 ], [ -75.202307042329807, 39.987014213791298 ], [ -75.202338240557793, 39.986989887222798 ], [ -75.202369437626999, 39.986965559719501 ], [ -75.202400630093706, 39.986941229403101 ], [ -75.202431816787595, 39.9869168962476 ], [ -75.202462994332905, 39.986892556573899 ], [ -75.202494159218503, 39.986868210304301 ], [ -75.202525310341599, 39.986843855612101 ], [ -75.202556445462704, 39.986819489744803 ], [ -75.202587559934301, 39.9867951116981 ], [ -75.202618652620004, 39.986770720545898 ], [ -75.202649721313904, 39.986746312635198 ], [ -75.202680762471402, 39.986721888788303 ], [ -75.202711773853096, 39.986697446252599 ], [ -75.202742752049303, 39.986672982249402 ], [ -75.202773695889604, 39.9866484967527 ], [ -75.202804603101001, 39.9866239879101 ], [ -75.202835469103206, 39.986599452917098 ], [ -75.202866292726199, 39.986574891747502 ], [ -75.202897071730305, 39.986550301648897 ], [ -75.202927801502, 39.986525680716802 ], [ -75.202958482074806, 39.986501028051002 ], [ -75.202989110005404, 39.986476341773098 ], [ -75.203019680680001, 39.986451619978801 ], [ -75.203050195302595, 39.986426861793703 ], [ -75.203080648122906, 39.986402064387399 ], [ -75.203111036834002, 39.986377226807797 ], [ -75.203141360333106, 39.986352347228298 ], [ -75.203171616313298, 39.986327424696803 ], [ -75.2032018002283, 39.9863024555086 ], [ -75.203231910874095, 39.986277440537798 ], [ -75.203261944841003, 39.986252377005897 ], [ -75.203291901026105, 39.986227263086597 ], [ -75.203321775986097, 39.986202096901401 ], [ -75.203351566209804, 39.986176878372497 ], [ -75.2033812694918, 39.986151603847098 ], [ -75.203410884695501, 39.986126272398799 ], [ -75.203440407173304, 39.986100883023802 ], [ -75.203469837026603, 39.986075433021298 ], [ -75.203499168437503, 39.9860499213613 ], [ -75.203528401473505, 39.986024346243397 ], [ -75.203557876970095, 39.985998708021597 ], [ -75.203587869222602, 39.985973001068402 ], [ -75.203618294169004, 39.9859472181124 ], [ -75.203649067849199, 39.985921349181503 ], [ -75.203680106302897, 39.985895384303603 ], [ -75.203711325468802, 39.985869316207499 ], [ -75.203742641386796, 39.985843134921502 ], [ -75.203773971199894, 39.985816832300202 ], [ -75.203805230948205, 39.985790398371897 ], [ -75.203836336638403, 39.985763824065302 ], [ -75.203867204209601, 39.985737102109802 ] ] ] } },
{ "type": "Feature", "properties": { "objectid": 18, "dist_name": "Lower North", "abbrev": "LNO", "Shape__Area": 26043094.6953125, "Shape__Length": 23444.187690177194 }, "geometry": { "type": "Polygon", "coordinates": [ [ [ -75.186863267636696, 40.000418490553599 ], [ -75.1869552543628, 40.000194140797497 ], [ -75.187034394420394, 39.9999830445146 ], [ -75.187558704418606, 39.998652781350899 ], [ -75.187591781060206, 39.998569527706103 ], [ -75.187607619157006, 39.9982048467906 ], [ -75.186548216475899, 39.998075346279101 ], [ -75.185031881890396, 39.997887147255099 ], [ -75.184398317366899, 39.9978027939543 ], [ -75.183437172884297, 39.997674488302003 ], [ -75.182343661417406, 39.9975285021318 ], [ -75.181793875897498, 39.997453514561798 ], [ -75.180191766715097, 39.997262607544101 ], [ -75.179206734182799, 39.997128054980699 ], [ -75.178578726166705, 39.997049088026998 ], [ -75.177990752255397, 39.996972217470301 ], [ -75.177504365783307, 39.996920217889901 ], [ -75.176951457748402, 39.996841780658201 ], [ -75.175541235464195, 39.996648380400003 ], [ -75.174420700276897, 39.996507518062003 ], [ -75.173951177372601, 39.996441615038101 ], [ -75.172357561605395, 39.9962498611375 ], [ -75.171791121413193, 39.996179543726001 ], [ -75.171328349982304, 39.996123222323902 ], [ -75.170770408245502, 39.996045294274403 ], [ -75.170203940053895, 39.995976965875002 ], [ -75.169734428848002, 39.995913531592102 ], [ -75.1691789219296, 39.9958363856869 ], [ -75.168608933014795, 39.995771414761499 ], [ -75.168141958943707, 39.995704207053102 ], [ -75.167570201403095, 39.995630653132302 ], [ -75.165966640638999, 39.995421629760003 ], [ -75.164819163743203, 39.995272129271399 ], [ -75.164097523104999, 39.995178103459899 ], [ -75.1635427336779, 39.995122309244699 ], [ -75.163196190246694, 39.995071267653103 ], [ -75.162545422668003, 39.9949773424648 ], [ -75.161860612811395, 39.994887039341599 ], [ -75.161633800801596, 39.994857720205097 ], [ -75.161352424890296, 39.994821346845903 ], [ -75.161323002481694, 39.994815870985697 ], [ -75.160948669150102, 39.994746204320897 ], [ -75.159920727497493, 39.994600837154003 ], [ -75.159369557893598, 39.994534458756597 ], [ -75.158809878545895, 39.994440236985497 ], [ -75.158361276698002, 39.994391895379003 ], [ -75.157793797081197, 39.994352039160198 ], [ -75.157250322261405, 39.994286754117901 ], [ -75.156789220989793, 39.994235024485903 ], [ -75.156230906736496, 39.994158297885598 ], [ -75.155054925197106, 39.994005086774202 ], [ -75.1550239433125, 39.994001232799398 ], [ -75.154823668186296, 39.993976319415303 ], [ -75.154590455351794, 39.993947635307599 ], [ -75.154533026084295, 39.993939015983202 ], [ -75.153296698910296, 39.9937830580187 ], [ -75.152392369851796, 39.993668144352398 ], [ -75.150816154318804, 39.993469479664199 ], [ -75.149240889007402, 39.993262159461302 ], [ -75.147888805387396, 39.993087952914799 ], [ -75.146884132907104, 39.992958194645901 ], [ -75.146091367097497, 39.992857674196202 ], [ -75.145604736646106, 39.992792750845403 ], [ -75.145112242216598, 39.992724819878198 ], [ -75.144468783313002, 39.9926420422806 ], [ -75.1438322380084, 39.992559490999398 ], [ -75.143000857923795, 39.992458949838998 ], [ -75.142176006355697, 39.992352485249498 ], [ -75.141513843598204, 39.992264894219197 ], [ -75.140865657853396, 39.992183302498702 ], [ -75.140199768888607, 39.992096001145299 ], [ -75.1397107567375, 39.992037654261502 ], [ -75.139263155828502, 39.991978655989797 ], [ -75.138353941245896, 39.991860931799401 ], [ -75.137845637313802, 39.991797351707298 ], [ -75.137350299337399, 39.991738497511299 ], [ -75.136161722273201, 39.991574090184301 ], [ -75.135468141134794, 39.991488557847497 ], [ -75.134870906572502, 39.991417041505798 ], [ -75.134335632454196, 39.9913393987649 ], [ -75.133806249422094, 39.991268930184603 ], [ -75.133350048846495, 39.991210484790997 ], [ -75.132895437601405, 39.991153159540197 ], [ -75.132422293439603, 39.991092507623698 ], [ -75.131962121172904, 39.991039268617598 ], [ -75.131439887904904, 39.990969596330302 ], [ -75.130900661071493, 39.9908991257102 ], [ -75.128977178243801, 39.990649832210202 ], [ -75.127033282309498, 39.9903952353988 ], [ -75.125949953170306, 39.990239081265102 ], [ -75.125835140095504, 39.990158876131098 ], [ -75.125493541736006, 39.989845977894703 ], [ -75.125966099815699, 39.989573182454301 ], [ -75.126436991286099, 39.989320624665403 ], [ -75.126888673445094, 39.989073730466998 ], [ -75.127366046557697, 39.988801901834499 ], [ -75.127946245251096, 39.988485315657897 ], [ -75.128505967003605, 39.988182308671099 ], [ -75.129644273331493, 39.987555152343504 ], [ -75.130223588704794, 39.98724584048 ], [ -75.130796577591894, 39.986937179743698 ], [ -75.131356821733803, 39.986630613196198 ], [ -75.131909152278197, 39.986315771400101 ], [ -75.131909988556103, 39.986150515420398 ], [ -75.132210308651096, 39.984750666358998 ], [ -75.132520425831302, 39.983283228122403 ], [ -75.132547695932999, 39.9831760000664 ], [ -75.132883347027303, 39.981640724126201 ], [ -75.132881846069395, 39.981554933936501 ], [ -75.133192415708805, 39.980143817880801 ], [ -75.133031178039005, 39.9801013682766 ], [ -75.131778849088903, 39.979373858484998 ], [ -75.130922520806806, 39.978872805652898 ], [ -75.130451211747896, 39.978598231478401 ], [ -75.131169106901098, 39.9778796227098 ], [ -75.131240078407004, 39.977795426817401 ], [ -75.131358030595194, 39.977609166149499 ], [ -75.131814101956806, 39.9768139537587 ], [ -75.132202973605004, 39.976129038493802 ], [ -75.132624418110893, 39.975404658575798 ], [ -75.132672844897897, 39.975313939634198 ], [ -75.132969284174806, 39.974796135390498 ], [ -75.133148160795102, 39.974485079353897 ], [ -75.133375798581994, 39.974099280365998 ], [ -75.133769629001307, 39.973401986221198 ], [ -75.134061572784503, 39.972906451264201 ], [ -75.134249720210804, 39.972526243272299 ], [ -75.134298998184704, 39.972433016662997 ], [ -75.134401979683304, 39.972247100363099 ], [ -75.134410107646502, 39.971700961826997 ], [ -75.134422408071003, 39.970940866419703 ], [ -75.134438750681696, 39.970375020490302 ], [ -75.134436931018001, 39.970214252389503 ], [ -75.134430939608805, 39.968801024931501 ], [ -75.135145291405706, 39.968697010727702 ], [ -75.1353571065642, 39.968735576468902 ], [ -75.135740519588396, 39.968804737245001 ], [ -75.136226379093699, 39.968890872101802 ], [ -75.136793269770394, 39.968998885528798 ], [ -75.137255285221002, 39.969083853923699 ], [ -75.137766276260905, 39.969177547273503 ], [ -75.138007812065894, 39.969227431169401 ], [ -75.138500057133399, 39.969320383617799 ], [ -75.138592210970302, 39.969339267936903 ], [ -75.139000565346294, 39.969415494294601 ], [ -75.139581386262094, 39.969524100862799 ], [ -75.1406684365366, 39.969661624381303 ], [ -75.141519945518397, 39.969767367876301 ], [ -75.142372465589105, 39.969875175094401 ], [ -75.143097126629399, 39.969963832899701 ], [ -75.143591929037299, 39.970020740799498 ], [ -75.144067034838997, 39.970079976173103 ], [ -75.145019805516398, 39.970200482209698 ], [ -75.145862792504204, 39.970309484858099 ], [ -75.146546535574899, 39.970389717161602 ], [ -75.146745064506604, 39.969301981915798 ], [ -75.147149609608604, 39.967135917845503 ], [ -75.147912265285299, 39.967334387053803 ], [ -75.148692007251199, 39.967525746475403 ], [ -75.149560271283704, 39.967741632279498 ], [ -75.150517414225007, 39.967980444882798 ], [ -75.150975323535704, 39.968087034336698 ], [ -75.151502976909995, 39.968191864039703 ], [ -75.152002470365801, 39.968307248850003 ], [ -75.153021003188101, 39.968558350530699 ], [ -75.154551406566597, 39.968940648123102 ], [ -75.156087019781296, 39.969319299860203 ], [ -75.157185224195999, 39.969589654597101 ], [ -75.157622337360905, 39.969697258129699 ], [ -75.158908251887894, 39.970015222608403 ], [ -75.159705062532794, 39.9702111791742 ], [ -75.159855189548097, 39.970229697082402 ], [ -75.160562493318693, 39.970328956341604 ], [ -75.1614063098298, 39.970437699865698 ], [ -75.162983040201496, 39.970632269691798 ], [ -75.164556934155698, 39.970826012207702 ], [ -75.165313103015094, 39.970919512306203 ], [ -75.165988577422596, 39.970998911181297 ], [ -75.166734708322593, 39.971093695790401 ], [ -75.166814441581806, 39.971105691174003 ], [ -75.167705719738194, 39.971221012048801 ], [ -75.168479219776799, 39.971318741061999 ], [ -75.168895360641898, 39.971363970927897 ], [ -75.1692762280084, 39.971415560913499 ], [ -75.170553739822196, 39.971579280136702 ], [ -75.171319807284902, 39.9716596169838 ], [ -75.171994765538599, 39.9717428384416 ], [ -75.172661195844498, 39.971832586809001 ], [ -75.173343703940006, 39.971905980301102 ], [ -75.1743692891922, 39.972044139254798 ], [ -75.174946396866602, 39.972111302740998 ], [ -75.175370252033801, 39.9721660390558 ], [ -75.175949993487095, 39.972241439539303 ], [ -75.176544662453097, 39.972319812710403 ], [ -75.177030643659705, 39.972383597414499 ], [ -75.177540508054093, 39.972446625210203 ], [ -75.177864722838393, 39.9724891000768 ], [ -75.178110195928895, 39.972518642958903 ], [ -75.178579483006203, 39.972582755066597 ], [ -75.179144762943196, 39.972651825260499 ], [ -75.179491361864606, 39.972691467744198 ], [ -75.1799417800177, 39.972751133031302 ], [ -75.180323485715704, 39.972796833783001 ], [ -75.180731517959302, 39.972850333503402 ], [ -75.181438665192999, 39.972930820098497 ], [ -75.182150443029201, 39.973018777990099 ], [ -75.183772452938399, 39.973229812526597 ], [ -75.184850793699496, 39.973359195132304 ], [ -75.185396551759993, 39.973426366149702 ], [ -75.186199799030007, 39.973525803535303 ], [ -75.186369891457403, 39.9735468588879 ], [ -75.186437222284297, 39.9736800708205 ], [ -75.192415092424199, 39.973872413405402 ], [ -75.192428449521799, 39.973904958164198 ], [ -75.192441825591402, 39.973937497036999 ], [ -75.192455221769293, 39.973970030949999 ], [ -75.192468638123003, 39.974002558102697 ], [ -75.192482076993102, 39.974035078547303 ], [ -75.192495537175404, 39.974067593157997 ], [ -75.192509021077996, 39.974100100186298 ], [ -75.192522528700906, 39.974132599632398 ], [ -75.192536061180604, 39.974165092422403 ], [ -75.192549619754701, 39.974197576781997 ], [ -75.192563204389501, 39.9742300536114 ], [ -75.192576817459198, 39.974262522062503 ], [ -75.192590457793699, 39.9742949821092 ], [ -75.192604127766998, 39.9743274329036 ], [ -75.192617827379394, 39.974359874445298 ], [ -75.192631558937194, 39.974392307686998 ], [ -75.192645321338006, 39.974424730801999 ], [ -75.192659116922201, 39.9744571438424 ], [ -75.1926729456559, 39.9744895477086 ], [ -75.192686808777097, 39.974521940625898 ], [ -75.192700706251898, 39.9745543234948 ], [ -75.192714640488504, 39.974586694566803 ], [ -75.1927286114189, 39.9746190556424 ], [ -75.192742621451401, 39.974651404973301 ], [ -75.192756668245806, 39.974683742507203 ], [ -75.192770755312395, 39.974716068322401 ], [ -75.192784882685302, 39.974748381518701 ], [ -75.192799050330507, 39.974780682996297 ], [ -75.192813261792395, 39.974812971933098 ], [ -75.192827514764801, 39.974845247376699 ], [ -75.192841811553905, 39.974877510279498 ], [ -75.192856153397898, 39.974909758867 ], [ -75.192870540228895, 39.974941994939797 ], [ -75.192884974488905, 39.974974215849201 ], [ -75.192899454940203, 39.975006423369599 ], [ -75.192913982786706, 39.975038616626897 ], [ -75.192928560402805, 39.975070794772897 ], [ -75.192943187754594, 39.975102958707801 ], [ -75.192957869624195, 39.9751351058352 ], [ -75.192972772883195, 39.975167220952201 ], [ -75.192987989446294, 39.975199288987703 ], [ -75.193003520721305, 39.9752313036659 ], [ -75.193019363401703, 39.975263259506903 ], [ -75.1930355165549, 39.975295150182703 ], [ -75.193051980418502, 39.975326969391602 ], [ -75.193068752855893, 39.975358711679597 ], [ -75.193070758387407, 39.975362429772801 ], [ -75.193085832900806, 39.975390371619 ], [ -75.193103220824597, 39.975421942007699 ], [ -75.193120913320499, 39.975453417365799 ], [ -75.193138910592197, 39.975484792291702 ], [ -75.193157211741095, 39.975516059557201 ], [ -75.1931758158007, 39.975547213734401 ], [ -75.193194720634295, 39.975578249369697 ], [ -75.193213926513295, 39.975609159260699 ], [ -75.193233431267103, 39.975639938854101 ], [ -75.193253233963304, 39.975670581821802 ], [ -75.193273334872998, 39.975701080961599 ], [ -75.193293731825804, 39.9757314317199 ], [ -75.1933144239228, 39.975761626868596 ], [ -75.193335409027299, 39.975791660953803 ], [ -75.193356688513006, 39.975821528599802 ], [ -75.193378259106893, 39.975851223426702 ], [ -75.193400121046395, 39.9758807391324 ], [ -75.193422273364902, 39.975910070289203 ], [ -75.193444722252096, 39.975939208024698 ], [ -75.193467853311404, 39.975968051006397 ], [ -75.193491846439699, 39.975996549181197 ], [ -75.193516656866805, 39.976024709660201 ], [ -75.193542236346104, 39.976052538576099 ], [ -75.193568541243494, 39.976080043966498 ], [ -75.193595522142203, 39.976107231937902 ], [ -75.193623135441896, 39.9761341096278 ], [ -75.193651334031699, 39.976160684095198 ], [ -75.193680070834901, 39.976186961499103 ], [ -75.193709301080801, 39.976212948950902 ], [ -75.193738977624406, 39.976238654409897 ], [ -75.193769054592806, 39.976264083161098 ], [ -75.193799486044895, 39.976289242290001 ], [ -75.193830224835693, 39.976314139756099 ], [ -75.193861225057901, 39.976338781744701 ], [ -75.193865428825205, 39.976342065847298 ], [ -75.193892440804305, 39.976363174441097 ], [ -75.193923826099805, 39.976387325831098 ], [ -75.193955317130204, 39.976411282246602 ], [ -75.193986776030997, 39.976435283888698 ], [ -75.194018192255101, 39.976459362057597 ], [ -75.194049570754203, 39.9764835096558 ], [ -75.194080918854397, 39.976507718737302 ], [ -75.194112241541106, 39.976531981304099 ], [ -75.194143546106304, 39.976556290310597 ], [ -75.194174838739798, 39.976580636884599 ], [ -75.194206126733405, 39.976605013980503 ], [ -75.194237415038899, 39.976629414500401 ], [ -75.194268712220193, 39.976653828724103 ], [ -75.194300021990799, 39.976678251328202 ], [ -75.194331352948495, 39.976702671691903 ], [ -75.194362708807105, 39.976727084492197 ], [ -75.194394099266503, 39.976751480934801 ], [ -75.194425529278604, 39.976775853921801 ], [ -75.194457005032703, 39.976800194581202 ], [ -75.194488532650695, 39.976824495841001 ], [ -75.194520120628695, 39.976848749781396 ], [ -75.194551771577807, 39.976872949252503 ], [ -75.194583495198302, 39.976897085460102 ], [ -75.194615297611804, 39.976921151332398 ], [ -75.194647183837603, 39.976945137971001 ], [ -75.194679161133905, 39.976969039230497 ], [ -75.194711235690093, 39.976992846238602 ], [ -75.194743413628203, 39.977016551923299 ], [ -75.194775701103495, 39.977040148312703 ], [ -75.194808106645993, 39.977063626586499 ], [ -75.194840634003299, 39.977086980521001 ], [ -75.1948732905349, 39.977110201269902 ], [ -75.1949060835327, 39.977133281787303 ], [ -75.194939017982094, 39.977156214075201 ], [ -75.194972102379197, 39.977178990213403 ], [ -75.195005340505205, 39.9772016030781 ], [ -75.195038740889899, 39.9772240438488 ], [ -75.195072308484797, 39.977246305427798 ], [ -75.1951060506495, 39.977268378968397 ], [ -75.195139973471896, 39.977290258299199 ], [ -75.195174083107304, 39.977311935448 ], [ -75.195208386915397, 39.977333401568401 ], [ -75.195242889847606, 39.977354649562301 ], [ -75.195277599229598, 39.9773756714836 ], [ -75.195312522386999, 39.9773964593861 ], [ -75.195347663101202, 39.977417006145899 ], [ -75.195383031037906, 39.977437303868797 ], [ -75.195418630046404, 39.9774573436301 ], [ -75.195454467384195, 39.977477119284401 ], [ -75.195490549240802, 39.977496621958899 ], [ -75.195526880432197, 39.977515848156699 ], [ -75.195563370538693, 39.977534897678602 ], [ -75.195599977810701, 39.977553821853498 ], [ -75.195636698703495, 39.977572621503299 ], [ -75.195673530673602, 39.977591301977597 ], [ -75.195710472550601, 39.977609863249903 ], [ -75.195747519484499, 39.977628309717403 ], [ -75.195784671373602, 39.977646644080799 ], [ -75.195821924605696, 39.9776648689624 ], [ -75.195859275568594, 39.977682986984902 ], [ -75.195896725364705, 39.977700999974701 ], [ -75.195934268007605, 39.977718911402398 ], [ -75.195971902191502, 39.977736724843098 ], [ -75.196009625508296, 39.977754442044997 ], [ -75.196047436720093, 39.977772064782499 ], [ -75.1960853309767, 39.977789597452499 ], [ -75.196123308176496, 39.977807042755799 ], [ -75.1961613635372, 39.977824403288999 ], [ -75.1961994958546, 39.977841679926001 ], [ -75.196237703789294, 39.977858877142097 ], [ -75.196275982524995, 39.977875998434101 ], [ -75.196314330857504, 39.977893044676001 ], [ -75.196352746344999, 39.977910018516503 ], [ -75.1963912264778, 39.977926924404699 ], [ -75.196429768847594, 39.977943764088998 ], [ -75.1964683710126, 39.977960540218 ], [ -75.196507030497003, 39.977977256340601 ], [ -75.196545743756104, 39.977993913278901 ], [ -75.196584510620895, 39.978010515534002 ], [ -75.196623326308796, 39.978027065702598 ], [ -75.196662189582099, 39.978043565558899 ], [ -75.196701097964905, 39.978060018652101 ], [ -75.196740047878905, 39.978076426704298 ], [ -75.196779037984598, 39.9780927941908 ], [ -75.196818065907905, 39.978109121959797 ], [ -75.196857129139005, 39.978125414460401 ], [ -75.196896224133596, 39.978141672514603 ], [ -75.196935349552206, 39.978157900597701 ], [ -75.196974503020598, 39.978174099557897 ], [ -75.197013680858802, 39.978190273818299 ], [ -75.1970528817954, 39.978206426053603 ], [ -75.197092103422094, 39.978222558012298 ], [ -75.197131342126895, 39.978238672316898 ], [ -75.197170596570203, 39.9782547734426 ], [ -75.197209864378095, 39.9782708622378 ], [ -75.197249140734201, 39.978286942199098 ], [ -75.197288426741196, 39.978303015153301 ], [ -75.197327717549001, 39.978319085497297 ], [ -75.197367010749602, 39.978335154979703 ], [ -75.197406305071297, 39.978351226275201 ], [ -75.197445598072306, 39.978367302032503 ], [ -75.197484886106594, 39.9783833857744 ], [ -75.1975241667662, 39.978399479249497 ], [ -75.197563438779298, 39.978415585132502 ], [ -75.197602698500205, 39.978431706946502 ], [ -75.197641943487, 39.978447847339901 ], [ -75.197681173671995, 39.978464008113498 ], [ -75.197720383068798, 39.978480192737997 ], [ -75.197759571542406, 39.978496404814599 ], [ -75.197798735548204, 39.978512645165502 ], [ -75.197837872610606, 39.978528917339403 ], [ -75.197876981424201, 39.978545224911798 ], [ -75.197916057274298, 39.978561568678501 ], [ -75.197955101161995, 39.978577953166898 ], [ -75.197994107134903, 39.978594380947797 ], [ -75.198033075125494, 39.978610853821699 ], [ -75.198072001521695, 39.978627374411197 ], [ -75.198110883847903, 39.978643946265599 ], [ -75.198149719662197, 39.978660572033299 ], [ -75.198188507693004, 39.978677254389403 ], [ -75.198227243191994, 39.978693995030198 ], [ -75.1982659259901, 39.9787107984572 ], [ -75.198304552542993, 39.978727665492301 ], [ -75.198343120341093, 39.978744600585202 ], [ -75.198381626976598, 39.978761605484102 ], [ -75.198420069973807, 39.978778683738199 ], [ -75.198458448094996, 39.978795837122099 ], [ -75.198496756558001, 39.978813068232498 ], [ -75.198534994057297, 39.978830380644297 ], [ -75.198573159355306, 39.978847776132298 ], [ -75.198611247602003, 39.978865259093702 ], [ -75.198649257593701, 39.978882830402803 ], [ -75.198687188024806, 39.978900493634697 ], [ -75.198725034113195, 39.978918251386098 ], [ -75.198762794587395, 39.978936106331901 ], [ -75.198800483963296, 39.978954046180803 ], [ -75.198838200409099, 39.978971983014702 ], [ -75.198875959678503, 39.978989902767502 ], [ -75.198913755785199, 39.979007808910197 ], [ -75.198951587525201, 39.979025702317102 ], [ -75.198989451252601, 39.979043586511096 ], [ -75.199027344559497, 39.979061463240598 ], [ -75.199065262629702, 39.979079336002499 ], [ -75.199103204259202, 39.979097205671103 ], [ -75.199141164665903, 39.979115074843101 ], [ -75.199179142578004, 39.979132946193197 ], [ -75.199217132076996, 39.979150821391798 ], [ -75.199255133027506, 39.979168704039999 ], [ -75.199293139544807, 39.979186594907901 ], [ -75.199331150323502, 39.9792044975705 ], [ -75.199369161785199, 39.979222413750399 ], [ -75.199407171522196, 39.979240345195997 ], [ -75.199445174718207, 39.9792582954043 ], [ -75.199483168931394, 39.979276267023998 ], [ -75.1995211506174, 39.979294260877403 ], [ -75.199559117334601, 39.979312279613303 ], [ -75.199597066640905, 39.979330325880397 ], [ -75.199634993754302, 39.979348402275498 ], [ -75.199672896266605, 39.979366510547003 ], [ -75.199710770532207, 39.979384654218102 ], [ -75.199748614176698, 39.979402834136998 ], [ -75.1997864247585, 39.979421052952397 ], [ -75.199824196324997, 39.979439313235297 ], [ -75.199861928808701, 39.979457616785901 ], [ -75.199899617359804, 39.9794759680018 ], [ -75.1999372596716, 39.979494365930599 ], [ -75.199974852030806, 39.979512815896101 ], [ -75.200012390926901, 39.979531317819998 ], [ -75.200049873850304, 39.9795498761519 ], [ -75.2000872972568, 39.979568491713898 ], [ -75.200124658704496, 39.979587167155103 ], [ -75.200161954615098, 39.979605904197697 ], [ -75.200199182479594, 39.9796247072913 ], [ -75.200236337616801, 39.979643576331902 ], [ -75.200273417551202, 39.9796625148686 ], [ -75.200310418704703, 39.979681524623899 ], [ -75.200347339772094, 39.979700609173001 ], [ -75.200384176038398, 39.979719769312197 ], [ -75.200420925028396, 39.979739008590599 ], [ -75.200457581993504, 39.979758328704797 ], [ -75.200494145695899, 39.979777731429401 ], [ -75.200530612523806, 39.979797219387201 ], [ -75.200566980001597, 39.979816796127501 ], [ -75.200603242244298, 39.979836462420401 ], [ -75.200639399150703, 39.979856220967001 ], [ -75.2006754459386, 39.9798760743641 ], [ -75.200711380166197, 39.979896025260501 ], [ -75.200747198255399, 39.979916075379002 ], [ -75.200782897764398, 39.979936227368299 ], [ -75.2008184739109, 39.979956483825397 ], [ -75.200853925491003, 39.979976845624599 ], [ -75.200889248825206, 39.979997317189401 ], [ -75.200924439198801, 39.980017899316202 ], [ -75.200959495340399, 39.980038594679797 ], [ -75.200994413637801, 39.980059405903198 ], [ -75.201029190512898, 39.980080334709001 ], [ -75.201063823523995, 39.980101383746103 ], [ -75.201098309059105, 39.9801225556375 ], [ -75.201132643506199, 39.980143853006098 ], [ -75.201166824491096, 39.980165276700298 ], [ -75.201200848368003, 39.980186830243198 ], [ -75.201234712695197, 39.980208516283803 ], [ -75.201268412757997, 39.9802303356186 ], [ -75.201301947251096, 39.980252291822602 ], [ -75.201335311392398, 39.980274387492997 ], [ -75.201368503977704, 39.980296623503897 ], [ -75.201401542695805, 39.980318996644598 ], [ -75.201434540035805, 39.9803414742738 ], [ -75.201467510311105, 39.980364049501603 ], [ -75.201500449977203, 39.980386723150097 ], [ -75.201533355523495, 39.9804094951416 ], [ -75.201566223473193, 39.980432364497702 ], [ -75.2015990491455, 39.980455331114598 ], [ -75.201631830233794, 39.980478394040098 ], [ -75.201664563193802, 39.980501554096598 ], [ -75.201697244548598, 39.980524810305702 ], [ -75.201729870821296, 39.980548161689498 ], [ -75.201762438467597, 39.980571609070203 ], [ -75.201794942874102, 39.9805951505435 ], [ -75.201827382803202, 39.980618787883998 ], [ -75.201859752471194, 39.980642519161101 ], [ -75.201892049537804, 39.980666344323197 ], [ -75.201924271662605, 39.980690263318102 ], [ -75.201956413028199, 39.980714275116 ], [ -75.201988471260293, 39.980738380565001 ], [ -75.202020442882301, 39.980762578686999 ], [ -75.202052323246704, 39.980786868478098 ], [ -75.202084111183595, 39.9808112499122 ], [ -75.202115801978096, 39.980835723785901 ], [ -75.202147391016894, 39.980860288194499 ], [ -75.202178877095903, 39.980884944012701 ], [ -75.202210254397897, 39.980909690210297 ], [ -75.202241521786206, 39.980934525861201 ], [ -75.202272673376001, 39.980959451735799 ], [ -75.202303706826697, 39.9809844677822 ], [ -75.202334618695104, 39.981009572122197 ], [ -75.2023654066071, 39.981034765604001 ], [ -75.202396064745102, 39.981060047197701 ], [ -75.202426590768596, 39.9810854168514 ], [ -75.202456981200598, 39.981110873586999 ], [ -75.202487232496694, 39.981136418227003 ], [ -75.2025173411797, 39.981162049793298 ], [ -75.202547303738896, 39.981187768208002 ], [ -75.202577116697299, 39.981213572493097 ], [ -75.202606776510393, 39.981239463471098 ], [ -75.202636279734705, 39.981265439263503 ], [ -75.202665622825904, 39.981291500692997 ], [ -75.202694802306794, 39.981317646781399 ], [ -75.202723814666697, 39.981343877450897 ], [ -75.202752656428302, 39.981370191723499 ], [ -75.202781324047194, 39.981396590421603 ], [ -75.202809814046304, 39.981423072567097 ], [ -75.202838124084906, 39.981449638108401 ], [ -75.202866248345501, 39.981476286015301 ], [ -75.202894184487505, 39.981503016236204 ], [ -75.202921928999899, 39.981529828693098 ], [ -75.202949479575906, 39.981556722434 ], [ -75.2029768303304, 39.981583698229599 ], [ -75.203003980160503, 39.981610754253303 ], [ -75.203030923181004, 39.981637891275803 ], [ -75.203057658255304, 39.981665108371097 ], [ -75.203084179498305, 39.981692406309499 ], [ -75.203110485806803, 39.9817197832649 ], [ -75.203136572499901, 39.981747239133398 ], [ -75.203162436032798, 39.981774774737701 ], [ -75.203188072962107, 39.981802388199299 ], [ -75.203213480947099, 39.981830079466498 ], [ -75.203238654102506, 39.981857849309897 ], [ -75.203263590121395, 39.981885696777397 ], [ -75.203288286696903, 39.981913620917098 ], [ -75.203312737977299, 39.981941621599098 ], [ -75.203336942792305, 39.981969698797698 ], [ -75.203360896460694, 39.9819978524093 ], [ -75.203384595471206, 39.982026082355901 ], [ -75.203408036380594, 39.982054386759501 ], [ -75.203431215643903, 39.982082766442403 ], [ -75.203454130954199, 39.982111220452801 ], [ -75.203476674411107, 39.982139846407897 ], [ -75.203498758515195, 39.982168728862803 ], [ -75.203520389319806, 39.9821978625463 ], [ -75.203541575320301, 39.982227239537998 ], [ -75.2035623249444, 39.982256853717999 ], [ -75.203582644313101, 39.982286698014597 ], [ -75.203602543024502, 39.982316766333703 ], [ -75.203622029540099, 39.982347051655402 ], [ -75.203641109980794, 39.9823775469075 ], [ -75.203659792774502, 39.982408245970397 ], [ -75.203678086382595, 39.982439141823903 ], [ -75.203695999232906, 39.982470228348198 ], [ -75.203713537446305, 39.982501498471102 ], [ -75.203730710621002, 39.9825329460989 ], [ -75.203747524911606, 39.982564563259203 ], [ -75.203763989882404, 39.982596344758299 ], [ -75.203780112858496, 39.982628282649998 ], [ -75.203795902267601, 39.982660370814102 ], [ -75.203811365400995, 39.9826926022048 ], [ -75.203826509482397, 39.982724971576197 ], [ -75.203841344211199, 39.982757470133798 ], [ -75.203855876777396, 39.982790093532202 ], [ -75.203870113369504, 39.982822832898599 ], [ -75.203884064755798, 39.982855682165102 ], [ -75.203897736989902, 39.982888636060203 ], [ -75.203911138600901, 39.982921685762904 ], [ -75.2039242768126, 39.9829548260278 ], [ -75.203937160052703, 39.982988050734797 ], [ -75.203949796850495, 39.983021351063201 ], [ -75.203962194395999, 39.983054722667703 ], [ -75.203974361218201, 39.983088156727298 ], [ -75.203986304541203, 39.983121647996498 ], [ -75.203998031656198, 39.983155189429098 ], [ -75.204009552161494, 39.983188774931001 ], [ -75.204020873382007, 39.983222396555703 ], [ -75.204032002575602, 39.983256048157301 ], [ -75.204042948170098, 39.983289723615897 ], [ -75.204053717456901, 39.983323415885103 ], [ -75.204064318897807, 39.9833571179446 ], [ -75.204074760920705, 39.983390823674597 ], [ -75.204085050783306, 39.983424526928999 ], [ -75.204095195844502, 39.983458218861003 ], [ -75.204105205635301, 39.983491895177103 ], [ -75.204115086310395, 39.983525547904897 ], [ -75.204124847468194, 39.983559170950301 ], [ -75.204134495229994, 39.983592757240999 ], [ -75.204144039227799, 39.983626299782699 ], [ -75.204153485515306, 39.983659793303801 ], [ -75.204162843792204, 39.983693229009297 ], [ -75.204172121248803, 39.983726602553801 ], [ -75.204181325244207, 39.983759905090402 ], [ -75.204190464138904, 39.983793132299702 ], [ -75.204199546462306, 39.983826275360897 ], [ -75.204208569493105, 39.983859469364198 ], [ -75.204217509400095, 39.983892881367503 ], [ -75.204226345623994, 39.983926497399899 ], [ -75.204235059912705, 39.983960304442498 ], [ -75.204243630536695, 39.983994288498302 ], [ -75.204252038073093, 39.984028436522301 ], [ -75.204260261996495, 39.984062733643398 ], [ -75.204268282883902, 39.984097166816497 ], [ -75.204276078938307, 39.984131723845401 ], [ -75.204283632041907, 39.984166388110097 ], [ -75.204290921534096, 39.984201148340397 ], [ -75.204297926888998, 39.984235989664903 ], [ -75.204304627513196, 39.984270899012799 ], [ -75.204311005187705, 39.984305862465199 ], [ -75.204317037012203, 39.984340865999002 ], [ -75.204322704733698, 39.984375896595402 ], [ -75.204327987758802, 39.984410941183597 ], [ -75.204332865595006, 39.984445983992103 ], [ -75.204337319955599, 39.9844810129023 ], [ -75.204341327906306, 39.984516014791602 ], [ -75.204344870091106, 39.984550974814503 ], [ -75.204347928290602, 39.984585879052098 ], [ -75.2043504807407, 39.984620714407498 ], [ -75.204352508017905, 39.9846554678359 ], [ -75.204353988391603, 39.984690125340499 ], [ -75.204354903676105, 39.984724672101699 ], [ -75.204355233243604, 39.984759095948903 ], [ -75.204354956567599, 39.984793382011098 ], [ -75.204354053054203, 39.984827517217099 ], [ -75.204352504449602, 39.984861488548297 ], [ -75.204350287853202, 39.984895281981501 ], [ -75.204347386249097, 39.984928882723302 ], [ -75.204343776668793, 39.984962278551201 ], [ -75.204339440926205, 39.984995454645599 ], [ -75.204334358427104, 39.9850283979357 ], [ -75.204328507407098, 39.985061095324603 ], [ -75.204321870850194, 39.985093532018702 ], [ -75.204314425821593, 39.985125694895203 ], [ -75.204306154101303, 39.985157570034801 ], [ -75.204297033924902, 39.985189144340403 ], [ -75.204286605559901, 39.985220402208697 ], [ -75.204274350285104, 39.9852513393419 ], [ -75.204260348512307, 39.985281966532703 ], [ -75.204244683062001, 39.985312292826002 ], [ -75.204227440333099, 39.9853423255434 ], [ -75.204208703078805, 39.985372075529902 ], [ -75.204188554187496, 39.985401550029401 ], [ -75.204167077582994, 39.985430759912802 ], [ -75.204144357324296, 39.985459712450101 ], [ -75.204120478539807, 39.985488417637796 ], [ -75.2040955229144, 39.9855168835943 ], [ -75.204069575542803, 39.985545121216497 ], [ -75.204042720518501, 39.985573136874201 ], [ -75.204015039425599, 39.9856009413867 ], [ -75.203986618630907, 39.985628542976301 ], [ -75.203957540956594, 39.985655950687701 ], [ -75.203927890395505, 39.985683173591802 ], [ -75.203922929351904, 39.985687626220297 ], [ -75.2038977497362, 39.985710221633703 ], [ -75.203867204209601, 39.985737102109802 ], [ -75.203836336638403, 39.985763824065302 ], [ -75.203805230948205, 39.985790398371897 ], [ -75.203773971199894, 39.985816832300202 ], [ -75.203742641386796, 39.985843134921502 ], [ -75.203711325468802, 39.985869316207499 ], [ -75.203680106302897, 39.985895384303603 ], [ -75.203649067849199, 39.985921349181503 ], [ -75.203618294169004, 39.9859472181124 ], [ -75.203587869222602, 39.985973001068402 ], [ -75.203557876970095, 39.985998708021597 ], [ -75.203528401473505, 39.986024346243397 ], [ -75.203499168437503, 39.9860499213613 ], [ -75.203469837026603, 39.986075433021298 ], [ -75.203440407173304, 39.986100883023802 ], [ -75.203410884695501, 39.986126272398799 ], [ -75.2033812694918, 39.986151603847098 ], [ -75.203351566209804, 39.986176878372497 ], [ -75.203321775986097, 39.986202096901401 ], [ -75.203291901026105, 39.986227263086597 ], [ -75.203261944841003, 39.986252377005897 ], [ -75.203231910874095, 39.986277440537798 ], [ -75.2032018002283, 39.9863024555086 ], [ -75.203171616313298, 39.986327424696803 ], [ -75.203141360333106, 39.986352347228298 ], [ -75.203111036834002, 39.986377226807797 ], [ -75.203080648122906, 39.986402064387399 ], [ -75.203050195302595, 39.986426861793703 ], [ -75.203019680680001, 39.986451619978801 ], [ -75.202989110005404, 39.986476341773098 ], [ -75.202958482074806, 39.986501028051002 ], [ -75.202927801502, 39.986525680716802 ], [ -75.202897071730305, 39.986550301648897 ], [ -75.202866292726199, 39.986574891747502 ], [ -75.202835469103206, 39.986599452917098 ], [ -75.202804603101001, 39.9866239879101 ], [ -75.202773695889604, 39.9866484967527 ], [ -75.202742752049303, 39.986672982249402 ], [ -75.202711773853096, 39.986697446252599 ], [ -75.202680762471402, 39.986721888788303 ], [ -75.202649721313904, 39.986746312635198 ], [ -75.202618652620004, 39.986770720545898 ], [ -75.202587559934301, 39.9867951116981 ], [ -75.202556445462704, 39.986819489744803 ], [ -75.202525310341599, 39.986843855612101 ], [ -75.202494159218503, 39.986868210304301 ], [ -75.202462994332905, 39.986892556573899 ], [ -75.202431816787595, 39.9869168962476 ], [ -75.202400630093706, 39.986941229403101 ], [ -75.202369437626999, 39.986965559719501 ], [ -75.202338240557793, 39.986989887222798 ], [ -75.202307042329807, 39.987014213791298 ], [ -75.2022758451822, 39.9870385421778 ], [ -75.2022446514557, 39.987062872434201 ], [ -75.202213464526395, 39.9870872082396 ], [ -75.202182286734796, 39.987111549645803 ], [ -75.202151119183796, 39.987135898479401 ], [ -75.202119966487203, 39.987160256644799 ], [ -75.2020888309182, 39.987184625994502 ], [ -75.202057713613399, 39.987209007454801 ], [ -75.202026619118996, 39.987233404730503 ], [ -75.201995548639204, 39.987257816947597 ], [ -75.200256789744202, 39.9888043814586 ], [ -75.200230235082998, 39.988831745224097 ], [ -75.200203734191305, 39.988859142614501 ], [ -75.200177283625493, 39.9888865717515 ], [ -75.200150881112506, 39.988914030782396 ], [ -75.200124526652402, 39.988941519707502 ], [ -75.200098215631101, 39.988969036622102 ], [ -75.200071949286894, 39.988996579751898 ], [ -75.200045721801501, 39.989024148066399 ], [ -75.200019534413101, 39.9890517397914 ], [ -75.199993384814505, 39.989079353974603 ], [ -75.199967269562407, 39.989106988737397 ], [ -75.199941187520196, 39.989134643153697 ], [ -75.199915136380994, 39.989162316271198 ], [ -75.199889115075607, 39.989190005363099 ], [ -75.199863120093298, 39.989217710351603 ], [ -75.199837151535107, 39.989245428535703 ], [ -75.1998112058902, 39.989273159837602 ], [ -75.199785280885294, 39.9893009024047 ], [ -75.199759376588105, 39.989328654436498 ], [ -75.199733489521194, 39.989356414954898 ], [ -75.199707618548103, 39.989384183033501 ], [ -75.199681760258997, 39.989411955893502 ], [ -75.199655914654002, 39.989439733535001 ], [ -75.199630078289402, 39.9894675140795 ], [ -75.199604250062706, 39.9894952957005 ], [ -75.1995784276329, 39.989523078345897 ], [ -75.199552608760797, 39.989550859262998 ], [ -75.199526792309896, 39.989578637525497 ], [ -75.199500974836397, 39.989606411254798 ], [ -75.199475156340498, 39.989634180451198 ], [ -75.199449333446296, 39.989661941435301 ], [ -75.199423504949394, 39.989689695081502 ], [ -75.199397669747299, 39.9897174395633 ], [ -75.199371823225903, 39.9897451729762 ], [ -75.199345965452807, 39.9897728935196 ], [ -75.199320104418106, 39.989800606777003 ], [ -75.199294299527907, 39.989828352811898 ], [ -75.199268561113101, 39.989856137259999 ], [ -75.199242885696194, 39.989883959143 ], [ -75.1992172721408, 39.989911817534598 ], [ -75.1991917193441, 39.989939710608397 ], [ -75.199166224999203, 39.9899676374121 ], [ -75.199140787935704, 39.989995597919901 ], [ -75.199115403539693, 39.990023590227104 ], [ -75.199090073015398, 39.990051613459599 ], [ -75.199064794089793, 39.990079665764803 ], [ -75.199039564388201, 39.990107747991097 ], [ -75.199014380534805, 39.990135856459403 ], [ -75.198989243666105, 39.990163992096001 ], [ -75.198964149168205, 39.9901921529964 ], [ -75.198939098245404, 39.990220338286399 ], [ -75.1989140862498, 39.990248546961602 ], [ -75.198889112078902, 39.990276777195703 ], [ -75.198864174562203, 39.990305028962503 ], [ -75.198839272596999, 39.990333300435701 ], [ -75.198814402671999, 39.990361591537102 ], [ -75.198789562547901, 39.990389899514099 ], [ -75.198764752190996, 39.990418225266801 ], [ -75.198739969361995, 39.990446566042699 ], [ -75.198715211753793, 39.990474920889199 ], [ -75.198690477025593, 39.9905032897545 ], [ -75.198665764074804, 39.990531670811997 ], [ -75.198641071764797, 39.990560063135597 ], [ -75.198616396618206, 39.990588465746796 ], [ -75.198591738668696, 39.990616877745403 ], [ -75.198567094472907, 39.990645297253003 ], [ -75.198542461689996, 39.990673724217402 ], [ -75.198517841558001, 39.990702156864302 ], [ -75.198493228258698, 39.990730594163203 ], [ -75.198468622996302, 39.990759035240004 ], [ -75.198444023463907, 39.990787479142199 ], [ -75.198419426184003, 39.990815924891798 ], [ -75.198394831224405, 39.990844370688102 ], [ -75.198370235107603, 39.990872815552699 ], [ -75.198345637867405, 39.990901258585602 ], [ -75.198321034856093, 39.990929698782303 ], [ -75.198296427244003, 39.990958136168899 ], [ -75.198271811621396, 39.990986567966601 ], [ -75.198247186851702, 39.991014993249003 ], [ -75.198222550627904, 39.991043411063799 ], [ -75.198197901779494, 39.991071821385098 ], [ -75.198173236862999, 39.991100222334197 ], [ -75.198148555912297, 39.991128613011 ], [ -75.198123855483601, 39.991156991536698 ], [ -75.198099134372796, 39.9911853587857 ], [ -75.198074391544694, 39.991213711130897 ], [ -75.198049624624701, 39.991242049420499 ], [ -75.198024831373402, 39.991270370901603 ], [ -75.198000010586597, 39.991298676448501 ], [ -75.197975158854504, 39.991326963282297 ], [ -75.197950277347303, 39.991355231429097 ], [ -75.197925361417504, 39.991383479884398 ], [ -75.197900409995995, 39.9914117059215 ], [ -75.197875421878393, 39.991439910414599 ], [ -75.197850395962107, 39.991468091537001 ], [ -75.197825327632899, 39.991496247384298 ], [ -75.197800218027595, 39.991524378882602 ], [ -75.197775063769996, 39.991552482352802 ], [ -75.197749862485594, 39.991580558643101 ], [ -75.197724614241906, 39.991608605952997 ], [ -75.197699315561493, 39.991636623303997 ], [ -75.1976739653078, 39.991664609769998 ], [ -75.197648561173693, 39.991692564398498 ], [ -75.197623102056397, 39.991720485362897 ], [ -75.197597585615199, 39.991748372611298 ], [ -75.197572010747194, 39.991776224317 ], [ -75.197546374008596, 39.991804038601401 ], [ -75.197520675365794, 39.991831816364702 ], [ -75.197494911408896, 39.991859554827997 ], [ -75.197469080967394, 39.991887253965203 ], [ -75.197443182904706, 39.99191491285 ], [ -75.197417214981499, 39.991942528729702 ], [ -75.197391174822997, 39.9919701024522 ], [ -75.197365060189696, 39.991997631264802 ], [ -75.197338871047904, 39.992025116067602 ], [ -75.197312603987697, 39.992052554081802 ], [ -75.197286257872605, 39.992079944380997 ], [ -75.197259830361602, 39.992107286913097 ], [ -75.197233320351899, 39.992134579851502 ], [ -75.197206725570197, 39.992161821343601 ], [ -75.197180043641893, 39.992189012237397 ], [ -75.197153274668494, 39.992216149832302 ], [ -75.197126413968107, 39.992243234024002 ], [ -75.197099461608403, 39.992270263011903 ], [ -75.197072416452798, 39.9922972358697 ], [ -75.197045273853306, 39.992324151592904 ], [ -75.197018033843804, 39.9923510092813 ], [ -75.196990667772496, 39.992377792079303 ], [ -75.196963169956305, 39.992404495355601 ], [ -75.196935541464299, 39.992431121836603 ], [ -75.196907788080694, 39.992457673453103 ], [ -75.196879910942201, 39.992484151131201 ], [ -75.196851913458303, 39.992510557649801 ], [ -75.196823799106696, 39.992536893987001 ], [ -75.196795570126497, 39.9925631628956 ], [ -75.196767231165495, 39.992589365379999 ], [ -75.196738783326495, 39.992615503266499 ], [ -75.196710231223605, 39.992641578459803 ], [ -75.196681577095902, 39.992667593712603 ], [ -75.196652824454802, 39.992693549102903 ], [ -75.196623975505801, 39.9927194482838 ], [ -75.196595034930397, 39.992745291359299 ], [ -75.196566003763806, 39.992771081956398 ], [ -75.196536886687696, 39.992796820179102 ], [ -75.196507687111904, 39.992822508806398 ], [ -75.196478406138894, 39.992848149664603 ], [ -75.196449048416795, 39.992873743758203 ], [ -75.196419616184798, 39.992899293839798 ], [ -75.196390112920298, 39.992924800887799 ], [ -75.196360540862798, 39.992950267654997 ], [ -75.196330904626095, 39.992975696046003 ], [ -75.196301206551297, 39.993001086112798 ], [ -75.196271448809796, 39.993026442408699 ], [ -75.196241636117406, 39.993051764137597 ], [ -75.196211770713305, 39.9930770540523 ], [ -75.1961818560073, 39.993102314931598 ], [ -75.196151894340204, 39.993127546827601 ], [ -75.196121889088005, 39.993152753419302 ], [ -75.196091842557607, 39.993177935659098 ], [ -75.196061760567602, 39.993203094577296 ], [ -75.196031641845707, 39.9932282328488 ], [ -75.196001493346998, 39.993253352430202 ], [ -75.1959713173447, 39.993278455174 ], [ -75.195941114975298, 39.993303542006601 ], [ -75.195910890819107, 39.9933286157328 ], [ -75.195880648353494, 39.9933536773312 ], [ -75.1958503886475, 39.993378729528303 ], [ -75.195820117519403, 39.9934037733547 ], [ -75.195789836038003, 39.9934288115371 ], [ -75.195759547680893, 39.993453845054098 ], [ -75.195729255891706, 39.993478875784099 ], [ -75.195698964114101, 39.993503905605898 ], [ -75.195668673416804, 39.993528937246197 ], [ -75.195638389652302, 39.993553970835301 ], [ -75.1956081138553, 39.993579010000097 ], [ -75.1955778495375, 39.993604054819102 ], [ -75.195547601278903, 39.993629108096897 ], [ -75.195517369011895, 39.993654171634098 ], [ -75.195487159691496, 39.993679247387703 ], [ -75.195456972113305, 39.993704336231701 ], [ -75.195426813198594, 39.993729441023298 ], [ -75.195396684049996, 39.993754563589 ], [ -75.195366588145006, 39.993779704907197 ], [ -75.195336527756893, 39.993804866830601 ], [ -75.195306507465901, 39.993830052164199 ], [ -75.195276529545197, 39.993855262760597 ], [ -75.195246596335707, 39.993880498671999 ], [ -75.195216712383896, 39.9939057636035 ], [ -75.195186878826206, 39.9939310584815 ], [ -75.195157101447293, 39.9939563852368 ], [ -75.195127381350105, 39.993981745696097 ], [ -75.195097721978001, 39.994007141738003 ], [ -75.195068125638201, 39.9940325743149 ], [ -75.195038596877097, 39.994058047132199 ], [ -75.195009138001694, 39.994083561142098 ], [ -75.194979752489701, 39.994109117323198 ], [ -75.194950442580193, 39.994134718428498 ], [ -75.1949212129215, 39.994160365462299 ], [ -75.194892064548299, 39.994186062051902 ], [ -75.194863002176604, 39.9942118074013 ], [ -75.194834026841306, 39.994237605137599 ], [ -75.194805144360899, 39.9942634562913 ], [ -75.194776355804294, 39.994289363589502 ], [ -75.1947476646491, 39.994315328010501 ], [ -75.194719074338906, 39.9943413514331 ], [ -75.1946905883174, 39.994367435736102 ], [ -75.194662208857906, 39.994393582772197 ], [ -75.194633938199701, 39.994419795294199 ], [ -75.194605782195197, 39.994446073432599 ], [ -75.194577740742801, 39.994472419888197 ], [ -75.194549819627198, 39.994498836592001 ], [ -75.194522019951194, 39.994525325370397 ], [ -75.194494345158304, 39.9945518881024 ], [ -75.194466798760203, 39.9945785248661 ], [ -75.194439384098999, 39.9946052402411 ], [ -75.194412090606306, 39.994632034893201 ], [ -75.194384897078393, 39.994658911954403 ], [ -75.194357801242106, 39.994685869572301 ], [ -75.194330804267807, 39.994712907772801 ], [ -75.194303908564194, 39.994740024807797 ], [ -75.194277114131495, 39.994767220677197 ], [ -75.1942504233444, 39.994794494532997 ], [ -75.194223837373499, 39.9948218464014 ], [ -75.194197356320501, 39.9948492735816 ], [ -75.194170982492395, 39.994876777026199 ], [ -75.194144715923201, 39.994904355834898 ], [ -75.194118559021703, 39.994932008259298 ], [ -75.194092512958306, 39.994959734325803 ], [ -75.194066577767202, 39.9949875331341 ], [ -75.194040755822996, 39.995015403836 ], [ -75.194015047126001, 39.9950433464317 ], [ -75.1939894540848, 39.995071359172996 ], [ -75.1939639767334, 39.995099441159702 ], [ -75.193938617446804, 39.995127591543501 ], [ -75.193913377361596, 39.995155811251102 ], [ -75.193888256579598, 39.9951840975816 ], [ -75.193863256237407, 39.995212451461597 ], [ -75.193838378743806, 39.995240871142698 ], [ -75.193813625337199, 39.9952693548505 ], [ -75.193796013473204, 39.995289770497997 ], [ -75.193788997120294, 39.9952979044117 ], [ -75.193764493024602, 39.995326517099599 ], [ -75.193740116595293, 39.995355192092099 ], [ -75.193715868969093, 39.995383930315697 ], [ -75.193691751418498, 39.995412729095797 ], [ -75.193667763943296, 39.995441588432399 ], [ -75.193643907714204, 39.995470508351801 ], [ -75.193620185140205, 39.995499487105498 ], [ -75.193596597425497, 39.995528523819601 ], [ -75.1935731445366, 39.995557619394297 ], [ -75.193549827745699, 39.995586771154997 ], [ -75.193526649427696, 39.995615978253802 ], [ -75.193503610719404, 39.995645241616899 ], [ -75.193480711688693, 39.995674559443998 ], [ -75.193457953506197, 39.995703931761298 ], [ -75.193435339785196, 39.9957333559463 ], [ -75.193412868116994, 39.9957628337473 ], [ -75.193390542114997, 39.995792362542097 ], [ -75.193368362949798, 39.995821942356699 ], [ -75.193346330655402, 39.995851572290903 ], [ -75.193324447640705, 39.995881250596597 ], [ -75.193302713838193, 39.995910979074097 ], [ -75.193281130553999, 39.995940754148798 ], [ -75.193259701231895, 39.995970577699403 ], [ -75.193238423666898, 39.996000446072799 ], [ -75.193217301302596, 39.996030361147902 ], [ -75.1931963354114, 39.996060320250002 ], [ -75.193175525959703, 39.996090324279599 ], [ -75.193154874219701, 39.996120370561897 ], [ -75.193134382498698, 39.996150460049499 ], [ -75.193114063469096, 39.996180598430797 ], [ -75.193094044751305, 39.996210849816997 ], [ -75.193074350383796, 39.9962412291598 ], [ -75.193054971172302, 39.996271731749502 ], [ -75.193035895479994, 39.996302355525202 ], [ -75.193017114180506, 39.996333093976403 ], [ -75.192998616807301, 39.996363945068403 ], [ -75.1929803930297, 39.996394903164898 ], [ -75.192962431244595, 39.996425965304702 ], [ -75.192944723394305, 39.996457127704403 ], [ -75.192927257977502, 39.996488384701799 ], [ -75.192910025732004, 39.9965197333877 ], [ -75.192893013918194, 39.996551169874301 ], [ -75.192876214512495, 39.996582689477997 ], [ -75.192859615945295, 39.996614288337099 ], [ -75.192843209022499, 39.996645961741798 ], [ -75.192826983277499, 39.996677707657099 ], [ -75.192810927208797, 39.996709520420801 ], [ -75.192795031622197, 39.996741395322999 ], [ -75.192779286050893, 39.996773330328601 ], [ -75.192763680164006, 39.996805319801602 ], [ -75.192748202358302, 39.996837360780503 ], [ -75.1927328446437, 39.996869447681199 ], [ -75.192717595383002, 39.996901578442497 ], [ -75.192702444245299, 39.9969337474284 ], [ -75.192687382002106, 39.9969659508292 ], [ -75.192672397050202, 39.996998185683402 ], [ -75.192657480229002, 39.997030446380997 ], [ -75.192642619935, 39.997062729960298 ], [ -75.192627805803298, 39.997095031685603 ], [ -75.192613029775998, 39.997127347773301 ], [ -75.1925982791129, 39.997159674335499 ], [ -75.192583544585801, 39.997192007562603 ], [ -75.192568815829304, 39.997224342718702 ], [ -75.192554082444602, 39.997256675968003 ], [ -75.192539334032503, 39.997289003474897 ], [ -75.192524560194101, 39.997321321403597 ], [ -75.192509751734704, 39.997353625044298 ], [ -75.1924948970846, 39.997385910535002 ], [ -75.192479985810806, 39.997418174940499 ], [ -75.192465008786598, 39.997450411750201 ], [ -75.192449954374197, 39.997482618902801 ], [ -75.192434813379293, 39.997514791688403 ], [ -75.192419575402297, 39.997546926271198 ], [ -75.192404230044303, 39.9975790188155 ], [ -75.192388765769493, 39.997611064559202 ], [ -75.192373174519503, 39.997643059718698 ], [ -75.192357443520294, 39.997675001306298 ], [ -75.192341564815393, 39.997706882837598 ], [ -75.192325243307593, 39.997739260866801 ], [ -75.192316661595697, 39.997772736678201 ], [ -75.192308033223796, 39.997806206944603 ], [ -75.192299360566807, 39.997839670817598 ], [ -75.192290645897899, 39.997873130150097 ], [ -75.192281890387505, 39.997906584968 ], [ -75.192273096410702, 39.997940034423301 ], [ -75.192264265069895, 39.997973480342502 ], [ -75.192255401115105, 39.9980069210295 ], [ -75.192246503307899, 39.998040358258699 ], [ -75.192237576330498, 39.998073792134299 ], [ -75.192228621353195, 39.998107222682499 ], [ -75.192219639546494, 39.998140649929397 ], [ -75.192210634421997, 39.998174073953003 ], [ -75.192201607116402, 39.9982074956799 ], [ -75.192192559970707, 39.998240915162199 ], [ -75.1921834953597, 39.998274331551698 ], [ -75.192174414352294, 39.998307747575303 ], [ -75.192165320561898, 39.998341160610501 ], [ -75.192156215091003, 39.998374572483897 ], [ -75.192147099076294, 39.998407984121798 ], [ -75.192137977267805, 39.998441393828003 ], [ -75.192128849597594, 39.998474803402999 ], [ -75.192119718440694, 39.998508211998697 ], [ -75.192110586070399, 39.998541621467901 ], [ -75.192101453725002, 39.9985750300361 ], [ -75.192092326018994, 39.998608439607999 ], [ -75.192083201815507, 39.998641849257503 ], [ -75.192074085762897, 39.998675259989 ], [ -75.192064977861307, 39.998708671802497 ], [ -75.192055882758794, 39.998742085702801 ], [ -75.192046799318902, 39.998775500763301 ], [ -75.192037732223895, 39.998808917088503 ], [ -75.192028681405702, 39.998842336478901 ], [ -75.192019650443996, 39.998875757212197 ], [ -75.192010641612001, 39.998909181141101 ], [ -75.192001657250998, 39.998942608317698 ], [ -75.191992697394696, 39.998976037841899 ], [ -75.191983765521002, 39.999009470692002 ], [ -75.1919748627665, 39.999042907794603 ], [ -75.191965992676998, 39.999076348327499 ], [ -75.191957156422902, 39.999109792316901 ], [ -75.191948356277507, 39.9991432416154 ], [ -75.191939594616002, 39.999176695374999 ], [ -75.191930872608907, 39.999210153621803 ], [ -75.191922192563496, 39.999243617308203 ], [ -75.191913557991498, 39.9992770865124 ], [ -75.191904968892999, 39.999310561234502 ], [ -75.1918964287797, 39.999344041552703 ], [ -75.191887937617807, 39.999377528367297 ], [ -75.191879501293897, 39.999411020908497 ], [ -75.191871118569793, 39.999444520950703 ], [ -75.191862793025194, 39.999478026771598 ], [ -75.191854525762693, 39.999511540198 ], [ -75.191846319123599, 39.9995450612819 ], [ -75.191838175449107, 39.999578590075501 ], [ -75.191830097080299, 39.999612126631 ], [ -75.1918271828347, 39.999624332501 ], [ -75.190819492239996, 39.999568970894302 ], [ -75.1905216580423, 39.999650877254297 ], [ -75.189579615234805, 39.999904884140797 ], [ -75.188817505461202, 40.000213600431202 ], [ -75.188562856138006, 40.000264301121803 ], [ -75.188450323390995, 40.000281079816503 ], [ -75.188290577292506, 40.000282354470798 ], [ -75.188115429872596, 40.000279563132601 ], [ -75.187745205692593, 40.000262215468801 ], [ -75.187513827145096, 40.0002588682027 ], [ -75.187343337231098, 40.000269596562497 ], [ -75.187198262334704, 40.000295426220802 ], [ -75.186951999746597, 40.000373499430502 ], [ -75.186863267636696, 40.000418490553599 ] ] ] } },
{ "type": "Feature", "properties": { "objectid": 19, "dist_name": "Lower Northwest", "abbrev": "LNW", "Shape__Area": 41030784.203125, "Shape__Length": 35327.105309098864 }, "geometry": { "type": "Polygon", "coordinates": [ [ [ -75.264507040862, 40.054042113878801 ], [ -75.259906335236593, 40.058208523140003 ], [ -75.243459979788895, 40.073343692633799 ], [ -75.243291510944502, 40.073503323159301 ], [ -75.243068787435305, 40.073714360658698 ], [ -75.2421170703862, 40.0746546402181 ], [ -75.233012408214293, 40.083648157628701 ], [ -75.230561870885495, 40.086068248502798 ], [ -75.230502802323002, 40.086031845723802 ], [ -75.228602257767804, 40.0848835209528 ], [ -75.228406146662294, 40.084716412195696 ], [ -75.2279728520882, 40.084352373247903 ], [ -75.228024465394398, 40.084349109797003 ], [ -75.228201455701196, 40.084236843478699 ], [ -75.228433023303893, 40.084109182463003 ], [ -75.228651331301506, 40.084047598128102 ], [ -75.228987737186799, 40.084005200007802 ], [ -75.229411403322104, 40.083939823727199 ], [ -75.229847092889401, 40.083841524191897 ], [ -75.230251328003007, 40.083717645380197 ], [ -75.230589885969707, 40.083617211878298 ], [ -75.2308322389258, 40.083489782580102 ], [ -75.231018784954998, 40.083410907732699 ], [ -75.231142730735101, 40.083272584617703 ], [ -75.231201615499103, 40.083141131957298 ], [ -75.231207158675701, 40.082991918575701 ], [ -75.231157201886205, 40.082882970588699 ], [ -75.230976816967498, 40.082796053124703 ], [ -75.230784410062398, 40.0827420580978 ], [ -75.230558396099994, 40.0827205114078 ], [ -75.230354580760405, 40.082682858241299 ], [ -75.230181294238093, 40.082695652010997 ], [ -75.229943871539902, 40.082690446655398 ], [ -75.229773357465206, 40.082628633585202 ], [ -75.229527607966403, 40.082556873196403 ], [ -75.229274764667906, 40.082385399756703 ], [ -75.2285925593618, 40.082142284919797 ], [ -75.228072086188803, 40.081906862935398 ], [ -75.227657986969007, 40.081715255617198 ], [ -75.227353661302899, 40.081476277205297 ], [ -75.227037003109302, 40.081278508037698 ], [ -75.226807912888404, 40.0810494768197 ], [ -75.226494650086394, 40.080760520823297 ], [ -75.226246139930495, 40.080472985790202 ], [ -75.226050973118603, 40.080203215202701 ], [ -75.2259492269324, 40.080035052064098 ], [ -75.225902057486806, 40.079851494732502 ], [ -75.225738958092705, 40.079590724132103 ], [ -75.225522214443799, 40.079320478634799 ], [ -75.225484272689997, 40.079254105167102 ], [ -75.225339694268598, 40.079001205476203 ], [ -75.225186158200501, 40.078773829458001 ], [ -75.224791379428396, 40.078064109201897 ], [ -75.224675157925006, 40.0777048088475 ], [ -75.224485870361804, 40.077277531943999 ], [ -75.2243055226499, 40.076900230148098 ], [ -75.224069370408301, 40.0765714796445 ], [ -75.223804553256002, 40.076142541367801 ], [ -75.223614040409402, 40.075748421259 ], [ -75.223484258024598, 40.075463491219701 ], [ -75.223365888580204, 40.0751622165063 ], [ -75.223124051057894, 40.074696448013697 ], [ -75.223015854933493, 40.074411991063499 ], [ -75.223014331175307, 40.074163064137203 ], [ -75.223066449483497, 40.073923613068096 ], [ -75.223216608386707, 40.073661430366499 ], [ -75.223406528391806, 40.073491380682398 ], [ -75.223937746610503, 40.0731463115957 ], [ -75.224443674875005, 40.072900242434201 ], [ -75.224752284558207, 40.0727327989648 ], [ -75.225094498852599, 40.072532907619099 ], [ -75.225360253044002, 40.072356226448697 ], [ -75.225420377265294, 40.072191617546203 ], [ -75.225555104055502, 40.072053538302001 ], [ -75.225608696624107, 40.071874458227803 ], [ -75.225629101608305, 40.071806271447301 ], [ -75.225603363400296, 40.071627333604702 ], [ -75.2254794351919, 40.071475275990103 ], [ -75.225342251504799, 40.071389296935202 ], [ -75.225174237453402, 40.071261159484997 ], [ -75.224943334621003, 40.071081860929397 ], [ -75.224669584156004, 40.070893325751399 ], [ -75.224364080580699, 40.070687496608898 ], [ -75.223920779097995, 40.070412267686798 ], [ -75.223542532411699, 40.0701301699781 ], [ -75.223237344492901, 40.069916048262201 ], [ -75.223039440562502, 40.069720879414099 ], [ -75.222839066987504, 40.069592026766998 ], [ -75.222651027058703, 40.069421963207397 ], [ -75.2225264905871, 40.069286480598997 ], [ -75.222445734497896, 40.069135368985897 ], [ -75.222278041584005, 40.068998937744297 ], [ -75.222069042208702, 40.068811819394199 ], [ -75.221744452100694, 40.068539192098797 ], [ -75.221304574673994, 40.068172766029903 ], [ -75.2209197320702, 40.067778513052097 ], [ -75.220725240006999, 40.067492153167599 ], [ -75.220581298306101, 40.067298167480402 ], [ -75.220544168990102, 40.067222831543297 ], [ -75.220511026778894, 40.067155581496799 ], [ -75.220484221932296, 40.0670056550303 ], [ -75.220407180390396, 40.066755066257599 ], [ -75.220352337383503, 40.066488371564603 ], [ -75.220403840862701, 40.066265502522498 ], [ -75.220474450512796, 40.066109424998103 ], [ -75.220755000103907, 40.065825224914398 ], [ -75.221043245894407, 40.065624158143997 ], [ -75.221509059971595, 40.065294255374702 ], [ -75.221917526184299, 40.0650543509228 ], [ -75.222519574409205, 40.064835293277497 ], [ -75.223010175669799, 40.064709193473497 ], [ -75.223284225778997, 40.064599070007702 ], [ -75.223451001030199, 40.064469993585902 ], [ -75.223521910577006, 40.064305623701301 ], [ -75.223573710755602, 40.064074462738802 ], [ -75.223526867603198, 40.063882613788202 ], [ -75.223402958193006, 40.063730553867501 ], [ -75.223152979499204, 40.063484462424 ], [ -75.222893139304006, 40.063213260815601 ], [ -75.222634230024497, 40.062917190855799 ], [ -75.222396899029704, 40.062621595833598 ], [ -75.222233546769303, 40.062369110494501 ], [ -75.222155577372007, 40.062143390637601 ], [ -75.222088398133806, 40.061917909005103 ], [ -75.221874221135593, 40.061290963897903 ], [ -75.221712569749798, 40.060992884190298 ], [ -75.221510705357503, 40.060615102001599 ], [ -75.221346127647195, 40.060395772799303 ], [ -75.221180309043703, 40.0602096033019 ], [ -75.221012025085997, 40.060089747531698 ], [ -75.2207999660762, 40.059985523356197 ], [ -75.220643396356706, 40.059841036666299 ], [ -75.220478511859099, 40.059629996627699 ], [ -75.220358017270101, 40.059386746357802 ], [ -75.220270815019305, 40.059119340738299 ], [ -75.220006710616502, 40.0586738142038 ], [ -75.219826434942107, 40.058296504027403 ], [ -75.219653243505206, 40.058018908724698 ], [ -75.219390657560893, 40.057822307052703 ], [ -75.219211282043204, 40.057710502310201 ], [ -75.218943476521005, 40.057364448013502 ], [ -75.218703397388595, 40.057143450443903 ], [ -75.218537906846706, 40.056948986715597 ], [ -75.218414949300893, 40.056772051772299 ], [ -75.218300305224105, 40.056661672700002 ], [ -75.218158867204906, 40.056401365541397 ], [ -75.217964727542494, 40.056106713018103 ], [ -75.217867373783506, 40.055822486940798 ], [ -75.217847076574898, 40.055498478082399 ], [ -75.217834481535803, 40.055397640220598 ], [ -75.217797201934005, 40.055099148999197 ], [ -75.217765499124098, 40.054791481479199 ], [ -75.217671549194506, 40.054416071790598 ], [ -75.217551115436805, 40.053882443371599 ], [ -75.217407254974802, 40.053398078444502 ], [ -75.217215606429406, 40.053037106397902 ], [ -75.217011931460803, 40.052709054357898 ], [ -75.216792520496398, 40.052513397980597 ], [ -75.216328724414296, 40.052212795146502 ], [ -75.215779718752898, 40.051881271598603 ], [ -75.215422562316803, 40.051616202760997 ], [ -75.215224423391305, 40.051429308891798 ], [ -75.215015809634593, 40.051233888032698 ], [ -75.214775455230694, 40.051021171741098 ], [ -75.214515657100705, 40.050692957509497 ], [ -75.214504691006695, 40.050679104105797 ], [ -75.2140527709835, 40.049852856260898 ], [ -75.213916278313206, 40.0495301833597 ], [ -75.213820611668893, 40.0492141959853 ], [ -75.213789054734093, 40.049109965575198 ], [ -75.213784050866906, 40.049093439813703 ], [ -75.213668120422298, 40.048816886705701 ], [ -75.213505104710705, 40.048607791350697 ], [ -75.213332962063305, 40.048444161321001 ], [ -75.213129641784306, 40.048319799108597 ], [ -75.212978698205106, 40.048185176684697 ], [ -75.212610446214896, 40.047903049716403 ], [ -75.212384439897903, 40.047789600687402 ], [ -75.212152291121896, 40.047641767626097 ], [ -75.211950896685195, 40.047466071701898 ], [ -75.211770272009105, 40.047330791823697 ], [ -75.211648378468794, 40.047213934692998 ], [ -75.211585426779095, 40.0471097946293 ], [ -75.211583980457306, 40.046949934423502 ], [ -75.211662459516404, 40.0468375047422 ], [ -75.211847016175199, 40.0464705484709 ], [ -75.211945670270495, 40.046215857830802 ], [ -75.212044110207003, 40.045966872919799 ], [ -75.212111371614995, 40.045757153926402 ], [ -75.212181540163499, 40.0448739311202 ], [ -75.212192419236402, 40.044583053243997 ], [ -75.212173188777001, 40.044302925826699 ], [ -75.212146111450906, 40.044034041598501 ], [ -75.212051604088799, 40.043780792872496 ], [ -75.211930828305896, 40.043435631158701 ], [ -75.211791372984806, 40.0431928046943 ], [ -75.211560734764106, 40.043005045884897 ], [ -75.211347286723296, 40.042754874940499 ], [ -75.211059468801295, 40.042308982683302 ], [ -75.210906456767603, 40.042031604765299 ], [ -75.2108613426348, 40.0418479451737 ], [ -75.210839768516394, 40.041630555314804 ], [ -75.210741166012795, 40.041362093297003 ], [ -75.210720200350394, 40.041305013707102 ], [ -75.210563476098997, 40.040878307067999 ], [ -75.210482550356801, 40.040657970534703 ], [ -75.210162928924603, 40.040268454471203 ], [ -75.210018840647706, 40.039951314932402 ], [ -75.209813469427203, 40.039684195859401 ], [ -75.209559787063597, 40.039318966571997 ], [ -75.209319239857905, 40.0389996952958 ], [ -75.209126364801804, 40.038795641073101 ], [ -75.208870767246296, 40.038481742768298 ], [ -75.208654140612794, 40.038317119783997 ], [ -75.208378364852507, 40.038145480606801 ], [ -75.208079901780593, 40.037984753434898 ], [ -75.207730997911199, 40.0377829514537 ], [ -75.207217414674105, 40.037417673350703 ], [ -75.206976029191594, 40.037121209553398 ], [ -75.206768755924003, 40.036905417515101 ], [ -75.206537358993003, 40.036540674361703 ], [ -75.2064789153346, 40.036316758982203 ], [ -75.206375311328202, 40.036108968785001 ], [ -75.206262149451902, 40.035958048834203 ], [ -75.206140926055795, 40.035824074643699 ], [ -75.206086912888196, 40.035680173254697 ], [ -75.206072776627494, 40.035462946792002 ], [ -75.206018976510407, 40.035313342234197 ], [ -75.205868931230299, 40.035155896151402 ], [ -75.205702763711301, 40.035032342483802 ], [ -75.205469605078704, 40.034913012293899 ], [ -75.205197208170702, 40.034849896090897 ], [ -75.204864810551598, 40.034802573199698 ], [ -75.204297975248195, 40.034670138138203 ], [ -75.204031503196902, 40.034647106278797 ], [ -75.203749336633095, 40.0346465599578 ], [ -75.203510188062097, 40.034686923457897 ], [ -75.203223952258298, 40.034794742867497 ], [ -75.203086543993194, 40.034894442617102 ], [ -75.202924304820996, 40.035062092956103 ], [ -75.202713905569695, 40.035325713845999 ], [ -75.202573281705398, 40.035510965759599 ], [ -75.202388352075403, 40.035689527840901 ], [ -75.202262994899399, 40.035863702331802 ], [ -75.202151835983102, 40.036055317008902 ], [ -75.202033898240103, 40.0362296549566 ], [ -75.201790032644197, 40.036395492113201 ], [ -75.201564860243494, 40.036458995001702 ], [ -75.201350109248594, 40.036442814272696 ], [ -75.201196859092903, 40.036370914887399 ], [ -75.201104255444207, 40.036266110438902 ], [ -75.200961424667298, 40.036114527505198 ], [ -75.200891082491395, 40.0360102178171 ], [ -75.200856552438495, 40.0359409527222 ], [ -75.200852773868604, 40.035843829052503 ], [ -75.200902436999698, 40.035707933788501 ], [ -75.200869192531997, 40.035604447403799 ], [ -75.200777660451493, 40.035471126269002 ], [ -75.200658807904404, 40.035274407758799 ], [ -75.200446065917106, 40.0350071080506 ], [ -75.200292900545307, 40.034735420826898 ], [ -75.200200808760897, 40.034419422789902 ], [ -75.200099369874394, 40.034154591436803 ], [ -75.199987162759399, 40.0337810644385 ], [ -75.200030474884002, 40.0336164874481 ], [ -75.200148282272394, 40.033248068944097 ], [ -75.200208468922796, 40.033029636953103 ], [ -75.200244576365293, 40.0328591911939 ], [ -75.200233592812197, 40.032756199657904 ], [ -75.200170245769797, 40.032663461316503 ], [ -75.199975061215497, 40.0325221303031 ], [ -75.199728366680702, 40.032368238558199 ], [ -75.199665695946294, 40.032330548215199 ], [ -75.199452423357997, 40.0322022801057 ], [ -75.199207231735002, 40.032008462860503 ], [ -75.198901615021299, 40.031841844880702 ], [ -75.198654926597001, 40.031687949951703 ], [ -75.198497057396395, 40.031541736469698 ], [ -75.198340262194193, 40.031367006420602 ], [ -75.1982269128589, 40.031221780743103 ], [ -75.198102475466698, 40.030976417876801 ], [ -75.198088366939203, 40.030759189510498 ], [ -75.198103507380395, 40.0305540294693 ], [ -75.198172941017802, 40.030287284832298 ], [ -75.198204848761094, 40.030031122998501 ], [ -75.198235898490694, 40.029797775334103 ], [ -75.198295554441202, 40.029593604351298 ], [ -75.198285948657897, 40.029256604689401 ], [ -75.1981943001594, 40.028929198720697 ], [ -75.198112563472193, 40.028733301788201 ], [ -75.1980301791519, 40.0285545166779 ], [ -75.197918550866504, 40.028363663215202 ], [ -75.197779175454997, 40.028120819547098 ], [ -75.1977696732894, 40.0280994834349 ], [ -75.197769661423393, 40.028099456141099 ], [ -75.197487494582305, 40.028060235343901 ], [ -75.197207158052294, 40.027919231140402 ], [ -75.196884830042194, 40.027718129158998 ], [ -75.196697046495004, 40.027680388312902 ], [ -75.196468695071204, 40.027664445043897 ], [ -75.196250393226606, 40.027689105110703 ], [ -75.195951902428106, 40.027757058698199 ], [ -75.195694013404704, 40.027777429715897 ], [ -75.194990731422095, 40.027772973175203 ], [ -75.194786301187406, 40.027790802230697 ], [ -75.194064919777801, 40.028004843733797 ], [ -75.193913093760699, 40.028047356426001 ], [ -75.193761423560005, 40.028081276799803 ], [ -75.193567060179106, 40.028097414049498 ], [ -75.1933884592314, 40.028065514278701 ], [ -75.193220699433795, 40.027986051841197 ], [ -75.193027501834194, 40.027859812915302 ], [ -75.192759884552501, 40.027522430051697 ], [ -75.192760693040796, 40.027619861173399 ], [ -75.192727327814495, 40.02767271183 ], [ -75.192656403050506, 40.027703964230703 ], [ -75.1925519130493, 40.027725032896001 ], [ -75.192374824601004, 40.027752403618898 ], [ -75.192253114549501, 40.027787697420699 ], [ -75.192087124365798, 40.027825593556102 ], [ -75.191992229234899, 40.027873627189997 ], [ -75.1918940402457, 40.027924405724796 ], [ -75.191788688224605, 40.027957072076497 ], [ -75.191629066028895, 40.028001687659497 ], [ -75.191488258287606, 40.027999416664798 ], [ -75.191372277166394, 40.0279665048906 ], [ -75.191261141986402, 40.027954497986201 ], [ -75.191118291536398, 40.027965188847702 ], [ -75.190995666893599, 40.0279915743386 ], [ -75.190903295485001, 40.028041685187397 ], [ -75.190858886923493, 40.028082442826303 ], [ -75.190821950460403, 40.028135342230001 ], [ -75.190807751592203, 40.028213009704103 ], [ -75.190820285539004, 40.028299072902897 ], [ -75.190815013604393, 40.028349212643597 ], [ -75.190835423529407, 40.028405284761597 ], [ -75.1910600933127, 40.0285833589788 ], [ -75.1911706624619, 40.0286363014635 ], [ -75.191271949176397, 40.028686633142598 ], [ -75.191315824693504, 40.028766933438398 ], [ -75.191317288814403, 40.028886246632098 ], [ -75.191277520570296, 40.028953572168497 ], [ -75.191014951283194, 40.029200114400702 ], [ -75.190920908070794, 40.029289360185302 ], [ -75.190800511981806, 40.029414075120897 ], [ -75.1907322593553, 40.029471118670898 ], [ -75.190638169845798, 40.029531610300502 ], [ -75.190418449624502, 40.029595455862101 ], [ -75.190131120834096, 40.0296561371199 ], [ -75.189848929687003, 40.029772656737997 ], [ -75.189748227620896, 40.029789642930297 ], [ -75.189603606966799, 40.029810454987398 ], [ -75.189446309550803, 40.029835792902801 ], [ -75.189171056650096, 40.029992620746903 ], [ -75.189002131149294, 40.030135228788097 ], [ -75.188946496211102, 40.030208602318901 ], [ -75.188905914136399, 40.030382452081497 ], [ -75.1888464567065, 40.030762565515197 ], [ -75.188799626389496, 40.031061965431803 ], [ -75.188729730876105, 40.031367090426997 ], [ -75.188668460184203, 40.031580939346902 ], [ -75.188579108372195, 40.031506021846702 ], [ -75.188532538042907, 40.031466974239798 ], [ -75.187778852320406, 40.030780734121599 ], [ -75.187379658524506, 40.030432037980603 ], [ -75.186196116080495, 40.029478058606102 ], [ -75.185466575866201, 40.028884976562097 ], [ -75.172963076920695, 40.018125882856403 ], [ -75.172442902547999, 40.017720237258402 ], [ -75.172465360453103, 40.017712172757697 ], [ -75.172924095892498, 40.017561477352601 ], [ -75.173309575583502, 40.017415839842698 ], [ -75.173553353143802, 40.017323739427802 ], [ -75.173863439091505, 40.017189988449601 ], [ -75.174569308779098, 40.016856178950498 ], [ -75.175756540834797, 40.016155534337102 ], [ -75.176444801755906, 40.015749343517598 ], [ -75.176831026389095, 40.015521403040097 ], [ -75.177175547001298, 40.015318071413397 ], [ -75.178342899918604, 40.014531613886597 ], [ -75.180117259910702, 40.013314540263003 ], [ -75.181190313266995, 40.012552604546997 ], [ -75.182062538301096, 40.011948689191797 ], [ -75.182339255566106, 40.011770993542903 ], [ -75.182440239830797, 40.011706145572902 ], [ -75.183247729378294, 40.011235713629503 ], [ -75.183817453203602, 40.010959444714601 ], [ -75.184906939356097, 40.010509521931901 ], [ -75.185730899053496, 40.010237513437097 ], [ -75.185735302254201, 40.010236059341899 ], [ -75.186464654364798, 40.009996835046103 ], [ -75.186756146974105, 40.009901225557698 ], [ -75.186883153624606, 40.009859566487698 ], [ -75.187335257993894, 40.009769178129702 ], [ -75.188627136195606, 40.009327096362298 ], [ -75.189620099284497, 40.009002581864102 ], [ -75.189657670354507, 40.008988683748797 ], [ -75.190104716104102, 40.008691585380703 ], [ -75.190524779902205, 40.008412413056597 ], [ -75.191319282387099, 40.007923981672597 ], [ -75.191337646683493, 40.007911812889503 ], [ -75.191415084997004, 40.007860500004099 ], [ -75.191541876500494, 40.0077764865215 ], [ -75.191917189453903, 40.0074794587645 ], [ -75.191921095810002, 40.007476318397302 ], [ -75.192203202658106, 40.007249633184401 ], [ -75.192226848608399, 40.0072300287978 ], [ -75.191867957901195, 40.006994615869303 ], [ -75.191642209364105, 40.006662379568603 ], [ -75.1916014062367, 40.006613439442297 ], [ -75.191835961150105, 40.006580541797099 ], [ -75.192480049579302, 40.006490201986999 ], [ -75.192506590091398, 40.006518192824203 ], [ -75.192533702723296, 40.0065451485289 ], [ -75.192561571518397, 40.006571502079602 ], [ -75.192590255314897, 40.006597184507697 ], [ -75.192619819669204, 40.006622135103598 ], [ -75.192650326930803, 40.006646284976902 ], [ -75.192681814952394, 40.006669655693301 ], [ -75.192714230190902, 40.006692362289002 ], [ -75.192747502847894, 40.006714453664998 ], [ -75.192781559850303, 40.006735972342 ], [ -75.192804663472998, 40.006749919151602 ], [ -75.192816331535099, 40.006756963620397 ], [ -75.192851747102793, 40.006777471873498 ], [ -75.192887738094797, 40.006797541527597 ], [ -75.192924227892107, 40.0068172159258 ], [ -75.192961150275906, 40.0068365422471 ], [ -75.192998432206807, 40.006855562112598 ], [ -75.193036005192695, 40.0068743208491 ], [ -75.1930737960584, 40.006892863678701 ], [ -75.193111736379606, 40.006911234127699 ], [ -75.193149751844601, 40.006929476492303 ], [ -75.193187773961199, 40.006947636099397 ], [ -75.193192037116901, 40.006949672709702 ], [ -75.193225731895893, 40.006965758223899 ], [ -75.193263552609395, 40.006983884487603 ], [ -75.193301167541705, 40.007002062018103 ], [ -75.193338617108594, 40.007020337667001 ], [ -75.1933760181076, 40.007038721243397 ], [ -75.193413381583397, 40.007057199478297 ], [ -75.193450713999894, 40.007075756297397 ], [ -75.193488024026493, 40.007094379279799 ], [ -75.193525319399399, 40.007113049676697 ], [ -75.193562611163202, 40.007131754218797 ], [ -75.193599904441598, 40.007150481307299 ], [ -75.193637208141098, 40.007169212219203 ], [ -75.193674532169695, 40.007187932759102 ], [ -75.193711880581603, 40.007206628601203 ], [ -75.193749266831006, 40.007225284727802 ], [ -75.193786698517997, 40.007243885991102 ], [ -75.193824179629004, 40.007262419865597 ], [ -75.193861720275393, 40.0072808667544 ], [ -75.193899330263207, 40.007299215162597 ], [ -75.193937019567898, 40.007317449094202 ], [ -75.193974792209801, 40.007335555123397 ], [ -75.194012659335002, 40.007353517280201 ], [ -75.194050626236304, 40.007371319464298 ], [ -75.194088703924194, 40.007388949306602 ], [ -75.194126901271105, 40.0074063889844 ], [ -75.194165222263393, 40.007423625972301 ], [ -75.194203680354505, 40.007440645252501 ], [ -75.194242280803294, 40.0074574316248 ], [ -75.194281031209499, 40.007473969941302 ], [ -75.194319940377696, 40.0074902441796 ], [ -75.194359020489102, 40.007506241996602 ], [ -75.194398274528496, 40.007521946339502 ], [ -75.194437713539998, 40.0075373439389 ], [ -75.194477343952897, 40.007552419620701 ], [ -75.194517176946803, 40.007567156514398 ], [ -75.194557216541597, 40.007581541194099 ], [ -75.194597472644503, 40.0075955594641 ], [ -75.194637918772898, 40.007609261191 ], [ -75.194678458751298, 40.007622804613099 ], [ -75.194719088558998, 40.007636203155897 ], [ -75.194759799797794, 40.007649462038501 ], [ -75.194800593536399, 40.007662583987504 ], [ -75.194841467162206, 40.0076755761527 ], [ -75.194882418333705, 40.007688438481999 ], [ -75.194923442096695, 40.007701178073098 ], [ -75.194964540656997, 40.007713798578997 ], [ -75.195005708059298, 40.007726302570198 ], [ -75.195046942895502, 40.0077386963222 ], [ -75.195088242688598, 40.0077509833839 ], [ -75.195129606098405, 40.007763168230397 ], [ -75.195171024827999, 40.007775253380103 ], [ -75.1952125056645, 40.007787245290999 ], [ -75.195254039140494, 40.007799146455298 ], [ -75.195295623881805, 40.007810962248499 ], [ -75.195337262060406, 40.007822697223801 ], [ -75.195378945379602, 40.007834353899703 ], [ -75.195420674806797, 40.0078459377035 ], [ -75.195462445523503, 40.0078574521321 ], [ -75.195504256189494, 40.0078689016608 ], [ -75.195546105464899, 40.007880290764497 ], [ -75.195587988531003, 40.0078916229401 ], [ -75.195629905150696, 40.007902904489399 ], [ -75.195671851811795, 40.007914135333998 ], [ -75.195713824697407, 40.007925323498299 ], [ -75.195755824842493, 40.007936472609103 ], [ -75.195797848599497, 40.007947586189303 ], [ -75.195839889945603, 40.007958668609902 ], [ -75.195881948779103, 40.007969722571801 ], [ -75.195924024828898, 40.007980755276698 ], [ -75.195966112173707, 40.007991768395101 ], [ -75.196008210610401, 40.008002767328399 ], [ -75.196050315320704, 40.008013755573501 ], [ -75.196092427272106, 40.008024738557801 ], [ -75.196134541680095, 40.008035718878098 ], [ -75.196176654829301, 40.008046701857502 ], [ -75.196218767755198, 40.008057691123398 ], [ -75.196260876742301, 40.008068691998901 ], [ -75.196302977006397, 40.008079707080697 ], [ -75.196345067241197, 40.008090739943803 ], [ -75.196387148346602, 40.008101797816302 ], [ -75.196429212059996, 40.008112882316397 ], [ -75.196471260519701, 40.008123998897702 ], [ -75.196513288873604, 40.008135151957298 ], [ -75.196555295849393, 40.008146344170001 ], [ -75.196597277732096, 40.008157580859198 ], [ -75.196639233215393, 40.008168865599899 ], [ -75.196681157447301, 40.008180202789198 ], [ -75.196723051361701, 40.008191598755097 ], [ -75.196764912583404, 40.0082030543456 ], [ -75.196806735055702, 40.008214574832202 ], [ -75.196848519746297, 40.008226165642498 ], [ -75.196890260666507, 40.008237830247197 ], [ -75.196931958885401, 40.008249571373398 ], [ -75.196973609415707, 40.008261397019197 ], [ -75.197015212291305, 40.008273306284302 ], [ -75.197056762524895, 40.008285307167 ], [ -75.197098258911893, 40.008297400541501 ], [ -75.197139698738894, 40.008309596258599 ], [ -75.197181079698296, 40.008321893366102 ], [ -75.197222398041305, 40.008334298087703 ], [ -75.197263653564804, 40.0083468158249 ], [ -75.1973048434877, 40.008359458229101 ], [ -75.197345970354604, 40.0083722199509 ], [ -75.197387039051605, 40.008385095692901 ], [ -75.197413137128095, 40.008393357903898 ], [ -75.197428050986503, 40.0083980791795 ], [ -75.197469008704104, 40.008411165061297 ], [ -75.197509915851995, 40.0084243498154 ], [ -75.1975507727348, 40.008437625339504 ], [ -75.197591587649498, 40.008450989115303 ], [ -75.197632357286906, 40.008464435663001 ], [ -75.197673088976202, 40.008477957036703 ], [ -75.197713782852702, 40.008491549635401 ], [ -75.197754441461001, 40.008505208109597 ], [ -75.197795069687302, 40.0085189271621 ], [ -75.197835668905398, 40.008532701417202 ], [ -75.197876242830404, 40.008546525551601 ], [ -75.197916792836395, 40.0085603941899 ], [ -75.197957323809106, 40.008574302034702 ], [ -75.197997837190201, 40.008588241909798 ], [ -75.198038334184204, 40.008602212941298 ], [ -75.198078819812494, 40.008616206230499 ], [ -75.198119296619396, 40.008630216428202 ], [ -75.198159767014303, 40.008644241785802 ], [ -75.198200236119803, 40.008658270703997 ], [ -75.198240701560593, 40.008672304031201 ], [ -75.198281170699602, 40.008686332921002 ], [ -75.198321642568899, 40.008700351945798 ], [ -75.198362125431203, 40.008714359487001 ], [ -75.198402617283506, 40.0087283464904 ], [ -75.198443121807003, 40.008742308532703 ], [ -75.198483642716894, 40.008756240290197 ], [ -75.198524182523599, 40.008770137313903 ], [ -75.198564744976196, 40.0087839933799 ], [ -75.198605330311395, 40.0087978021864 ], [ -75.198645942109096, 40.008811562011097 ], [ -75.198686586560896, 40.008825263981301 ], [ -75.198727263836005, 40.008838903595901 ], [ -75.198767974103404, 40.008852476353503 ], [ -75.1988087246242, 40.008865976108403 ], [ -75.198849516738207, 40.008879398385297 ], [ -75.198890350648099, 40.008892737782503 ], [ -75.198931233648807, 40.008905987254302 ], [ -75.198972165909396, 40.008919142299199 ], [ -75.199013149872599, 40.008932200268397 ], [ -75.199054189388605, 40.008945152237402 ], [ -75.199095278130201, 40.008958010679699 ], [ -75.199136409533295, 40.008970794370299 ], [ -75.199177581256293, 40.008983503257298 ], [ -75.199218790788507, 40.0089961417899 ], [ -75.199260036823802, 40.009008713542997 ], [ -75.199301315680799, 40.009021222939801 ], [ -75.1993426295994, 40.009033672733104 ], [ -75.199383973828901, 40.009046064619199 ], [ -75.199425346995795, 40.009058403973803 ], [ -75.199466746724497, 40.009070691644901 ], [ -75.199508173982693, 40.00908293306 ], [ -75.199549622781603, 40.009095131690302 ], [ -75.199591095496302, 40.009107286687197 ], [ -75.199632589480899, 40.0091194061011 ], [ -75.199674097677303, 40.009131490676303 ], [ -75.199715626940602, 40.009143545069897 ], [ -75.199757171383197, 40.0091555700523 ], [ -75.199798726085703, 40.009167571820903 ], [ -75.1998402933216, 40.009179552228602 ], [ -75.199881870682106, 40.009191513023602 ], [ -75.199923455588802, 40.0092034604559 ], [ -75.199965046837093, 40.009215395399401 ], [ -75.200006640678197, 40.009227324078203 ], [ -75.200048239521095, 40.009239244743704 ], [ -75.200089838446303, 40.009251163593603 ], [ -75.200131436080099, 40.009263086003301 ], [ -75.200173030114797, 40.009275011020797 ], [ -75.200214620381601, 40.009286943147302 ], [ -75.200256204302093, 40.009298888632401 ], [ -75.200297778431903, 40.009310845597803 ], [ -75.200339345978904, 40.009322822223702 ], [ -75.200380899918699, 40.009334818354198 ], [ -75.200422440116199, 40.0093468375903 ], [ -75.200463966402197, 40.009358884433198 ], [ -75.200505475095696, 40.009370963306203 ], [ -75.200546963922903, 40.009383072356897 ], [ -75.200588432511907, 40.009395221487999 ], [ -75.200629878588899, 40.009407408847203 ], [ -75.200671300814307, 40.009419638909598 ], [ -75.200712696609898, 40.009431917925099 ], [ -75.200754066009793, 40.009444244993503 ], [ -75.200795405298805, 40.009456625438297 ], [ -75.200836713205106, 40.009469061934396 ], [ -75.200877987285807, 40.009481557130499 ], [ -75.200919227405706, 40.0094941146276 ], [ -75.200960431054497, 40.009506738875203 ], [ -75.201001595789506, 40.009519432522097 ], [ -75.201042721543004, 40.009532197368699 ], [ -75.201083803463504, 40.009545037812401 ], [ -75.2011248437571, 40.009557957506303 ], [ -75.201165836468903, 40.009570959021197 ], [ -75.201206782600806, 40.009584046884399 ], [ -75.201247681016, 40.009597220169802 ], [ -75.201288527864506, 40.009610487801901 ], [ -75.201329323213997, 40.009623847980301 ], [ -75.201370094240204, 40.009637263466203 ], [ -75.201410845930297, 40.0096507262611 ], [ -75.201451580592007, 40.009664237317502 ], [ -75.201492293643994, 40.009677793830598 ], [ -75.201532987224894, 40.009691401253903 ], [ -75.201573657890194, 40.009705057708899 ], [ -75.201614305640007, 40.009718763195799 ], [ -75.201654930406804, 40.009732519514998 ], [ -75.201695531053701, 40.009746325740302 ], [ -75.201736105070296, 40.009760186321003 ], [ -75.201776651421198, 40.009774097630199 ], [ -75.201817172380402, 40.009788061520297 ], [ -75.201857664334199, 40.0098020806143 ], [ -75.201898126145906, 40.009816153985902 ], [ -75.201938558986399, 40.009830281661102 ], [ -75.2019789593095, 40.009844464462198 ], [ -75.202019329389401, 40.0098587042418 ], [ -75.202059665713804, 40.009873000921999 ], [ -75.202099964770696, 40.009887354424798 ], [ -75.202140232380103, 40.009901765780398 ], [ -75.202180463791507, 40.009916236685498 ], [ -75.202220655458902, 40.009930767962302 ], [ -75.202260812099297, 40.009945358814797 ], [ -75.202300929029704, 40.009960009138801 ], [ -75.2023410062164, 40.009974719834801 ], [ -75.202381043490604, 40.009989495404 ], [ -75.202421038645994, 40.010004332193503 ], [ -75.202460991581404, 40.010019232904099 ], [ -75.202500901159794, 40.010034196609702 ], [ -75.202540764938604, 40.010049225959101 ], [ -75.202580584156095, 40.010064319177701 ], [ -75.202620355198903, 40.010079478888599 ], [ -75.202660081545403, 40.0100947060698 ], [ -75.202699758580394, 40.0101099988172 ], [ -75.202739387339506, 40.010125360757598 ], [ -75.202778965549001, 40.010140790038598 ], [ -75.202818490833593, 40.010156287508799 ], [ -75.202857966638106, 40.010171855046501 ], [ -75.2028973894503, 40.010187492573799 ], [ -75.202936757998302, 40.010203202765602 ], [ -75.202976071178995, 40.010218983795497 ], [ -75.203015327787895, 40.010234836537897 ], [ -75.203054528962099, 40.010250761918897 ], [ -75.203093672258703, 40.010266762587499 ], [ -75.203132756642503, 40.010282834916801 ], [ -75.203171796331105, 40.010298974717202 ], [ -75.203210808154196, 40.010315170648902 ], [ -75.203249788532005, 40.010331424434703 ], [ -75.203288738669201, 40.010347735200199 ], [ -75.203327657395107, 40.010364102919603 ], [ -75.203366544709695, 40.010380527592801 ], [ -75.203405398271698, 40.010397009168003 ], [ -75.203444219116804, 40.010413551272201 ], [ -75.203483005038706, 40.010430150252503 ], [ -75.2035217548665, 40.010446806082903 ], [ -75.203560468533098, 40.010463520564002 ], [ -75.203599144833703, 40.010480294570002 ], [ -75.203637783903702, 40.010497124500098 ], [ -75.203676383266398, 40.010514013903297 ], [ -75.203714941683799, 40.010530964554299 ], [ -75.203753461632402, 40.010547972904 ], [ -75.203791940737005, 40.010565039800703 ], [ -75.203830377793196, 40.010582166118802 ], [ -75.203868771596504, 40.010599352732498 ], [ -75.203907120976297, 40.010616599616199 ], [ -75.203945426000104, 40.010633904969097 ], [ -75.203983686634302, 40.010651269691699 ], [ -75.204021900469897, 40.010668695532502 ], [ -75.204060067574503, 40.010686180691103 ], [ -75.204098186642199, 40.010703728742698 ], [ -75.204136255466807, 40.010721336034202 ], [ -75.204174277493095, 40.010739004444197 ], [ -75.204212248071897, 40.010756732968602 ], [ -75.204250167169405, 40.010774522507702 ], [ -75.204288034684396, 40.010792375762399 ], [ -75.204325848444299, 40.0108102881794 ], [ -75.204363608347904, 40.010828262459597 ], [ -75.204401316736806, 40.010846298654997 ], [ -75.204438967723405, 40.010864397536103 ], [ -75.204476561375301, 40.010882557302502 ], [ -75.204514099966602, 40.010900779806498 ], [ -75.204551581122104, 40.010919065896701 ], [ -75.204589003704896, 40.010937414646797 ], [ -75.2046263666454, 40.010955823330299 ], [ -75.204663668570504, 40.010974297322697 ], [ -75.204700908377006, 40.010992834797499 ], [ -75.2047380896785, 40.011011433132097 ], [ -75.204775205247898, 40.011030097572203 ], [ -75.2048122599371, 40.0110488237205 ], [ -75.2048492489956, 40.011067613273703 ], [ -75.204886172389706, 40.011086467132102 ], [ -75.204923030119502, 40.011105385295799 ], [ -75.204959820845403, 40.011124372240197 ], [ -75.204996523483501, 40.011143459033001 ], [ -75.205033137696205, 40.011162654677001 ], [ -75.205069665926501, 40.011181956523203 ], [ -75.2051061059679, 40.011201360919003 ], [ -75.205142463775502, 40.011220865293303 ], [ -75.205178740486602, 40.011240470572503 ], [ -75.205214931721699, 40.0112601685505 ], [ -75.205251050258198, 40.0112799622136 ], [ -75.205287086966294, 40.011299845052498 ], [ -75.205323051178397, 40.011319818175103 ], [ -75.205358939550905, 40.011339877002499 ], [ -75.205394758039205, 40.011360018963501 ], [ -75.205430505573602, 40.011380241331601 ], [ -75.205466182187905, 40.011400543206598 ], [ -75.205501795075705, 40.011420920242898 ], [ -75.2055373431335, 40.0114413706142 ], [ -75.205561486137597, 40.011455332388998 ], [ -75.205572827633503, 40.011461891645702 ], [ -75.205608250984795, 40.0114824815888 ], [ -75.205643613288601, 40.011503137742899 ], [ -75.205678915816904, 40.011523857433097 ], [ -75.205714163387896, 40.011544637162302 ], [ -75.205749358376806, 40.011565476082097 ], [ -75.205784498577202, 40.011586370539902 ], [ -75.205819588739502, 40.0116073188386 ], [ -75.205854625452901, 40.011628318200003 ], [ -75.205889619355304, 40.011649366156703 ], [ -75.205924565865004, 40.011670459904202 ], [ -75.2059594662541, 40.011691596767797 ], [ -75.205994325306705, 40.011712774150503 ], [ -75.206000499981201, 40.011716537497897 ], [ -75.206029143023002, 40.011733992052299 ], [ -75.206063923185198, 40.0117552433491 ], [ -75.206098664555, 40.0117765298154 ], [ -75.206133368438103, 40.011797847876302 ], [ -75.206164656513806, 40.011817107140899 ], [ -75.206168042061705, 40.011819192285799 ], [ -75.206202681879603, 40.0118405638665 ], [ -75.206237291539296, 40.0118619590951 ], [ -75.206271872278805, 40.011883376197098 ], [ -75.206306424266799, 40.011904810671297 ], [ -75.2063409534248, 40.011926260846899 ], [ -75.2063754574786, 40.011947724871398 ], [ -75.206409940075403, 40.011969199221703 ], [ -75.206444404727705, 40.011990683975696 ], [ -75.206478840830897, 40.012012180700403 ], [ -75.206513219703098, 40.012033735612697 ], [ -75.206547532980494, 40.012055353032203 ], [ -75.206581785480907, 40.0120770294618 ], [ -75.206615978409005, 40.012098764027101 ], [ -75.206650114140103, 40.012120555879903 ], [ -75.206684196355098, 40.012142400596801 ], [ -75.206718223917093, 40.012164297251601 ], [ -75.206752200439595, 40.012186243221301 ], [ -75.206786130774304, 40.012208234108499 ], [ -75.206820016058401, 40.012230270839503 ], [ -75.206853856393096, 40.012252350713403 ], [ -75.206887656596393, 40.012274470233002 ], [ -75.206921416769404, 40.012296626697697 ], [ -75.206955140424597, 40.0123188201852 ], [ -75.206988828901302, 40.0123410462202 ], [ -75.207022485745796, 40.012363303980301 ], [ -75.207056113366804, 40.0123855917169 ], [ -75.207089713104097, 40.0124079049546 ], [ -75.2071232873664, 40.012430241944799 ], [ -75.207156838529102, 40.0124526018392 ], [ -75.207190369035004, 40.012474981988802 ], [ -75.207223880189801, 40.012497378818601 ], [ -75.207257375505705, 40.012519792406401 ], [ -75.207290856288594, 40.012542219177099 ], [ -75.207324327322596, 40.012564656533598 ], [ -75.207357787504407, 40.012587102649597 ], [ -75.207391241584801, 40.012609555828298 ], [ -75.207424688527595, 40.012632012442602 ], [ -75.207458135391406, 40.012654471747901 ], [ -75.207491581106595, 40.012676931017602 ], [ -75.207525028115697, 40.012699387602602 ], [ -75.207558478828005, 40.012721839754398 ], [ -75.207564155765297, 40.012720563501098 ], [ -75.207591935686096, 40.012744284824002 ], [ -75.207625404611306, 40.012766721140501 ], [ -75.207658882226198, 40.012789145025202 ], [ -75.207692372043098, 40.012811556555697 ], [ -75.2077258789475, 40.012833950434299 ], [ -75.207759405213494, 40.012856328513202 ], [ -75.207792948735602, 40.012878684438903 ], [ -75.2078265153676, 40.012901018340898 ], [ -75.207860107552307, 40.012923327570199 ], [ -75.207893724186206, 40.012945610300598 ], [ -75.207927373633595, 40.012967862212001 ], [ -75.207932624550907, 40.012971329292 ], [ -75.207961052382004, 40.012990083226697 ], [ -75.207994764044898, 40.013012270721497 ], [ -75.208028513440198, 40.0130344211994 ], [ -75.208062299397298, 40.013056534634202 ], [ -75.208096127904795, 40.013078607554398 ], [ -75.208129999063999, 40.013100637259299 ], [ -75.208163914112902, 40.013122621974198 ], [ -75.208167892143393, 40.013125191397499 ], [ -75.208197876631402, 40.013144559976404 ], [ -75.208231890232994, 40.013166448642899 ], [ -75.208265956256895, 40.013188283498103 ], [ -75.208300073431204, 40.013210067216903 ], [ -75.208334249084103, 40.013231791852398 ], [ -75.208368483114398, 40.013253460105503 ], [ -75.208402776861305, 40.013275067500601 ], [ -75.208437136313805, 40.013296610566201 ], [ -75.208471560334502, 40.013318088376202 ], [ -75.208506052435993, 40.013339501008304 ], [ -75.2085406151282, 40.013360844012801 ], [ -75.208575248545998, 40.013382113788701 ], [ -75.2086099562691, 40.013403308613199 ], [ -75.2086447710887, 40.013424397677099 ], [ -75.208679785591798, 40.013445286622101 ], [ -75.208714993654695, 40.0134659825207 ], [ -75.208750388016497, 40.013486491519103 ], [ -75.208785957802803, 40.013506822386297 ], [ -75.208821694413501, 40.013526985743802 ], [ -75.208857589315897, 40.013546990412699 ], [ -75.208893631568301, 40.013566846962803 ], [ -75.208929813808695, 40.013586564241002 ], [ -75.208966125162704, 40.013606151016397 ], [ -75.209002555825805, 40.013625618785099 ], [ -75.209039094957305, 40.0136449754159 ], [ -75.209075738741504, 40.013664228933401 ], [ -75.209112472690606, 40.013683390729902 ], [ -75.209149289408998, 40.013702470552801 ], [ -75.209186176885297, 40.013721476244903 ], [ -75.209223129998193, 40.013740419406098 ], [ -75.209260136736305, 40.013759307879504 ], [ -75.209297188533199, 40.013778151386497 ], [ -75.209334274548496, 40.013796957796202 ], [ -75.209371386081003, 40.013815740430999 ], [ -75.209408515802593, 40.013834507237803 ], [ -75.209445651735805, 40.013853265159597 ], [ -75.209482785213098, 40.0138720266185 ], [ -75.209519906598501, 40.013890798609403 ], [ -75.209557006121202, 40.013909591728201 ], [ -75.209594075147805, 40.013928417496899 ], [ -75.209631106383696, 40.013947282962 ], [ -75.209668087750202, 40.013966197767502 ], [ -75.209705009544194, 40.013985170708601 ], [ -75.209741863165604, 40.0140042124074 ], [ -75.2097786388439, 40.014023333459399 ], [ -75.209815328147499, 40.014042539985603 ], [ -75.209851921238297, 40.014061844382098 ], [ -75.209888509498299, 40.014081153164597 ], [ -75.209925172095694, 40.014100386093403 ], [ -75.209961901668805, 40.0141195520156 ], [ -75.209998689819599, 40.014138656151303 ], [ -75.210035530289801, 40.014157709174 ], [ -75.210072418227796, 40.014176715481497 ], [ -75.210109342691894, 40.0141956856435 ], [ -75.210146296488801, 40.014214624006101 ], [ -75.210183273494906, 40.014233537641601 ], [ -75.210220267485596, 40.014252436323503 ], [ -75.210257268858697, 40.014271326146201 ], [ -75.210294271456803, 40.014290215082603 ], [ -75.210331270360996, 40.014309109330902 ], [ -75.210368253492604, 40.014328018535103 ], [ -75.210405217170702, 40.014346947118497 ], [ -75.210442152829202, 40.014365904802901 ], [ -75.210479052036604, 40.014384897708801 ], [ -75.2105159110111, 40.014403932960597 ], [ -75.210552718811201, 40.014423021128401 ], [ -75.210589469481704, 40.014442164783397 ], [ -75.210626155593701, 40.0144613745735 ], [ -75.210662769954098, 40.014480654844597 ], [ -75.210699307475295, 40.014500016296303 ], [ -75.210735756247104, 40.014519464071398 ], [ -75.210772114728599, 40.014539008046697 ], [ -75.210808369838503, 40.014558653339201 ], [ -75.210844517828804, 40.014578406172902 ], [ -75.210880551270705, 40.014598277195802 ], [ -75.210916459424496, 40.014618271576502 ], [ -75.210952239612297, 40.014638398265902 ], [ -75.210987881060802, 40.014658663332902 ], [ -75.2110233811255, 40.014679074828102 ], [ -75.211058727862493, 40.014699638794497 ], [ -75.211093934420504, 40.014720348315102 ], [ -75.211129166320404, 40.014741070097799 ], [ -75.211164457254498, 40.014761780560498 ], [ -75.211199795413506, 40.014782482145002 ], [ -75.211235170058202, 40.014803180019797 ], [ -75.211270575031193, 40.014823882157899 ], [ -75.211305999525806, 40.014844595528103 ], [ -75.211341432836406, 40.014865324398897 ], [ -75.211376868873202, 40.014886074942503 ], [ -75.211412291008799, 40.014906853098402 ], [ -75.2114476966659, 40.014927665116602 ], [ -75.211483073900894, 40.014948517039898 ], [ -75.211518413111193, 40.014969414963304 ], [ -75.211553704694794, 40.0149903649815 ], [ -75.211588939049193, 40.015011373189097 ], [ -75.211624106605996, 40.015032444780701 ], [ -75.211659197729205, 40.015053586751499 ], [ -75.211694202883905, 40.015074803395599 ], [ -75.211729112434199, 40.015096101708103 ], [ -75.211763917914894, 40.015117488709997 ], [ -75.211798608653993, 40.015138967769502 ], [ -75.2118331761191, 40.015160547708099 ], [ -75.211867609536995, 40.015182234594697 ], [ -75.211901899440207, 40.015204030923201 ], [ -75.211936036125394, 40.015225945489298 ], [ -75.211970012332003, 40.015247984439497 ], [ -75.212003813841804, 40.015270151964899 ], [ -75.212037436839196, 40.015292456090101 ], [ -75.2120708694478, 40.015314901057799 ], [ -75.212104100793397, 40.015337495637901 ], [ -75.212137119100305, 40.015360241372299 ], [ -75.212169921690403, 40.0153831472118 ], [ -75.212202494277903, 40.015406219148097 ], [ -75.212234828465199, 40.015429462401698 ], [ -75.212266912341804, 40.015452882115497 ], [ -75.212298742092301, 40.015476486314498 ], [ -75.212330302294006, 40.015500280064003 ], [ -75.212361586823405, 40.015524270436899 ], [ -75.212392583904602, 40.015548458975097 ], [ -75.212423284904403, 40.015572857201199 ], [ -75.212453683901202, 40.015597466786403 ], [ -75.212483870693504, 40.015622236556602 ], [ -75.212513895600907, 40.015647136989799 ], [ -75.212543761066001, 40.015672165437202 ], [ -75.212573469565001, 40.015697318349702 ], [ -75.212603027053106, 40.0157225931559 ], [ -75.2126324313233, 40.015747986203202 ], [ -75.212661691876903, 40.015773494097601 ], [ -75.212690808680193, 40.015799117739597 ], [ -75.2127197855486, 40.015824849104597 ], [ -75.212748624823703, 40.015850688244299 ], [ -75.212777331357103, 40.015876630761198 ], [ -75.212805906353395, 40.015902675780801 ], [ -75.212834354765107, 40.015928816204898 ], [ -75.212862677729305, 40.015955052959498 ], [ -75.212890880097703, 40.015981381646903 ], [ -75.212918965450001, 40.0160078005445 ], [ -75.212946935226299, 40.016034302475902 ], [ -75.212974793975306, 40.016060891145898 ], [ -75.213002544341506, 40.016087558503997 ], [ -75.213030187563007, 40.016114302775598 ], [ -75.213057733073995, 40.016141122367102 ], [ -75.213085177496396, 40.016168013600101 ], [ -75.213112525715403, 40.016194971176603 ], [ -75.213139781243498, 40.016221995174199 ], [ -75.2131669501033, 40.016249081220998 ], [ -75.213194031191094, 40.0162762274907 ], [ -75.213221028153995, 40.016303430459999 ], [ -75.213247948218907, 40.016330684882597 ], [ -75.213274791318597, 40.016357992559001 ], [ -75.213301561268295, 40.016385345464599 ], [ -75.213328259238907, 40.016412743625402 ], [ -75.213354890048294, 40.0164401835437 ], [ -75.213381458480896, 40.016467662622297 ], [ -75.213407967012898, 40.016495177312002 ], [ -75.213434416949596, 40.016522724037699 ], [ -75.213460814212695, 40.016550301128198 ], [ -75.213487157732104, 40.016577905856899 ], [ -75.213513455905598, 40.0166055330034 ], [ -75.213539708767001, 40.016633181667302 ], [ -75.213565919963102, 40.0166608483255 ], [ -75.213592091970497, 40.0166885294285 ], [ -75.213618231914893, 40.016716222430802 ], [ -75.213644338726596, 40.016743924605699 ], [ -75.213670414847996, 40.016771633304302 ], [ -75.213696466301698, 40.016799344154599 ], [ -75.213722495463003, 40.016827056308102 ], [ -75.213748506046201, 40.016854764440801 ], [ -75.213774499255905, 40.016882467678499 ], [ -75.213800482285393, 40.0169101616749 ], [ -75.213826455201897, 40.016937844629503 ], [ -75.213852418207196, 40.016965511140803 ], [ -75.2138783758502, 40.016993164913401 ], [ -75.213904247429298, 40.017020864531702 ], [ -75.213930007582803, 40.017048630158797 ], [ -75.213955658753207, 40.0170764591455 ], [ -75.213981206895596, 40.017104348920398 ], [ -75.214006655589998, 40.017132297760902 ], [ -75.214032007278803, 40.017160303017803 ], [ -75.214057265440999, 40.017188365669099 ], [ -75.214082434995305, 40.0172164795163 ], [ -75.214107518384594, 40.017244641910601 ], [ -75.214132520224794, 40.017272854756001 ], [ -75.214157441854894, 40.017301113576998 ], [ -75.214182286922195, 40.017329414850302 ], [ -75.214207062384304, 40.017357760531603 ], [ -75.214231769580394, 40.017386146145498 ], [ -75.214256412157596, 40.017414568168498 ], [ -75.214280994866598, 40.017443024903699 ], [ -75.214305521219899, 40.0174715164286 ], [ -75.214329990248501, 40.017500037315898 ], [ -75.214354411218295, 40.017528590473198 ], [ -75.214378784432, 40.017557167798302 ], [ -75.214403113334996, 40.017585771169301 ], [ -75.214427406257897, 40.017614397166 ], [ -75.214451660926102, 40.017643043936502 ], [ -75.214475884499393, 40.017671708034698 ], [ -75.214500078182397, 40.017700388586199 ], [ -75.214524246725603, 40.017729083894103 ], [ -75.214548393742803, 40.0177577913351 ], [ -75.2145725228808, 40.0177865073858 ], [ -75.214596637652505, 40.017815232123603 ], [ -75.214620741704906, 40.017843962025303 ], [ -75.214644838651495, 40.017872694467499 ], [ -75.214668243076005, 40.017900610624999 ], [ -75.214693023104303, 40.017930162730799 ], [ -75.214717117837594, 40.017958893305497 ], [ -75.2147412221601, 40.017987618680401 ], [ -75.214765334934498, 40.018016337929403 ], [ -75.214789463421496, 40.018045044905698 ], [ -75.214813606315801, 40.018073743184601 ], [ -75.214837772116198, 40.018102424844699 ], [ -75.214861964234302, 40.018131092664198 ], [ -75.214886182905701, 40.018159740341403 ], [ -75.214910433884, 40.018188370706198 ], [ -75.214934720984303, 40.0182169757339 ], [ -75.2149590452767, 40.0182455581512 ], [ -75.214983413954698, 40.018274113611703 ], [ -75.215007830564602, 40.018302641292699 ], [ -75.215032294103693, 40.018331136667101 ], [ -75.215056811630802, 40.018359598989598 ], [ -75.215081385555195, 40.018388026511502 ], [ -75.215106021832, 40.018416416661204 ], [ -75.215130721733203, 40.018444766763501 ], [ -75.215155488771401, 40.0184730768962 ], [ -75.215180325523704, 40.018501340809102 ], [ -75.2152052389483, 40.018529560457601 ], [ -75.215230230384293, 40.0185577313663 ], [ -75.215255303411595, 40.018585851812297 ], [ -75.215280462747401, 40.018613920998398 ], [ -75.215305710901802, 40.018641934475099 ], [ -75.215331051387295, 40.018669892319998 ], [ -75.215356487851196, 40.018697791009401 ], [ -75.215382023873502, 40.018725628820199 ], [ -75.215407664238697, 40.018753403155102 ], [ -75.215433411355704, 40.018781112265103 ], [ -75.215459268771198, 40.018808755327399 ], [ -75.215485238994802, 40.018836327892501 ], [ -75.2155113290857, 40.018863829214901 ], [ -75.215537539212093, 40.018891254793303 ], [ -75.2155638740239, 40.018918605631299 ], [ -75.215590339476506, 40.018945879157201 ], [ -75.215616933295607, 40.018973073518801 ], [ -75.215643665117199, 40.0190001817206 ], [ -75.215670534739601, 40.019027209164101 ], [ -75.215697545944707, 40.019054148724699 ], [ -75.215724715427598, 40.019080992661699 ], [ -75.215752100568096, 40.0191077107064 ], [ -75.215779701433405, 40.019134301058102 ], [ -75.215807514443895, 40.0191607654397 ], [ -75.215835532439598, 40.019187107297 ], [ -75.215863752877198, 40.0192133319796 ], [ -75.215865161125507, 40.019214628060702 ], [ -75.2158921687315, 40.019239439332601 ], [ -75.215920771637897, 40.019265433675997 ], [ -75.215949560257798, 40.019291319485198 ], [ -75.215978526327604, 40.019317098379702 ], [ -75.216007663959203, 40.019342771130397 ], [ -75.216036971712896, 40.019368344913403 ], [ -75.216066440221596, 40.019393819521902 ], [ -75.216096063429106, 40.019419200228199 ], [ -75.216125837721805, 40.019444489655299 ], [ -75.216155756007197, 40.019469689448599 ], [ -75.2161858146047, 40.019494804031801 ], [ -75.216216008763197, 40.019519835101903 ], [ -75.216246331289497, 40.019544787005103 ], [ -75.216276772715304, 40.019569662235497 ], [ -75.216307335214694, 40.019594465345797 ], [ -75.216338005907602, 40.0196191960517 ], [ -75.216368782250498, 40.019643859703102 ], [ -75.216399661834501, 40.019668458048798 ], [ -75.216430636227898, 40.019692997209503 ], [ -75.216461698371702, 40.019717477930499 ], [ -75.216492843515098, 40.019741901908901 ], [ -75.216524067977304, 40.019766273568301 ], [ -75.2165553646321, 40.019790595454602 ], [ -75.216586729832201, 40.019814871091199 ], [ -75.216618154042493, 40.019839104772501 ], [ -75.216649636058307, 40.019863297373199 ], [ -75.216681166344301, 40.0198874531876 ], [ -75.2167127424581, 40.019911574864899 ], [ -75.216744358410395, 40.019935665876901 ], [ -75.2167760071423, 40.019959726968899 ], [ -75.216807683701205, 40.019983765239502 ], [ -75.216839383437204, 40.020007779685201 ], [ -75.216871100293901, 40.020031775578403 ], [ -75.216902827111596, 40.020055756364997 ], [ -75.216934559139304, 40.020079723742199 ], [ -75.216966293867202, 40.0201036821598 ], [ -75.216998021894298, 40.020127632311301 ], [ -75.217029739539896, 40.020151578620499 ], [ -75.217061438473095, 40.0201755245076 ], [ -75.217093117422095, 40.020199472647697 ], [ -75.217124769227198, 40.020223426486901 ], [ -75.2171563867618, 40.020247388570802 ], [ -75.217187965241607, 40.020271361497102 ], [ -75.2172195021231, 40.020295350615598 ], [ -75.2172510331051, 40.020319341396899 ], [ -75.217282581774001, 40.020343329855997 ], [ -75.217314146992507, 40.020367315067098 ], [ -75.217345730032406, 40.020391294355001 ], [ -75.217377333235405, 40.020415267771398 ], [ -75.217408954326999, 40.020439233464103 ], [ -75.217440600366203, 40.020463190687899 ], [ -75.217472267974699, 40.0204871357641 ], [ -75.217503957186096, 40.020511067792398 ], [ -75.217535672683994, 40.020534986876299 ], [ -75.217567414502199, 40.020558892115503 ], [ -75.217599181536798, 40.020582781683402 ], [ -75.217630977434894, 40.0206066520566 ], [ -75.217662801059205, 40.020630502308897 ], [ -75.217694654684493, 40.020654334292502 ], [ -75.217726538478601, 40.020678143506203 ], [ -75.217758453612504, 40.020701929975502 ], [ -75.217790402528706, 40.020725691051503 ], [ -75.217822385227507, 40.020749426734 ], [ -75.217854401775696, 40.020773135222598 ], [ -75.217886454582498, 40.020796814768403 ], [ -75.217918543681606, 40.020820464470901 ], [ -75.217950672719894, 40.020844080806697 ], [ -75.217982836845806, 40.0208676681737 ], [ -75.2180150445582, 40.020891218650398 ], [ -75.218047291173207, 40.020914732133299 ], [ -75.218079580102994, 40.020938211400697 ], [ -75.218111912719905, 40.020961651076803 ], [ -75.218144289023897, 40.020985051161603 ], [ -75.218176709115795, 40.021008408954302 ], [ -75.218209176441107, 40.021031726332801 ], [ -75.218241689996901, 40.021054998769898 ], [ -75.218274252192202, 40.021078224516799 ], [ -75.2183068653015, 40.021101405425497 ], [ -75.218339525946504, 40.021124537817499 ], [ -75.218372238844495, 40.021147620895803 ], [ -75.218405004096098, 40.021170651959601 ], [ -75.218437821701301, 40.0211936310087 ], [ -75.218470694069197, 40.021216556294299 ], [ -75.218503622337096, 40.021239428742497 ], [ -75.218536604364502, 40.021262242899901 ], [ -75.218569646006102, 40.021284998895602 ], [ -75.218602747261897, 40.0213076967296 ], [ -75.218635905890693, 40.021330333649303 ], [ -75.218669125472303, 40.021352907931799 ], [ -75.218702403631497, 40.0213754204255 ], [ -75.218735747528001, 40.0213978676842 ], [ -75.218769153716195, 40.021420247829901 ], [ -75.218802625641601, 40.021442562740603 ], [ -75.218836162334796, 40.021464806988703 ], [ -75.218869766137601, 40.021486980626001 ], [ -75.218903434674502, 40.021509084500899 ], [ -75.218937172797098, 40.0215311142153 ], [ -75.218970982880805, 40.021553068920497 ], [ -75.219004862549994, 40.021574949465197 ], [ -75.219038890128004, 40.0215967296445 ], [ -75.219073192483705, 40.021618369907699 ], [ -75.219081698051994, 40.021623654316102 ], [ -75.219107762091994, 40.021639852068702 ], [ -75.219142599322097, 40.021661166224298 ], [ -75.219177700094406, 40.021682296066501 ], [ -75.219213062536795, 40.0217032289397 ], [ -75.219248683639904, 40.021723951262601 ], [ -75.219284561598897, 40.021744448579 ], [ -75.219320692199503, 40.021764708181898 ], [ -75.219357072566595, 40.021784712888802 ], [ -75.219393703069102, 40.021804452796502 ], [ -75.219398289876395, 40.0218068748473 ], [ -75.219430574909893, 40.021823912394098 ], [ -75.219467690933797, 40.021843078228898 ], [ -75.2195050446186, 40.021861936642097 ], [ -75.219542637638199, 40.021880474155303 ], [ -75.219580462332502, 40.021898676183703 ], [ -75.219618519271705, 40.021916527422498 ], [ -75.219656804174306, 40.021934016965197 ], [ -75.219695314097606, 40.021951129429802 ], [ -75.219734048339902, 40.021967852186698 ], [ -75.219773002753797, 40.021984170728203 ], [ -75.219812174329405, 40.022000071473002 ], [ -75.219851560157096, 40.022015538138596 ], [ -75.219891157126298, 40.022030559844502 ], [ -75.219930964568604, 40.0220451230606 ], [ -75.219970980141497, 40.022059227735298 ], [ -75.220011227655704, 40.022072958185603 ], [ -75.220051694461503, 40.022086339360598 ], [ -75.220092373998995, 40.022099390036502 ], [ -75.220133256497405, 40.022112120809801 ], [ -75.220174328371101, 40.022124550302003 ], [ -75.220215584365505, 40.022136693714003 ], [ -75.2202570134383, 40.022148564317398 ], [ -75.220298602037403, 40.022160179833399 ], [ -75.220340346112806, 40.022171554588603 ], [ -75.220382231008799, 40.022182704477999 ], [ -75.220424247991403, 40.022193643724997 ], [ -75.220466387088806, 40.022204388327602 ], [ -75.220508639500096, 40.022214954310101 ], [ -75.220550992944993, 40.022225356718501 ], [ -75.2205934398945, 40.022235608902101 ], [ -75.220635968001204, 40.022245727707599 ], [ -75.220678571977203, 40.022255729236498 ], [ -75.220721235996095, 40.022265629358103 ], [ -75.220763953733297, 40.022275440546899 ], [ -75.220806714012596, 40.022285179675698 ], [ -75.220849505657895, 40.022294863617297 ], [ -75.220892321140198, 40.022304505720797 ], [ -75.220935150488003, 40.0223141219845 ], [ -75.220977981421399, 40.022323727455003 ], [ -75.221020806344399, 40.022333337281701 ], [ -75.221063614047495, 40.022342969237997 ], [ -75.221106393589693, 40.022352633894798 ], [ -75.221149136036203, 40.022362350877302 ], [ -75.221191833825003, 40.022372134435102 ], [ -75.221234473538701, 40.022381998688502 ], [ -75.221277047514604, 40.022391960588102 ], [ -75.221319543506596, 40.022402034279999 ], [ -75.221361953885406, 40.022412235814301 ], [ -75.221404265234, 40.022422579311701 ], [ -75.221446778895398, 40.0224326515428 ], [ -75.221489972382102, 40.022441777362502 ], [ -75.221533735775495, 40.022450107519496 ], [ -75.221577946911594, 40.022457806908797 ], [ -75.221622482455501, 40.0224650404 ], [ -75.221667221314306, 40.022471975614998 ], [ -75.221712040254403, 40.022478774722899 ], [ -75.221756819354496, 40.022485605371898 ], [ -75.221801434076895, 40.022492633306697 ], [ -75.221845762259605, 40.022500023423497 ], [ -75.221889686424902, 40.022507940721901 ], [ -75.221933078489798, 40.022516551769897 ], [ -75.221975818601805, 40.022526022416301 ], [ -75.222017783496497, 40.022536515731503 ], [ -75.222058854425796, 40.022548199390897 ], [ -75.222098905716905, 40.022561238214401 ], [ -75.222137817484693, 40.022575798951301 ], [ -75.222175465261003, 40.022592045547398 ], [ -75.222211729228206, 40.022610142951898 ], [ -75.2222469761074, 40.022629590175001 ], [ -75.222281879812499, 40.0226494731236 ], [ -75.222316457676001, 40.022669766951502 ], [ -75.222350727933403, 40.0226904540405 ], [ -75.222384699485801, 40.022711515665897 ], [ -75.222418395218696, 40.022732935212503 ], [ -75.222451819282298, 40.022754695653198 ], [ -75.222484992253797, 40.0227767794211 ], [ -75.222517927684507, 40.022799168794698 ], [ -75.222550636783794, 40.022821846001001 ], [ -75.222583136548806, 40.022844795196299 ], [ -75.222615442906303, 40.022867997810501 ], [ -75.222647567065707, 40.022891436070303 ], [ -75.222679523715598, 40.022915093180302 ], [ -75.222711327511107, 40.022938953245202 ], [ -75.222742994445994, 40.022962995894098 ], [ -75.222774536800003, 40.0229872060806 ], [ -75.222805969328704, 40.023011565208499 ], [ -75.222837306720706, 40.023036056482098 ], [ -75.222868561289204, 40.023060663954602 ], [ -75.222899749061398, 40.023085366354799 ], [ -75.222930884625299, 40.023110149587801 ], [ -75.222961982702898, 40.023134995957697 ], [ -75.222993055708002, 40.023159886816799 ], [ -75.223024118362503, 40.023184804469103 ], [ -75.223055186459106, 40.023209733945201 ], [ -75.2230862712738, 40.023234655671303 ], [ -75.223117393349995, 40.023259552980399 ], [ -75.223148558008404, 40.023284408870701 ], [ -75.223179786996994, 40.0233092058007 ], [ -75.2232110903538, 40.023333925971301 ], [ -75.223242486313694, 40.023358551763799 ], [ -75.2232739837103, 40.023383066253402 ], [ -75.223305600745107, 40.023407452721699 ], [ -75.223337350968805, 40.023431693446803 ], [ -75.223369247966204, 40.023455769806397 ], [ -75.223401306392006, 40.0234796659051 ], [ -75.223433539830793, 40.023503363120497 ], [ -75.223465965312698, 40.0235268447084 ], [ -75.223498595184296, 40.0235500938212 ], [ -75.2235314418255, 40.023573092711104 ], [ -75.223564522299995, 40.023595823733501 ], [ -75.223597880070002, 40.023618252705504 ], [ -75.223631650673298, 40.023640296113001 ], [ -75.223665821696201, 40.0236619726033 ], [ -75.223700363895702, 40.023683312166902 ], [ -75.223735238627299, 40.0237043454879 ], [ -75.223770415410002, 40.023725104331596 ], [ -75.223805857974796, 40.023745618533503 ], [ -75.223841535941403, 40.0237659171583 ], [ -75.223877414044097, 40.023786034568701 ], [ -75.223913458490202, 40.023805997050999 ], [ -75.223927920420294, 40.023813929492697 ], [ -75.223949636356096, 40.0238258390198 ], [ -75.223985913715197, 40.023845590362598 ], [ -75.224022257811299, 40.023865280992702 ], [ -75.224058633513394, 40.023884941672002 ], [ -75.224095008031995, 40.023904603214397 ], [ -75.224131347373401, 40.0239242973079 ], [ -75.224167621191, 40.023944052117002 ], [ -75.224203791910796, 40.0239639010532 ], [ -75.224239825572795, 40.023983874904502 ], [ -75.224301638650502, 40.024018745178097 ], [ -75.224337702686697, 40.024038628664897 ], [ -75.224373759382999, 40.024058520988298 ], [ -75.224409807534997, 40.024078423022999 ], [ -75.224445848313707, 40.024098334794701 ], [ -75.224481881853094, 40.024118252702401 ], [ -75.224517906848206, 40.024138180321302 ], [ -75.224553926912606, 40.024158115028001 ], [ -75.224589938499705, 40.0241780576455 ], [ -75.224625944018499, 40.024198006424797 ], [ -75.224661945777498, 40.024217962317501 ], [ -75.224697939092806, 40.024237925220802 ], [ -75.224733927510798, 40.024257894311603 ], [ -75.224769911098505, 40.024277867789401 ], [ -75.224805889788897, 40.024297847454797 ], [ -75.224841864820107, 40.024317831532898 ], [ -75.224877834987495, 40.024337820898303 ], [ -75.224913801495603, 40.024357814676399 ], [ -75.224949763206993, 40.024377811941399 ], [ -75.224985723567599, 40.024397814570797 ], [ -75.225021680369494, 40.024417818912298 ], [ -75.225057634783496, 40.024437824991502 ], [ -75.225093585538303, 40.024457835483602 ], [ -75.225129535042697, 40.0244778486393 ], [ -75.225165484568507, 40.0244978617838 ], [ -75.2252014316729, 40.024517877566403 ], [ -75.2252373763896, 40.024537895086702 ], [ -75.225273321060399, 40.024557914396198 ], [ -75.225309264648502, 40.024577931868201 ], [ -75.225345208224198, 40.0245979502292 ], [ -75.225381152958704, 40.024617969505002 ], [ -75.225417096543396, 40.024637988743699 ], [ -75.2254530425582, 40.024658006222197 ], [ -75.225488988661198, 40.024678021888803 ], [ -75.225524935989895, 40.024698036669697 ], [ -75.2255608834067, 40.0247180496388 ], [ -75.225596835595695, 40.024738060899097 ], [ -75.225632789077395, 40.024758069473002 ], [ -75.225668745089706, 40.0247780735859 ], [ -75.225704703498593, 40.024798076838799 ], [ -75.225740665575699, 40.0248180765565 ], [ -75.225776630216799, 40.0248380709128 ], [ -75.225812599697093, 40.024858061759801 ], [ -75.225848574050005, 40.024878048197202 ], [ -75.2258845509335, 40.024898030173503 ], [ -75.225920533893998, 40.024918006865498 ], [ -75.225956520656595, 40.024937976421498 ], [ -75.225992513462799, 40.024957941593499 ], [ -75.2260285123796, 40.024977900581099 ], [ -75.226064516302799, 40.024997851558098 ], [ -75.226100526303, 40.025017797250797 ], [ -75.226136543718795, 40.025037733183801 ], [ -75.226172567178097, 40.025057664732799 ], [ -75.226208596881804, 40.025077586496302 ], [ -75.226244636275993, 40.025097500352103 ], [ -75.226280681847697, 40.025117406222897 ], [ -75.226316736005899, 40.025137302359603 ], [ -75.226352798750398, 40.025157188762201 ], [ -75.226388868876796, 40.025177066305297 ], [ -75.226424948794104, 40.025196933239798 ], [ -75.226461038468898, 40.025216790465898 ], [ -75.226497137967897, 40.025236636183202 ], [ -75.226533246086802, 40.025256471266097 ], [ -75.226569366372104, 40.025276294891597 ], [ -75.226605495310594, 40.025296106982402 ], [ -75.226641635211095, 40.025315908490199 ], [ -75.226677787378193, 40.0253356958399 ], [ -75.226713949436501, 40.025355469879997 ], [ -75.2267501236946, 40.025375231562499 ], [ -75.226786311357003, 40.025394980012599 ], [ -75.2268225101149, 40.025414714278703 ], [ -75.226858721106197, 40.025434435286698 ], [ -75.226894945568503, 40.025454141261903 ], [ -75.226931183502003, 40.025473832204298 ], [ -75.226967434906598, 40.025493508113698 ], [ -75.227003700953304, 40.025513169016001 ], [ -75.227039978162594, 40.025532813933701 ], [ -75.227076273560499, 40.025552443021098 ], [ -75.227112581325301, 40.025572055249299 ], [ -75.227148906141096, 40.025591650721303 ], [ -75.227185244494905, 40.025611229359697 ], [ -75.227221599966697, 40.025630789441401 ], [ -75.227257968942993, 40.025650333589802 ], [ -75.227294357446098, 40.025669857432199 ], [ -75.227330760724996, 40.025689362666299 ], [ -75.227367182225905, 40.025708851169803 ], [ -75.227403618603006, 40.025728318364102 ], [ -75.227440075611099, 40.025747767078599 ], [ -75.227476557097603, 40.025767188388002 ], [ -75.227513062895397, 40.025786586793402 ], [ -75.227549588320301, 40.025805962191903 ], [ -75.2275861381233, 40.0258253128859 ], [ -75.227622709995799, 40.025844637923598 ], [ -75.227659304975006, 40.025863940931998 ], [ -75.227695921956794, 40.025883220084502 ], [ -75.227732559770004, 40.025902475355501 ], [ -75.227769220723303, 40.025921707696803 ], [ -75.227805903679197, 40.025940916182101 ], [ -75.227842609842, 40.025960099937201 ], [ -75.227879334393705, 40.025979262459998 ], [ -75.227916082152404, 40.025998400252298 ], [ -75.227952848333501, 40.026017515912201 ], [ -75.227989637687998, 40.026036607741801 ], [ -75.228026448978, 40.026055677515998 ], [ -75.228063279928307, 40.026074723382798 ], [ -75.228082338793399, 40.0260845627244 ], [ -75.228100130471901, 40.026093747142802 ], [ -75.228137002917506, 40.026112749747497 ], [ -75.2281738938524, 40.026131728419003 ], [ -75.228210805618403, 40.026150683208797 ], [ -75.228247735773294, 40.026169616766197 ], [ -75.228284687829998, 40.026188529168202 ], [ -75.228321658342395, 40.026207418537297 ], [ -75.228358648448094, 40.026226285799297 ], [ -75.228395657009401, 40.0262451300284 ], [ -75.228432685097005, 40.026263953950902 ], [ -75.228469731640203, 40.026282754840302 ], [ -75.228506795367494, 40.026301535371701 ], [ -75.228543879892598, 40.026320292921497 ], [ -75.228580982772698, 40.026339030138999 ], [ -75.228618102937403, 40.026357744297599 ], [ -75.228655240319597, 40.026376437197897 ], [ -75.228692396023504, 40.026395110666002 ], [ -75.228729570182907, 40.026413761100997 ], [ -75.228766761526302, 40.026432391177799 ], [ -75.228803967711698, 40.0264510008451 ], [ -75.228841194694496, 40.026469587530599 ], [ -75.228878437589998, 40.026488156532999 ], [ -75.228915696598705, 40.026506702450803 ], [ -75.228952971586907, 40.0265252288848 ], [ -75.228990265030404, 40.026543732285603 ], [ -75.229027572044401, 40.026562217951799 ], [ -75.229064898584397, 40.026580683311103 ], [ -75.229102238862097, 40.026599126434597 ], [ -75.229139595085599, 40.0266175509745 ], [ -75.229176967322005, 40.026635955130502 ], [ -75.229214355604597, 40.026654338002203 ], [ -75.229251758628607, 40.026672703164898 ], [ -75.229289177732198, 40.0266910461431 ], [ -75.2293266104396, 40.026709370486302 ], [ -75.229364056817602, 40.026727674394003 ], [ -75.229401520312393, 40.026745959743899 ], [ -75.229438996273402, 40.026764225532801 ], [ -75.229476487075999, 40.026782470911797 ], [ -75.229513992653295, 40.026800697681601 ], [ -75.229551576674197, 40.026818832456797 ], [ -75.229589268413704, 40.026836844344999 ], [ -75.229627061916204, 40.026854735918398 ], [ -75.229664949787704, 40.0268725169257 ], [ -75.229702930689697, 40.026890191842199 ], [ -75.2297409949865, 40.026907767664397 ], [ -75.2297791412729, 40.026925250668398 ], [ -75.2298173599129, 40.026942647850497 ], [ -75.229855645988494, 40.026959965409802 ], [ -75.229893995752207, 40.026977209570902 ], [ -75.2299324007395, 40.026994387355998 ], [ -75.229970859545105, 40.027011505041102 ], [ -75.230009360257995, 40.027028567770699 ], [ -75.230047902577297, 40.0270455836474 ], [ -75.230086478004907, 40.027062560593301 ], [ -75.2301250841317, 40.027079500357601 ], [ -75.230163710017194, 40.027096413512297 ], [ -75.230202355427394, 40.027113306358999 ], [ -75.230241009722604, 40.027130181367298 ], [ -75.230279672434904, 40.027147051141 ], [ -75.230318334129095, 40.027163917274898 ], [ -75.230356989820095, 40.027180787768501 ], [ -75.230395634556402, 40.027197669721303 ], [ -75.230434262248906, 40.0272145693067 ], [ -75.230472866808398, 40.027231492697901 ], [ -75.230511442145698, 40.027248446068498 ], [ -75.230549985651294, 40.027265436569103 ], [ -75.230588486552193, 40.027282470270499 ], [ -75.230626943409703, 40.027299554349 ], [ -75.230665351372707, 40.027316693203197 ], [ -75.230703700738701, 40.027333895630299 ], [ -75.2307419877272, 40.027351168755402 ], [ -75.230780206382903, 40.027368515150798 ], [ -75.230818352825196, 40.027385944642603 ], [ -75.230856416347507, 40.027403461500697 ], [ -75.230894397686498, 40.027421077454498 ], [ -75.230932289849505, 40.027438791449597 ], [ -75.230970081862793, 40.027456614958403 ], [ -75.231007772388395, 40.027474552456397 ], [ -75.231045356508204, 40.027492610143099 ], [ -75.231082825724201, 40.027510795940898 ], [ -75.231120177494105, 40.027529115200203 ], [ -75.231157403319997, 40.027547575843698 ], [ -75.231194499488097, 40.0275661831961 ], [ -75.231231458705295, 40.027584944305403 ], [ -75.231268274915706, 40.027603864444799 ], [ -75.231304945510203, 40.027622950765398 ], [ -75.231341481329096, 40.027642195395998 ], [ -75.231377966985704, 40.027661529013798 ], [ -75.231414412149306, 40.027680943722103 ], [ -75.231450813273298, 40.027700440343899 ], [ -75.231487165606794, 40.027720020577199 ], [ -75.231523466740896, 40.027739686171302 ], [ -75.231559712058399, 40.027759435222798 ], [ -75.231595895570393, 40.027779271204402 ], [ -75.231632019452107, 40.027799198669001 ], [ -75.231668076877597, 40.027819212060898 ], [ -75.231704061757895, 40.027839317553699 ], [ -75.231739974126498, 40.027859514247098 ], [ -75.231775806856803, 40.027879804687899 ], [ -75.231811558744596, 40.027900189750802 ], [ -75.231847226310094, 40.027920668458499 ], [ -75.231882804702096, 40.027941245209703 ], [ -75.231918289236404, 40.027961919901898 ], [ -75.231953678675296, 40.027982694309898 ], [ -75.231988967163502, 40.0280035683055 ], [ -75.232024152292098, 40.028024543637798 ], [ -75.232059230447902, 40.028045622930797 ], [ -75.232094195775403, 40.028066806056302 ], [ -75.232129047037105, 40.028088094788998 ], [ -75.2321637795486, 40.028109489026598 ], [ -75.232198390834199, 40.028130992318601 ], [ -75.232227057642703, 40.0281489577184 ], [ -75.232232875072199, 40.028152603636698 ], [ -75.232267229820195, 40.028174325630403 ], [ -75.232301451498202, 40.028196160023299 ], [ -75.232335535455604, 40.028218105812599 ], [ -75.232369478012004, 40.028240167422702 ], [ -75.2324032768922, 40.028262343001799 ], [ -75.232436926207598, 40.028284633322102 ], [ -75.232470425791007, 40.028307042884798 ], [ -75.232503768616198, 40.028329571536197 ], [ -75.232536951136694, 40.028352220099499 ], [ -75.232569970943302, 40.028374990324302 ], [ -75.232602824523099, 40.028397882133497 ], [ -75.232635507091501, 40.028420898125397 ], [ -75.232668016272996, 40.0284440391491 ], [ -75.232700346112097, 40.028467307777198 ], [ -75.232732495537903, 40.028490701283303 ], [ -75.2327644584946, 40.028514224940899 ], [ -75.232796214072494, 40.028537905321599 ], [ -75.232827754443605, 40.028561763877903 ], [ -75.232859082250599, 40.0285857925589 ], [ -75.232890212851203, 40.028609988097401 ], [ -75.232921145474805, 40.028634339664798 ], [ -75.232951891932402, 40.028658844817102 ], [ -75.2329824631978, 40.028683492082102 ], [ -75.233012865159594, 40.028708280687901 ], [ -75.233043102936094, 40.028733199034001 ], [ -75.2330731884051, 40.028758242875703 ], [ -75.233103128826698, 40.028783406065401 ], [ -75.233132931494595, 40.028808681555098 ], [ -75.233162604873101, 40.028834062322403 ], [ -75.233192157393702, 40.0288595422452 ], [ -75.2332215951118, 40.028885116050503 ], [ -75.233250931310195, 40.028910773217397 ], [ -75.233280166022098, 40.028936512845704 ], [ -75.233309312563307, 40.028962323514399 ], [ -75.233338380436095, 40.028988201827801 ], [ -75.233367373487496, 40.029014138860298 ], [ -75.233396302457393, 40.029040129441498 ], [ -75.233425172230497, 40.029066168272301 ], [ -75.233453997260398, 40.029092244857701 ], [ -75.233482777647097, 40.029118356496703 ], [ -75.233511528915201, 40.029144495420901 ], [ -75.233540253673894, 40.029170654479302 ], [ -75.233568962730004, 40.029196826700897 ], [ -75.233597662105694, 40.029223007712702 ], [ -75.233626361503497, 40.029249188717202 ], [ -75.233655067012606, 40.029275363540897 ], [ -75.233683788201802, 40.029301526987602 ], [ -75.233712535877899, 40.029327672086097 ], [ -75.233741312683705, 40.029353790785301 ], [ -75.233770130463299, 40.029379879740702 ], [ -75.233798995472796, 40.029405928277498 ], [ -75.233827917247794, 40.029431932099399 ], [ -75.233856901910599, 40.029457884132803 ], [ -75.233885959030403, 40.029483779181099 ], [ -75.233915095933995, 40.029509609295999 ], [ -75.233944322223707, 40.029535368380699 ], [ -75.233973642917604, 40.029561047535303 ], [ -75.234003068622499, 40.029586645190001 ], [ -75.234032606698406, 40.029612152496099 ], [ -75.2340622644723, 40.029637561504998 ], [ -75.234092051546696, 40.029662866119899 ], [ -75.234121974043902, 40.029688059267201 ], [ -75.234152041499598, 40.0297131366504 ], [ -75.234182261240605, 40.029738090321203 ], [ -75.234212641698207, 40.029762914156898 ], [ -75.234243191337001, 40.029787601135197 ], [ -75.234273916246195, 40.029812145082197 ], [ -75.234304827232407, 40.029836539026498 ], [ -75.234335930384901, 40.0298607767945 ], [ -75.234367234134695, 40.029884852263599 ], [ -75.234398748151094, 40.029908757536703 ], [ -75.234430477351907, 40.029932486414197 ], [ -75.234462432510597, 40.029956032825098 ], [ -75.234494611151504, 40.029979400318901 ], [ -75.234526943448898, 40.0300026387226 ], [ -75.234559414715704, 40.030025764833297 ], [ -75.234592022542998, 40.0300487804002 ], [ -75.234624759737201, 40.030071689770402 ], [ -75.234657625027296, 40.030094495619103 ], [ -75.234690612524204, 40.030117198718202 ], [ -75.234723722027695, 40.030139804469101 ], [ -75.234756948686694, 40.030162317270403 ], [ -75.234790286712297, 40.030184735193401 ], [ -75.234823734666605, 40.030207065414302 ], [ -75.234857287831602, 40.030229308730704 ], [ -75.234862609186294, 40.030232813000602 ], [ -75.234890942527301, 40.030251469566799 ], [ -75.234924696311296, 40.030273550572304 ], [ -75.2349585432613, 40.030295553419101 ], [ -75.234992483110602, 40.030317485309403 ], [ -75.235026511274597, 40.0303393434396 ], [ -75.235060620526696, 40.030361133057397 ], [ -75.2350948130088, 40.030382859615699 ], [ -75.235129080489799, 40.030404523835003 ], [ -75.2351634205274, 40.030426128364901 ], [ -75.235197830646001, 40.030447676755003 ], [ -75.235232306027598, 40.0304691725037 ], [ -75.235266843058895, 40.030490618234801 ], [ -75.235301439330797, 40.030512015697603 ], [ -75.235336088787804, 40.030533370165301 ], [ -75.235370792500802, 40.030554684364297 ], [ -75.235405542272105, 40.030575958115101 ], [ -75.2354403366637, 40.030597198594101 ], [ -75.235475169786596, 40.030618406573304 ], [ -75.235510040369803, 40.030639584727901 ], [ -75.235544944699697, 40.030660738382302 ], [ -75.235579876920795, 40.030681867408497 ], [ -75.235614834490704, 40.0307029771567 ], [ -75.2356498150005, 40.030724069376198 ], [ -75.235684815974594, 40.030745147616599 ], [ -75.235719829115098, 40.0307662143993 ], [ -75.235754855426407, 40.030787274251203 ], [ -75.235789887848398, 40.030808327918798 ], [ -75.235824926214406, 40.030829379903302 ], [ -75.235859962226598, 40.030850432726098 ], [ -75.235894996956006, 40.030871489113601 ], [ -75.235930024413705, 40.030892552538702 ], [ -75.235965040952806, 40.030913626525503 ], [ -75.236000043026806, 40.030934711897402 ], [ -75.236035026955605, 40.030955813078897 ], [ -75.236069992572396, 40.0309769345712 ], [ -75.236104930474994, 40.030998077069597 ], [ -75.236139839358898, 40.031019244149398 ], [ -75.2361747178862, 40.031040440286503 ], [ -75.236209557825902, 40.031061666201602 ], [ -75.236244361386596, 40.031082925547302 ], [ -75.236279120204102, 40.031104222645197 ], [ -75.236313831835901, 40.031125560145 ], [ -75.236348493906505, 40.031146938895802 ], [ -75.236383101531402, 40.031168364196603 ], [ -75.236417649926196, 40.031189838645801 ], [ -75.236452139057405, 40.031211363143697 ], [ -75.236486561665103, 40.031232943838397 ], [ -75.236520917649102, 40.031254583430702 ], [ -75.236555199982902, 40.031276281766999 ], [ -75.2365894060908, 40.031298045097799 ], [ -75.236623533630507, 40.031319873371999 ], [ -75.236657578755398, 40.031341775515401 ], [ -75.236691535776501, 40.031363746898599 ], [ -75.236725405731704, 40.031385791148402 ], [ -75.236759247806305, 40.031407860906398 ], [ -75.236793080133793, 40.031429941252497 ], [ -75.236826899100905, 40.031452034810698 ], [ -75.236860707216493, 40.0314741371309 ], [ -75.236894503209598, 40.031496250888303 ], [ -75.236928291797796, 40.031518375285202 ], [ -75.236962063612296, 40.0315405101165 ], [ -75.236995827988693, 40.031562656487502 ], [ -75.237029579104799, 40.031584813369797 ], [ -75.237063319336002, 40.0316069799145 ], [ -75.237097048649105, 40.031629157021698 ], [ -75.237130767010797, 40.031651345591897 ], [ -75.237164474454403, 40.031673544724697 ], [ -75.237198169842102, 40.031695753494297 ], [ -75.237231854278406, 40.0317179737267 ], [ -75.237265526658803, 40.031740203596001 ], [ -75.237299189292202, 40.031762444053498 ], [ -75.237332839836398, 40.031784695048103 ], [ -75.237366480633696, 40.031806956630902 ], [ -75.237400108204, 40.031829227825 ], [ -75.237433725993995, 40.0318515105077 ], [ -75.2374673328992, 40.0318738028529 ], [ -75.237500927781994, 40.031896103934599 ], [ -75.237534511713406, 40.0319184164793 ], [ -75.237568083588798, 40.031940738660801 ], [ -75.2376016457508, 40.031963070530502 ], [ -75.237635198132494, 40.031985413888798 ], [ -75.237668738558298, 40.032007764183199 ], [ -75.237702265623795, 40.03203012769 ], [ -75.237735784180302, 40.032052500010302 ], [ -75.237769290647606, 40.032074882867697 ], [ -75.237802786263501, 40.032097274487498 ], [ -75.237836270994706, 40.032119675769799 ], [ -75.237869746012393, 40.032142086740301 ], [ -75.2379032078031, 40.032164507322101 ], [ -75.237936659813599, 40.032186939392702 ], [ -75.237970099834897, 40.032209379299701 ], [ -75.238003530109395, 40.032231829795201 ], [ -75.238036948328102, 40.0322542899277 ], [ -75.238070356866601, 40.032276758848198 ], [ -75.238103753315997, 40.032299238306003 ], [ -75.238137140151693, 40.032321724751199 ], [ -75.238170513694001, 40.032344222608401 ], [ -75.2381813635144, 40.032351543494499 ], [ -75.238203879831602, 40.032366731105398 ], [ -75.238237232808999, 40.032389247413199 ], [ -75.238270574935001, 40.032411772483499 ], [ -75.238303907280894, 40.032434309042699 ], [ -75.238337227670996, 40.032456852538097 ], [ -75.238370537176493, 40.032479405696201 ], [ -75.238403835763904, 40.032501969417403 ], [ -75.238437124704504, 40.032524541026298 ], [ -75.238470401589396, 40.032547122272398 ], [ -75.238503668794095, 40.032569712306497 ], [ -75.238536923943002, 40.032592311977801 ], [ -75.238570169478393, 40.032614918636803 ], [ -75.238603404095798, 40.032637535858598 ], [ -75.238636627861894, 40.032660161843097 ], [ -75.238669839605606, 40.032682796564501 ], [ -75.238703041602605, 40.032705441874597 ], [ -75.238736234019299, 40.032728093271999 ], [ -75.238769414346905, 40.032750755206898 ], [ -75.238802583823301, 40.032773425904402 ], [ -75.238835743686096, 40.032796103589497 ], [ -75.238868892631004, 40.032818791837798 ], [ -75.238902029586896, 40.032841487922703 ], [ -75.238935156895806, 40.032864191895698 ], [ -75.238968272115798, 40.032886906406198 ], [ -75.239001378893306, 40.032909627929897 ], [ -75.2390344724773, 40.032932358165098 ], [ -75.239067557552303, 40.032955097214099 ], [ -75.239100633013805, 40.032977843250897 ], [ -75.239133696386304, 40.0330005998253 ], [ -75.239166750178498, 40.033023362487199 ], [ -75.239199891219101, 40.033046080194801 ], [ -75.239233160226306, 40.033068729511299 ], [ -75.239266542813397, 40.033091319132303 ], [ -75.239300024593405, 40.033113857752802 ], [ -75.239333593588498, 40.033136352318998 ], [ -75.2393672377207, 40.033158812477701 ], [ -75.239400940394106, 40.033181243271997 ], [ -75.239434690635406, 40.033203656174798 ], [ -75.239468474090998, 40.033226058981299 ], [ -75.2395022764739, 40.033248457686199 ], [ -75.239536085739502, 40.033270861035902 ], [ -75.239569886329804, 40.033293277700501 ], [ -75.239603668609107, 40.033315714677101 ], [ -75.239637416919507, 40.033338183336603 ], [ -75.239671117007404, 40.0333606887733 ], [ -75.2397047544857, 40.033383239682799 ], [ -75.2397383196856, 40.033405843962598 ], [ -75.239771795844504, 40.033428511157503 ], [ -75.239805172188895, 40.033451247338903 ], [ -75.2398384319564, 40.033474062051603 ], [ -75.239871564306696, 40.0334969631676 ], [ -75.239904556057397, 40.033519958507803 ], [ -75.239937391683696, 40.033543055842003 ], [ -75.239970060312203, 40.033566263942802 ], [ -75.240002544042596, 40.0335895914288 ], [ -75.240034835648004, 40.0336130435483 ], [ -75.240066915890395, 40.033636633395901 ], [ -75.240098775300496, 40.033660363467803 ], [ -75.240130396982707, 40.0336842469099 ], [ -75.240161772605404, 40.0337082871443 ], [ -75.240192882964095, 40.033732496365403 ], [ -75.240223718489503, 40.033756879770202 ], [ -75.240254263590202, 40.033781446929197 ], [ -75.240284506221599, 40.033806206589396 ], [ -75.240314433234303, 40.033831165671501 ], [ -75.240344029070201, 40.033856332845801 ], [ -75.240373280580201, 40.033881715033203 ], [ -75.240402176857302, 40.033907321906398 ], [ -75.240430703614393, 40.033933159460702 ], [ -75.240458845160106, 40.033959239967302 ], [ -75.240486564189297, 40.033985589640999 ], [ -75.240513859530594, 40.034012208456502 ], [ -75.240540746675507, 40.034039089544798 ], [ -75.240567246066306, 40.034066218936999 ], [ -75.240593374531898, 40.034093585288097 ], [ -75.240619154790494, 40.034121176480703 ], [ -75.240644598953097, 40.034148981968002 ], [ -75.240669731008893, 40.034176986957199 ], [ -75.240694567686802, 40.0342051828043 ], [ -75.240719125916002, 40.034233555463402 ], [ -75.240743424800996, 40.0342620954411 ], [ -75.240767487126703, 40.034290788819703 ], [ -75.240791326208594, 40.034319624177101 ], [ -75.240814961251303, 40.034348589319201 ], [ -75.240838414839999, 40.0343776757298 ], [ -75.240861699351996, 40.0344068656593 ], [ -75.240884838476802, 40.034436152417598 ], [ -75.240907847972494, 40.0344655219331 ], [ -75.240930747010296, 40.034494962911801 ], [ -75.240953555966399, 40.034524463185001 ], [ -75.240976290498494, 40.0345540113819 ], [ -75.240998969778303, 40.034583596208499 ], [ -75.241021614181705, 40.034613205496001 ], [ -75.2410442394999, 40.034642824272602 ], [ -75.241066867080207, 40.034672445796701 ], [ -75.241089513885299, 40.034702055121898 ], [ -75.241112197848693, 40.034731642729099 ], [ -75.241134939479807, 40.0347611928483 ], [ -75.2411577543036, 40.034790697709902 ], [ -75.241180663933804, 40.034820143369799 ], [ -75.241203685199807, 40.034849518482901 ], [ -75.241226838477701, 40.034878810880301 ], [ -75.241250139392307, 40.0349080100913 ], [ -75.241273608353097, 40.034937103046502 ], [ -75.241297263360707, 40.0349660784264 ], [ -75.241321122415698, 40.034994924910997 ], [ -75.241345205993895, 40.0350236276307 ], [ -75.241369530791701, 40.0350521788409 ], [ -75.241394116080897, 40.035080564546597 ], [ -75.241418979861805, 40.035108773427901 ], [ -75.241444141306303, 40.0351367941905 ], [ -75.241469618481702, 40.035164613713903 ], [ -75.241495429355197, 40.035192221578299 ], [ -75.241521594303094, 40.035219605614699 ], [ -75.241548130254699, 40.035246751776803 ], [ -75.241575056248607, 40.035273652371203 ], [ -75.241602384063697, 40.0353003058528 ], [ -75.241630094435095, 40.035326757751101 ], [ -75.241658175284897, 40.035353017713099 ], [ -75.241686614868399, 40.035379086382903 ], [ -75.241715406058503, 40.035404966307603 ], [ -75.241744533563406, 40.035430658955001 ], [ -75.241773990222995, 40.035456167772402 ], [ -75.241803763054406, 40.035481495179098 ], [ -75.241833843859396, 40.035506640995699 ], [ -75.241864219621803, 40.035531608541703 ], [ -75.241894880805802, 40.035556402113698 ], [ -75.241925818108399, 40.0355810197062 ], [ -75.241957021927206, 40.035605467416303 ], [ -75.241988477003403, 40.035629745811697 ], [ -75.242020176210005, 40.035653857439399 ], [ -75.242052108939802, 40.035677803869497 ], [ -75.242084261005303, 40.035701588396201 ], [ -75.242116628859506, 40.035725211842703 ], [ -75.242149195972601, 40.035748677451899 ], [ -75.242181952908496, 40.035771986819697 ], [ -75.242214890164504, 40.035795143342199 ], [ -75.242247997166402, 40.035818147689596 ], [ -75.242281262102296, 40.035841002306597 ], [ -75.242314676640802, 40.035863710615303 ], [ -75.242348227831897, 40.035886274134803 ], [ -75.2423819074439, 40.035908693586201 ], [ -75.242415700084806, 40.035930973138299 ], [ -75.2424496022075, 40.035953113614603 ], [ -75.242483598420094, 40.035975119184002 ], [ -75.242517679352801, 40.035996989641703 ], [ -75.242551835502596, 40.0360187283842 ], [ -75.242586052715296, 40.036040337805503 ], [ -75.242620367464497, 40.036061814196799 ], [ -75.242654838509793, 40.036083153434603 ], [ -75.242689459895402, 40.036104358091997 ], [ -75.242724229145793, 40.036125431718602 ], [ -75.242759140172097, 40.036146380488297 ], [ -75.242794186985194, 40.0361672078742 ], [ -75.242829368380399, 40.036187914750997 ], [ -75.242864675893202, 40.036208508141598 ], [ -75.242900105876899, 40.036228991570297 ], [ -75.242935654651404, 40.036249369461601 ], [ -75.242971318603395, 40.036269644439599 ], [ -75.243007089401303, 40.036289819926097 ], [ -75.243042964469794, 40.036309902171901 ], [ -75.243078937819703, 40.036329894650102 ], [ -75.243115005904102, 40.036349798184098 ], [ -75.243151163738801, 40.036369620774103 ], [ -75.243187406572403, 40.036389364118101 ], [ -75.243223727144795, 40.036409034364702 ], [ -75.243260125422694, 40.036428632414001 ], [ -75.243296592974801, 40.036448164388801 ], [ -75.243333125049602, 40.036467631987499 ], [ -75.243369719071893, 40.036487041460497 ], [ -75.243406369052707, 40.036506396281297 ], [ -75.243443070107503, 40.036525701748999 ], [ -75.243479816380102, 40.0365449577357 ], [ -75.243516606400107, 40.0365641723184 ], [ -75.2435534330737, 40.036583347144102 ], [ -75.243590291516398, 40.036602487512198 ], [ -75.243627176943605, 40.036621596021199 ], [ -75.243664084471007, 40.036640677970297 ], [ -75.243701011656199, 40.036659736009398 ], [ -75.243737951272607, 40.036678775386598 ], [ -75.243774898502195, 40.036697799600702 ], [ -75.243811850869605, 40.036716812201703 ], [ -75.243848798805601, 40.036735818386703 ], [ -75.243885742210296, 40.036754820856501 ], [ -75.243922675128005, 40.036773822184301 ], [ -75.243959591469903, 40.036792828543902 ], [ -75.243996488693995, 40.036811845286003 ], [ -75.244033358601698, 40.036830872231597 ], [ -75.244070200927197, 40.036849916583002 ], [ -75.244107008543395, 40.036868980887697 ], [ -75.244144019294794, 40.036887877522702 ], [ -75.244181491733997, 40.036906397692803 ], [ -75.244219396488404, 40.036924574994401 ], [ -75.244257692871997, 40.0369424319654 ], [ -75.244296345722404, 40.036960000273801 ], [ -75.244335316529799, 40.036977307009899 ], [ -75.244374572640695, 40.0369943793918 ], [ -75.244414074274204, 40.037011247184999 ], [ -75.244453788710402, 40.037027939408198 ], [ -75.244493678577598, 40.037044484077697 ], [ -75.244533706603804, 40.037060906508998 ], [ -75.244573836389094, 40.037077240145599 ], [ -75.244614033070505, 40.037093508553603 ], [ -75.244654260348, 40.037109742475899 ], [ -75.244694480816804, 40.037125970829202 ], [ -75.244734660685594, 40.037142219906201 ], [ -75.244774759002695, 40.037158519447502 ], [ -75.244814744285904, 40.037174896697003 ], [ -75.244854576755003, 40.037191381421103 ], [ -75.244894223723506, 40.037208001738499 ], [ -75.244933645543995, 40.037224783814601 ], [ -75.244972808225896, 40.0372417593439 ], [ -75.245011675668806, 40.037258953668001 ], [ -75.245050211573101, 40.037276397530199 ], [ -75.245088377495804, 40.037294116221197 ], [ -75.245126138341703, 40.037312139609703 ], [ -75.245163460153606, 40.0373304984901 ], [ -75.245200303317304, 40.037349218127801 ], [ -75.245236633942397, 40.037368327516702 ], [ -75.245272413486106, 40.037387854648699 ], [ -75.245307608024603, 40.037407829417901 ], [ -75.245342181390996, 40.037428278967099 ], [ -75.2453760950429, 40.037449231288001 ], [ -75.245409313918302, 40.0374707153494 ], [ -75.245441801817194, 40.037492759194102 ], [ -75.245473526053004, 40.0375153909416 ], [ -75.245504443365206, 40.037538639382099 ], [ -75.245534523409702, 40.037562532686202 ], [ -75.245563739721604, 40.037587089198297 ], [ -75.245592457284701, 40.0376120429762 ], [ -75.245620849773502, 40.037637261757602 ], [ -75.245648929232502, 40.037662736795298 ], [ -75.245676704092801, 40.037688461966702 ], [ -75.245704176863001, 40.037714432821502 ], [ -75.245731356074003, 40.0377406405361 ], [ -75.245758246543403, 40.037767081611797 ], [ -75.245784860349204, 40.037793746401299 ], [ -75.245811201170895, 40.037820630479999 ], [ -75.245837275064005, 40.037847728574199 ], [ -75.245863088216893, 40.037875031809001 ], [ -75.245888652574493, 40.037902534138198 ], [ -75.245913969440707, 40.037930231986401 ], [ -75.245939048484303, 40.037958117455602 ], [ -75.245963894722493, 40.037986181645401 ], [ -75.245988516453494, 40.038014422034003 ], [ -75.246012919898803, 40.038042828846201 ], [ -75.246037114561005, 40.038071398685403 ], [ -75.246061103081701, 40.038100123500399 ], [ -75.246084894996699, 40.038128998994203 ], [ -75.246108496527498, 40.038158015391701 ], [ -75.246131914867505, 40.038187168344898 ], [ -75.246155154967497, 40.038216450754 ], [ -75.246178226396395, 40.038245857421501 ], [ -75.246201135276294, 40.038275381273301 ], [ -75.246223886524604, 40.038305016109703 ], [ -75.246246490881504, 40.0383347567588 ], [ -75.2462689498836, 40.038364593343502 ], [ -75.246291276547595, 40.038394522543499 ], [ -75.246313473448097, 40.038424538108302 ], [ -75.246335547878402, 40.038454632988802 ], [ -75.246357508402497, 40.038484797461003 ], [ -75.246379359705401, 40.038515031627 ], [ -75.2464011115554, 40.038545324887998 ], [ -75.246422767665507, 40.038575671918899 ], [ -75.246444338842593, 40.038606065747501 ], [ -75.246465827628498, 40.038636501023298 ], [ -75.246487242487504, 40.038666970723 ], [ -75.246508591850798, 40.0386974687232 ], [ -75.246529880669101, 40.038727987924297 ], [ -75.246551116135905, 40.038758523977897 ], [ -75.246572306815196, 40.038789067159897 ], [ -75.246593457491599, 40.0388196148715 ], [ -75.246614575524802, 40.0388501582635 ], [ -75.246635668108198, 40.038880692987497 ], [ -75.246656741430201, 40.038911210168699 ], [ -75.246677802717699, 40.038941704558503 ], [ -75.246698861572895, 40.038972170059303 ], [ -75.246719920570996, 40.039002600420297 ], [ -75.246740989314404, 40.039032989543898 ], [ -75.246762073925098, 40.039063330355503 ], [ -75.246783179386895, 40.039093614854899 ], [ -75.246804315169499, 40.0391238405455 ], [ -75.246825487461393, 40.039153998552102 ], [ -75.246846702317896, 40.039184083600901 ], [ -75.246867969408299, 40.039214087793503 ], [ -75.246889292445204, 40.039244005805003 ], [ -75.246910562619107, 40.039273895630402 ], [ -75.246931364535598, 40.0393039914848 ], [ -75.246951682635697, 40.0393343020393 ], [ -75.246971549041206, 40.0393648144791 ], [ -75.246990990050705, 40.039395514962102 ], [ -75.247010035410398, 40.039426391522497 ], [ -75.247028717341806, 40.039457428645001 ], [ -75.2470470620773, 40.0394886142874 ], [ -75.247065101805205, 40.039519933834697 ], [ -75.247082862758106, 40.039551375244599 ], [ -75.247100377091002, 40.039582924802197 ], [ -75.247117673511795, 40.039614566915198 ], [ -75.247134779391402, 40.039646290467402 ], [ -75.247151728089193, 40.039678080868804 ], [ -75.247168545838207, 40.0397099260774 ], [ -75.247185263655595, 40.039741811452203 ], [ -75.247201909011807, 40.039773723175998 ], [ -75.247218514062396, 40.039805647533598 ], [ -75.247235105073301, 40.039837571582503 ], [ -75.247251712929298, 40.039869484282697 ], [ -75.247268368747498, 40.039901368292597 ], [ -75.247285098727801, 40.039933212469997 ], [ -75.247301936230201, 40.039965002225003 ], [ -75.247318904040398, 40.039996723638197 ], [ -75.247336040104102, 40.0400283649223 ], [ -75.247353367207097, 40.040059912157901 ], [ -75.247370917505194, 40.040091351629798 ], [ -75.247388720811799, 40.040122669571502 ], [ -75.247406804597702, 40.040153852165602 ], [ -75.247425199748307, 40.040184888372004 ], [ -75.247443936242902, 40.040215759922901 ], [ -75.2474630413532, 40.0402464584024 ], [ -75.247482546163894, 40.040276967368897 ], [ -75.247502479250599, 40.040307274830603 ], [ -75.247522870427204, 40.040337367021202 ], [ -75.247543749540398, 40.040367229273798 ], [ -75.247565145133095, 40.040396850497203 ], [ -75.2475870871517, 40.040426213323499 ], [ -75.247609604072693, 40.040455308462001 ], [ -75.247632725809396, 40.040484119445203 ], [ -75.247656482075996, 40.0405126352073 ], [ -75.247680748669197, 40.040540917913198 ], [ -75.247705179177402, 40.040569142917001 ], [ -75.247729757103201, 40.040597312562298 ], [ -75.247754484656497, 40.040625430501002 ], [ -75.247779355980995, 40.040653496605401 ], [ -75.2478043711764, 40.0406815081747 ], [ -75.247829531380901, 40.040709466134601 ], [ -75.247854830738305, 40.040737370357199 ], [ -75.2478802715911, 40.040765220893697 ], [ -75.247905848116204, 40.040793016716101 ], [ -75.247931561485103, 40.040820757849801 ], [ -75.247957410559806, 40.040848443368901 ], [ -75.2479833929645, 40.0408760741227 ], [ -75.248009507528096, 40.040903650085298 ], [ -75.248035752007695, 40.040931168504997 ], [ -75.248062125132407, 40.040958632056999 ], [ -75.248088625797493, 40.0409860389152 ], [ -75.248115252831894, 40.041013389053802 ], [ -75.248142003892895, 40.041040682421901 ], [ -75.248168877842602, 40.041067918093603 ], [ -75.248195872271907, 40.0410950978182 ], [ -75.248222987313994, 40.041122217994698 ], [ -75.248250219355199, 40.041149281247201 ], [ -75.2482775684621, 40.041176285775101 ], [ -75.248305034601501, 40.041203232478502 ], [ -75.248332613154801, 40.041230119454902 ], [ -75.248360302950601, 40.041256946678601 ], [ -75.248388103922693, 40.041283715950101 ], [ -75.248416015032504, 40.041310423642798 ], [ -75.248444031429003, 40.041337074155798 ], [ -75.248472154482698, 40.041363662113 ], [ -75.2485003829227, 40.041390190189603 ], [ -75.248528713268399, 40.041416657408803 ], [ -75.248557145519797, 40.041443063770402 ], [ -75.2485856761962, 40.041469408297601 ], [ -75.248614309949801, 40.041495691992701 ], [ -75.248643036272, 40.041521913725603 ], [ -75.248671858743094, 40.041548071772397 ], [ -75.248700774887794, 40.041574169683003 ], [ -75.248729783700796, 40.041600202930603 ], [ -75.248758881535394, 40.041626175039497 ], [ -75.248788070833697, 40.041652083359899 ], [ -75.248817348115196, 40.041677926915099 ], [ -75.248846709766397, 40.041703708329202 ], [ -75.248876155886705, 40.041729424901199 ], [ -75.248905687614396, 40.041755077557099 ], [ -75.2489352967836, 40.0417806652178 ], [ -75.248964989217399, 40.041806188911202 ], [ -75.248994759159004, 40.041831645808699 ], [ -75.249024606575304, 40.041857036810804 ], [ -75.249054527885804, 40.0418823636412 ], [ -75.249084525499597, 40.041907624550497 ], [ -75.249114593626402, 40.041932817610501 ], [ -75.249144734542597, 40.041957944672703 ], [ -75.249174942391605, 40.041983005609502 ], [ -75.249205220753694, 40.042007998696903 ], [ -75.249235563739006, 40.042032924707598 ], [ -75.249265971380794, 40.042057782741203 ], [ -75.249296441270104, 40.042082574547301 ], [ -75.249326975915295, 40.0421072956754 ], [ -75.249357568122704, 40.042131950473902 ], [ -75.249388216654495, 40.042156540717698 ], [ -75.249418906061706, 40.042181103911901 ], [ -75.249449629083998, 40.042205646205602 ], [ -75.249480388163803, 40.042230164948698 ], [ -75.249511180825607, 40.042254663691303 ], [ -75.249542011854302, 40.042279139834598 ], [ -75.249572877669493, 40.042303595102702 ], [ -75.249603778304404, 40.042328028595101 ], [ -75.249634711449701, 40.042352439360798 ], [ -75.249665678177095, 40.042376830125697 ], [ -75.249696682099994, 40.0424011982658 ], [ -75.249727720809602, 40.042425545530399 ], [ -75.2497587896205, 40.042449871817603 ], [ -75.249789894455603, 40.042474175454302 ], [ -75.249821032906098, 40.042498458190003 ], [ -75.249852203833697, 40.042522719098898 ], [ -75.249883408376704, 40.042546959106701 ], [ -75.249914646535004, 40.0425711782135 ], [ -75.249945915999106, 40.042595375467798 ], [ -75.249977217907301, 40.042619551795603 ], [ -75.250008553430803, 40.042643707222197 ], [ -75.250039920260207, 40.042667840796298 ], [ -75.250071318362302, 40.042691953418299 ], [ -75.250102750146098, 40.042716043338402 ], [ -75.250134211931794, 40.042740114981697 ], [ -75.250165705056602, 40.0427641638721 ], [ -75.250197229454002, 40.042788191810203 ], [ -75.250228785090997, 40.042812199696201 ], [ -75.250260369691304, 40.042836185678603 ], [ -75.250291986735704, 40.042860150734199 ], [ -75.250323635019598, 40.042884095737598 ], [ -75.250355313404995, 40.042908019763097 ], [ -75.250363149305599, 40.042913925966701 ], [ -75.250387020720495, 40.042931922785101 ], [ -75.250418758203594, 40.042955803028597 ], [ -75.250450524517404, 40.042979664969501 ], [ -75.250482320965801, 40.043003505032097 ], [ -75.250514146344401, 40.043027324091099 ], [ -75.250545999415294, 40.0430511239217 ], [ -75.250577882653999, 40.0430749009736 ], [ -75.250609795894704, 40.043098659748097 ], [ -75.250641736960503, 40.043122395693103 ], [ -75.250673705751893, 40.043146111509202 ], [ -75.250705702268903, 40.0431698071963 ], [ -75.250737725306905, 40.043193483629402 ], [ -75.250769780822296, 40.043217138234901 ], [ -75.250801858239797, 40.043240771683699 ], [ -75.250833965659297, 40.0432643868551 ], [ -75.250866100870695, 40.043287980096899 ], [ -75.250898261498193, 40.043311552258501 ], [ -75.250930448646798, 40.043335105165802 ], [ -75.250962663554205, 40.043358637043703 ], [ -75.250994905015901, 40.043382148767101 ], [ -75.251027170656002, 40.043405641185203 ], [ -75.251059462850407, 40.043429113448603 ], [ -75.2510646567534, 40.043432881745801 ], [ -75.251091781632297, 40.043452564657102 ], [ -75.251124124625704, 40.043475995660003 ], [ -75.251156495344702, 40.043499406533698 ], [ -75.251188889070903, 40.043522798076502 ], [ -75.251221309351294, 40.043546169464499 ], [ -75.251253751533696, 40.043569519695701 ], [ -75.251286220204193, 40.043592851572498 ], [ -75.251318715462105, 40.043616162394301 ], [ -75.251351232555606, 40.043639453859697 ], [ -75.251383773893906, 40.043662724218898 ], [ -75.251416339344303, 40.043685977073203 ], [ -75.251448926730006, 40.043709207870101 ], [ -75.251481539465402, 40.043732419386899 ], [ -75.251514175273996, 40.043755609772099 ], [ -75.251546833990403, 40.043778783526903 ], [ -75.251579514641904, 40.043801935224401 ], [ -75.251612218267297, 40.043825068491003 ], [ -75.251644943761505, 40.043848181500699 ], [ -75.2516776934673, 40.043871274304401 ], [ -75.251710464975602, 40.043894348651698 ], [ -75.251743257181403, 40.043917402716502 ], [ -75.251776071222906, 40.043940437424602 ], [ -75.251808907100099, 40.043963452775998 ], [ -75.251841763641593, 40.043986448745201 ], [ -75.251874642018706, 40.044009425357601 ], [ -75.251907541093303, 40.044032381687501 ], [ -75.251940460832202, 40.044055318635003 ], [ -75.251973400030806, 40.044078237075098 ], [ -75.252006359893798, 40.044101136132802 ], [ -75.252039341625604, 40.044124014933402 ], [ -75.252072342817101, 40.044146875226502 ], [ -75.252105363501499, 40.044169716111703 ], [ -75.252138403645702, 40.044192538489298 ], [ -75.252171462144602, 40.044215340533299 ], [ -75.252204541307705, 40.044238123195001 ], [ -75.2522376387261, 40.044260888223697 ], [ -75.252270754499094, 40.044283632918798 ], [ -75.252303887356007, 40.044306359955499 ], [ -75.252337040943402, 40.044329065809301 ], [ -75.252370213957306, 40.044351754055498 ], [ -75.252403402916897, 40.044374423717699 ], [ -75.252436610198004, 40.044397073946399 ], [ -75.252469834595999, 40.044419705616399 ], [ -75.252503077315495, 40.044442317852898 ], [ -75.252536337151994, 40.044464911530604 ], [ -75.252569613000205, 40.044487484823698 ], [ -75.252602905866098, 40.0445100422588 ], [ -75.252636215915103, 40.044532579334501 ], [ -75.2526695418765, 40.044555098726399 ], [ -75.252702885020994, 40.044577597758803 ], [ -75.252736244044897, 40.044600080007598 ], [ -75.252769619080496, 40.044622541871597 ], [ -75.2528030088571, 40.044644986026 ], [ -75.252836417021399, 40.044667408946303 ], [ -75.252869871210194, 40.044689792312298 ], [ -75.252903372694405, 40.044712133448897 ], [ -75.252936920269306, 40.044734433230701 ], [ -75.252970513935097, 40.044756691657703 ], [ -75.2530041559681, 40.0447789105813 ], [ -75.253037840577804, 40.044801088073498 ], [ -75.253071572317097, 40.044823227837398 ], [ -75.253105346566798, 40.044845327970499 ], [ -75.253139163260599, 40.044867390273197 ], [ -75.253173021161004, 40.044889416520597 ], [ -75.253206922676696, 40.044911404963202 ], [ -75.253240865365797, 40.044933358250603 ], [ -75.2532748469187, 40.044955275431597 ], [ -75.253308867269098, 40.044977158306899 ], [ -75.253342927588207, 40.044999006901797 ], [ -75.253377024328898, 40.0450208220402 ], [ -75.253411161005303, 40.045042603798301 ], [ -75.2534453304566, 40.045064355624497 ], [ -75.253479537500894, 40.045086074019601 ], [ -75.253513779662796, 40.045107762533597 ], [ -75.253548056975504, 40.045129420266299 ], [ -75.253582365858605, 40.045151048941698 ], [ -75.253616708688, 40.045172647710501 ], [ -75.253651083054606, 40.045194218322401 ], [ -75.253685490129897, 40.045215760802598 ], [ -75.253719926300306, 40.045237277775698 ], [ -75.253754392803501, 40.0452587674665 ], [ -75.253788889606398, 40.045280230775298 ], [ -75.253823415438006, 40.045301670377299 ], [ -75.253857966850802, 40.045323084395697 ], [ -75.253892547325407, 40.045344473807098 ], [ -75.253927154419998, 40.045365841261301 ], [ -75.253961785824799, 40.045387185807201 ], [ -75.253996442711198, 40.0454085074701 ], [ -75.254031123808502, 40.045429808925398 ], [ -75.254065827945197, 40.045451090147701 ], [ -75.254100555187705, 40.045472349336301 ], [ -75.254135304198897, 40.045493590967197 ], [ -75.254170075078207, 40.045514812339398 ], [ -75.254204866521704, 40.045536017028802 ], [ -75.254239676253107, 40.045557203183598 ], [ -75.254274506548597, 40.045578372655399 ], [ -75.254309355065601, 40.0455995253933 ], [ -75.2543442240475, 40.045620664148998 ], [ -75.254379106565295, 40.045641786068899 ], [ -75.254414005967703, 40.0456628957307 ], [ -75.254448921248795, 40.0456839886076 ], [ -75.254483851005403, 40.045705070975998 ], [ -75.254518795303795, 40.045726141035402 ], [ -75.254553753038707, 40.045747196959702 ], [ -75.254588724044694, 40.0457682432504 ], [ -75.254623706012097, 40.0457892789562 ], [ -75.254658700145399, 40.045810303202302 ], [ -75.254693703936198, 40.045831320439099 ], [ -75.254728717417706, 40.045852329766397 ], [ -75.254763740689199, 40.045873328483303 ], [ -75.254798771242307, 40.0458943210404 ], [ -75.254833810248599, 40.045915307462899 ], [ -75.254868854226899, 40.045936286774399 ], [ -75.2549039078297, 40.045957259976802 ], [ -75.254938966271993, 40.045978229669203 ], [ -75.254974027244302, 40.045999194900503 ], [ -75.255009094227503, 40.046020156647202 ], [ -75.255044162503197, 40.046041115707702 ], [ -75.255079234413898, 40.046062072133097 ], [ -75.255114308722099, 40.046083027698302 ], [ -75.255132785436501, 40.046094065122503 ], [ -75.255149383118294, 40.046103981452298 ], [ -75.255184457569101, 40.0461249342952 ], [ -75.255219534318201, 40.046145888978899 ], [ -75.255254607574798, 40.046166843575598 ], [ -75.255289680753705, 40.046187800862299 ], [ -75.255324750440195, 40.046208758061901 ], [ -75.255359816468697, 40.0462297196759 ], [ -75.255394878839198, 40.046250685704202 ], [ -75.255429937651002, 40.046271653445899 ], [ -75.255464989224393, 40.046292627326302 ], [ -75.255500037139896, 40.046313605620902 ], [ -75.255535075441102, 40.046334590903399 ], [ -75.255570108846896, 40.046355582375398 ], [ -75.255605131400699, 40.046376582610399 ], [ -75.255640147920801, 40.046397588109201 ], [ -75.255675153522901, 40.046418604171599 ], [ -75.255710148306406, 40.046439628096799 ], [ -75.255745132171896, 40.046460662585702 ], [ -75.255780103947998, 40.046481707612699 ], [ -75.255815063634799, 40.046502763177998 ], [ -75.255850008790205, 40.046523831931403 ], [ -75.2558849417901, 40.046544913023602 ], [ -75.255919859219702, 40.046566003677498 ], [ -75.255954761952395, 40.046587112020902 ], [ -75.255989647844004, 40.0466082326015 ], [ -75.256024515657003, 40.0466293671942 ], [ -75.256059367568795, 40.046650520351299 ], [ -75.256094201401893, 40.0466716875207 ], [ -75.256129014648195, 40.0466928731528 ], [ -75.256163807406907, 40.046714074546898 ], [ -75.256198581921595, 40.046735294454699 ], [ -75.2562333335067, 40.046756532774303 ], [ -75.256268064504994, 40.0467777895567 ], [ -75.256302772408304, 40.046799069252501 ], [ -75.256356079857397, 40.046831819493399 ], [ -75.256387857087603, 40.046855648405902 ], [ -75.256419665722902, 40.0468794527631 ], [ -75.256451508072999, 40.046903233516197 ], [ -75.256483381662605, 40.046926994215397 ], [ -75.256515285419695, 40.046950732134299 ], [ -75.256547219244993, 40.046974449973803 ], [ -75.256579179690505, 40.046998145857103 ], [ -75.256611166557704, 40.047021825185801 ], [ -75.256643179945797, 40.047045485258899 ], [ -75.256675219821801, 40.047069126976801 ], [ -75.256707280163198, 40.047092754713702 ], [ -75.256739363412095, 40.047116365819498 ], [ -75.256771467126498, 40.0471399629443 ], [ -75.256803590134894, 40.0471635460625 ], [ -75.256835731265895, 40.047187115148901 ], [ -75.256867891624793, 40.047210672029102 ], [ -75.256900066459806, 40.047234218402203 ], [ -75.256932256942406, 40.047257754293497 ], [ -75.256964459492096, 40.047281281427303 ], [ -75.256996675412694, 40.047304796227898 ], [ -75.257028903234996, 40.0473283067724 ], [ -75.257061140715606, 40.047351810309003 ], [ -75.257093385577605, 40.047375304986303 ], [ -75.257125639998605, 40.0473987953566 ], [ -75.257157900464406, 40.0474222813436 ], [ -75.257190164598995, 40.047445763796603 ], [ -75.257222434679093, 40.047469244567203 ], [ -75.257254706118403, 40.047492720852702 ], [ -75.257286979889599, 40.047516198080203 ], [ -75.257319256125299, 40.047539672648703 ], [ -75.257351529974301, 40.047563148957799 ], [ -75.257383801436703, 40.047586627007497 ], [ -75.257416069341005, 40.047610106772296 ], [ -75.257448334792599, 40.047633590078398 ], [ -75.257480593105797, 40.047657076823903 ], [ -75.257512846557105, 40.047680568860301 ], [ -75.257545090461093, 40.047704066085899 ], [ -75.257577327127507, 40.047727569451801 ], [ -75.257609550633006, 40.0477510806315 ], [ -75.257641766801697, 40.047774600652303 ], [ -75.257673965156897, 40.047798127485002 ], [ -75.257706153766307, 40.047821664908497 ], [ -75.2577383255353, 40.047845214570998 ], [ -75.257770481767594, 40.047868772896699 ], [ -75.257802619921804, 40.047892345236498 ], [ -75.2578347400312, 40.047915930690202 ], [ -75.257866839719696, 40.047939530107101 ], [ -75.257898918954297, 40.047963144387602 ], [ -75.257930974187801, 40.047986774355699 ], [ -75.257963007729799, 40.048010420962498 ], [ -75.257995019547394, 40.048034085108398 ], [ -75.258027001440496, 40.048057766615401 ], [ -75.2580589568242, 40.048081468260598 ], [ -75.258090885698607, 40.048105190044097 ], [ -75.2581227833779, 40.048128931864198 ], [ -75.258154649796097, 40.048152695521402 ], [ -75.258186487295902, 40.048176481066797 ], [ -75.258218292264004, 40.048200291124701 ], [ -75.258250061219002, 40.0482241247188 ], [ -75.258281794127996, 40.048247982749402 ], [ -75.258313490891794, 40.0482718679173 ], [ -75.258345149200593, 40.048295779271399 ], [ -75.258376770225794, 40.048319716837199 ], [ -75.258408350320806, 40.048343684139603 ], [ -75.258439889518797, 40.048367680278403 ], [ -75.258471386582301, 40.0483917070286 ], [ -75.258502837963803, 40.048415765214401 ], [ -75.258534247210605, 40.048439854011797 ], [ -75.258565609570994, 40.048463975119702 ], [ -75.258596923774505, 40.048488131213603 ], [ -75.258602929202794, 40.048492776291297 ], [ -75.258628188715505, 40.048512320467502 ], [ -75.2586594066711, 40.048536544732897 ], [ -75.258690570579304, 40.048560804757599 ], [ -75.258721683888396, 40.0485851024185 ], [ -75.2587527466316, 40.048609436815198 ], [ -75.258783749338207, 40.048633810445502 ], [ -75.258814702551007, 40.048658223537899 ], [ -75.2588455944896, 40.0486826776391 ], [ -75.258876427596107, 40.0487071700991 ], [ -75.258907203981906, 40.048731707270598 ], [ -75.2589379190605, 40.048756286351299 ], [ -75.258968573970193, 40.048780908266799 ], [ -75.258999165064594, 40.048805576542101 ], [ -75.259029692475707, 40.048830287576301 ], [ -75.259060153695501, 40.0488550458197 ], [ -75.259090549895504, 40.048879851297997 ], [ -75.2591208763899, 40.048904703909599 ], [ -75.259151137765102, 40.048929606456902 ], [ -75.259181318627398, 40.048954563111103 ], [ -75.259211411551604, 40.048979584523202 ], [ -75.259241416570603, 40.049004669793 ], [ -75.259271334888894, 40.049029818045497 ], [ -75.259301170086999, 40.049055027556598 ], [ -75.259330918617493, 40.049080299150397 ], [ -75.259360588878707, 40.049105627603197 ], [ -75.259390178461501, 40.049131014664702 ], [ -75.259419686194605, 40.049156460309597 ], [ -75.259449120476404, 40.049181959314097 ], [ -75.259478476488695, 40.049207515177798 ], [ -75.259507762663006, 40.049233121776602 ], [ -75.259536970667099, 40.049258782533897 ], [ -75.259566110004599, 40.049284494051797 ], [ -75.259595180675504, 40.049310256330401 ], [ -75.259624182812004, 40.0493360657686 ], [ -75.259653118690906, 40.049361924217997 ], [ -75.259681987272799, 40.049387828051898 ], [ -75.259710795553303, 40.049413778323 ], [ -75.259739541288795, 40.049439772280003 ], [ -75.259768225716698, 40.049465808147602 ], [ -75.259796852285106, 40.049491887802603 ], [ -75.259825421159405, 40.049518006743703 ], [ -75.259853933543994, 40.049544164095998 ], [ -75.259882392854095, 40.0495703626367 ], [ -75.259910799287894, 40.049596596964101 ], [ -75.259939154016905, 40.0496228671037 ], [ -75.259967459416899, 40.049649172205903 ], [ -75.259995715554098, 40.049675510470401 ], [ -75.260023927048096, 40.049701883799102 ], [ -75.260052092991799, 40.0497282849648 ], [ -75.260080214391294, 40.049754718493901 ], [ -75.260108294926397, 40.049781179961599 ], [ -75.260136334530799, 40.049807671168303 ], [ -75.260164334574199, 40.049834186737797 ], [ -75.260192299676305, 40.049860728572199 ], [ -75.260220225184398, 40.049887295669798 ], [ -75.260248119397701, 40.0499138855075 ], [ -75.260275978801701, 40.0499404980091 ], [ -75.260303808181604, 40.049967130575503 ], [ -75.260331606398793, 40.0499937822809 ], [ -75.260359378106003, 40.0500204541272 ], [ -75.260387122264007, 40.050047142488097 ], [ -75.260414842354095, 40.0500738483398 ], [ -75.2604425373369, 40.050100568056003 ], [ -75.260470210726794, 40.050127301712799 ], [ -75.260497863761302, 40.050154047535202 ], [ -75.260525496407297, 40.050180806423398 ], [ -75.260553113482899, 40.050207574877803 ], [ -75.260580713849507, 40.050234351972897 ], [ -75.260608298612496, 40.050261139534499 ], [ -75.260635872623098, 40.050287933162899 ], [ -75.260663433571196, 40.0503147319071 ], [ -75.260690984938094, 40.050341536743403 ], [ -75.260718529231994, 40.050368343221301 ], [ -75.260746065248398, 40.0503951522157 ], [ -75.260773596468496, 40.050421964703098 ], [ -75.260801124262102, 40.050448775306997 ], [ -75.2608286474577, 40.050475584002299 ], [ -75.260856174222297, 40.0505023918669 ], [ -75.260883698830995, 40.0505291951727 ], [ -75.260911224764897, 40.0505559948962 ], [ -75.260938758013594, 40.050582787563201 ], [ -75.260966295029604, 40.050609573997697 ], [ -75.260993838221907, 40.050636352450198 ], [ -75.261021392309402, 40.050663122121797 ], [ -75.261048952705295, 40.050689880210001 ], [ -75.261076528748205, 40.050716627818403 ], [ -75.261104114679995, 40.0507433621191 ], [ -75.261131717562407, 40.050770082364103 ], [ -75.261159332676598, 40.050796789352198 ], [ -75.261186879519798, 40.050823536299397 ], [ -75.261214320884903, 40.050850346726499 ], [ -75.261241662695099, 40.050877218959599 ], [ -75.261268906254003, 40.050904149423303 ], [ -75.261296059827899, 40.050931136494697 ], [ -75.261323124753304, 40.0509581756979 ], [ -75.261350108158098, 40.050985264484503 ], [ -75.261377011213597, 40.051012402879799 ], [ -75.261403839975401, 40.051039585609203 ], [ -75.261430599162296, 40.051066811874001 ], [ -75.261457292453798, 40.051094077248898 ], [ -75.261483923397293, 40.051121380909898 ], [ -75.261510499219696, 40.051148717607703 ], [ -75.261537019920993, 40.051176087342299 ], [ -75.261563493866603, 40.051203485789998 ], [ -75.261589923432297, 40.051230912101403 ], [ -75.261616314673802, 40.0512583610017 ], [ -75.261642671105506, 40.051285832566997 ], [ -75.261668992892197, 40.051313322296103 ], [ -75.2616952906764, 40.051340827716501 ], [ -75.261721566900107, 40.051368346178101 ], [ -75.261747823939302, 40.051395876831599 ], [ -75.261774070159305, 40.051423415353099 ], [ -75.261800304487707, 40.0514509590164 ], [ -75.261826535223904, 40.051478505298398 ], [ -75.261852764743907, 40.051506053349499 ], [ -75.2618789991363, 40.051533596994801 ], [ -75.261905241915301, 40.051561136310198 ], [ -75.261931496727499, 40.051588667770901 ], [ -75.261945678631406, 40.051603523101399 ], [ -75.261957769529602, 40.051616188802903 ], [ -75.261984063967603, 40.051643695881197 ], [ -75.262010383622496, 40.0516711872814 ], [ -75.262036733179997, 40.051698663104901 ], [ -75.2620631164516, 40.051726115325401 ], [ -75.262089541637906, 40.051753544120402 ], [ -75.262116008837907, 40.051780946789201 ], [ -75.262142522836399, 40.051808320732299 ], [ -75.262169089656197, 40.051835661575197 ], [ -75.262195710435606, 40.051862970243498 ], [ -75.262222395916197, 40.051890241563903 ], [ -75.262249143853893, 40.051917472784702 ], [ -75.262275962548301, 40.051944661382798 ], [ -75.262302851999493, 40.051971807358001 ], [ -75.262329821876406, 40.051998902810801 ], [ -75.262356874456103, 40.052025949592398 ], [ -75.262384015761, 40.052052943328299 ], [ -75.262411245890206, 40.052079881317603 ], [ -75.262438571905804, 40.052106762812102 ], [ -75.262465998724693, 40.052133581611301 ], [ -75.262493527551598, 40.052160336840302 ], [ -75.262521167824403, 40.0521870269014 ], [ -75.262548919675098, 40.052213648193302 ], [ -75.262576790198807, 40.052240199067803 ], [ -75.2626047232133, 40.052266708941801 ], [ -75.262632668195494, 40.052293212760603 ], [ -75.262660623974, 40.052319710498999 ], [ -75.262688592990898, 40.0523461995069 ], [ -75.262716572837107, 40.052372681534003 ], [ -75.262744562275103, 40.052399158355499 ], [ -75.262772563746907, 40.052425627321497 ], [ -75.262800575981998, 40.052452091107099 ], [ -75.262828600250998, 40.052478547037097 ], [ -75.262856634111799, 40.052504997761503 ], [ -75.262884678901003, 40.052531438804301 ], [ -75.262912734387399, 40.052557876467397 ], [ -75.262940799531805, 40.052584307124398 ], [ -75.262968875472495, 40.052610731700703 ], [ -75.262996961071195, 40.052637149271 ], [ -75.263025057367102, 40.0526635634615 ], [ -75.2630531622154, 40.052689968819898 ], [ -75.263081278998598, 40.052716369023301 ], [ -75.263109403063694, 40.0527427630701 ], [ -75.263137537892106, 40.052769151936602 ], [ -75.263165680002501, 40.052795534646499 ], [ -75.263193835219198, 40.052821912226598 ], [ -75.263221996513295, 40.052848284525098 ], [ -75.263250167432304, 40.052874650717598 ], [ -75.263278350286299, 40.052901011755097 ], [ -75.263306536907606, 40.0529273665598 ], [ -75.263334735430803, 40.052953717109901 ], [ -75.263362941170001, 40.0529800633037 ], [ -75.263391154190998, 40.053006403340802 ], [ -75.263419376837007, 40.053032737271899 ], [ -75.263447610180407, 40.053059067823099 ], [ -75.263475848429707, 40.053085393067299 ], [ -75.263504095099407, 40.053111713080199 ], [ -75.263532350156694, 40.053138028762298 ], [ -75.2635606124297, 40.053164340088202 ], [ -75.263588883123305, 40.053190646182998 ], [ -75.263617159861298, 40.053216947896303 ], [ -75.263645444953696, 40.053243246178901 ], [ -75.263673737328006, 40.053269538304797 ], [ -75.263702034542305, 40.0532958269239 ], [ -75.263730341315593, 40.053322111237598 ], [ -75.263758655304798, 40.053348391195001 ], [ -75.263786972962393, 40.053374667620297 ], [ -75.263815301317607, 40.053400940665803 ], [ -75.263843633440104, 40.0534272074784 ], [ -75.263871971475197, 40.053453473510402 ], [ -75.263900317963703, 40.053479733411002 ], [ -75.263928668087601, 40.053505990679803 ], [ -75.263957025460599, 40.053532242692 ], [ -75.263985388745894, 40.053558493923703 ], [ -75.264013758108803, 40.0535847398735 ], [ -75.264042132311602, 40.053610982316599 ], [ -75.264070513697405, 40.053637221303603 ], [ -75.264098896342702, 40.053663458508296 ], [ -75.264127289718402, 40.053689691432901 ], [ -75.264155684386694, 40.0537159216749 ], [ -75.264184085099302, 40.053742147535203 ], [ -75.264212490586004, 40.0537683716895 ], [ -75.264240899708199, 40.053794593211698 ], [ -75.264269314841798, 40.053820811252699 ], [ -75.264297735921005, 40.053847027612797 ], [ -75.264326159497102, 40.0538732404153 ], [ -75.264354587913203, 40.053899449711203 ], [ -75.2643830211032, 40.053925657300802 ], [ -75.264411455585801, 40.053951862207903 ], [ -75.264439898356798, 40.053978065484699 ], [ -75.264468341248801, 40.054004266053802 ], [ -75.264507040862, 40.054042113878801 ] ] ] } }
]
}
